avg_cycle_time,cycle_time_std,cycle_time_trend,throughput,temperature_mean,vibration_mean,utilization,current_cycle_time,high_risk
86.54,5.63,0.03,26.35,67.6,2.15,0.696,86.71,0
156.08,19.01,0.205,17.74,80.99,8.22,0.889,220.0,1
69.67,13.13,0.026,40.7,86.36,5.55,0.832,72.96,0
89.1,13.64,0.099,36.86,75.23,4.89,0.919,59.46,1
64.56,7.17,-0.018,42.17,57.15,3.57,0.758,60.19,0
62.65,7.88,-0.054,38.8,55.6,2.31,0.7,58.0,0
58.83,3.07,-0.016,28.75,48.69,1.2,0.487,55.87,0
120.06,23.99,0.253,26.88,72.85,5.02,0.951,105.14,1
82.67,13.05,0.085,31.44,83.07,6.51,0.772,48.45,0
98.34,12.84,0.142,29.19,85.27,3.68,0.845,105.84,1
43.27,4.02,-0.114,28.64,54.78,2.46,0.385,35.25,0
133.2,21.83,0.255,21.95,96.57,8.39,0.936,190.4,1
111.51,11.92,0.148,23.74,75.84,10.08,0.838,103.62,1
82.45,4.11,0.029,33.22,65.56,2.71,0.808,80.83,0
63.04,5.38,0.009,47.95,73.76,3.61,0.817,76.68,0
85.8,4.96,0.073,30.18,67.02,3.19,0.691,84.73,0
59.78,6.73,-0.006,38.98,70.53,2.75,0.659,57.93,0
84.69,6.43,-0.02,37.83,73.69,4.57,0.955,68.7,1
74.21,6.44,0.011,38.13,74.24,3.74,0.896,64.5,0
55.05,7.66,0.009,47.64,63.04,3.75,0.745,55.08,0
108.46,11.69,0.243,26.7,82.52,4.19,0.889,99.34,1
56.39,1.13,-0.165,26.97,51.4,1.04,0.418,51.83,0
72.53,3.03,-0.023,33.91,57.28,3.09,0.69,75.59,0
50.0,7.77,0.047,58.2,55.31,3.81,0.799,59.66,0
93.49,4.56,0.061,38.19,76.54,4.0,0.954,106.22,1
86.2,19.13,0.063,31.5,82.37,10.46,0.78,59.69,1
86.36,7.71,-0.088,27.48,55.47,2.12,0.689,92.66,0
70.66,9.4,0.089,44.53,80.14,3.34,0.876,99.8,1
93.8,9.23,0.238,27.11,80.49,4.97,0.827,98.45,1
52.25,2.34,-0.041,37.34,59.97,1.54,0.525,48.77,0
94.46,12.5,0.114,27.51,68.72,6.03,0.802,112.17,1
63.09,4.21,-0.07,41.83,57.59,2.47,0.77,57.94,0
52.18,3.53,-0.018,21.91,53.04,1.13,0.361,47.55,0
136.09,20.63,0.169,23.92,71.72,4.16,0.944,111.82,1
131.07,16.12,0.213,27.54,93.71,7.42,0.984,148.9,1
105.12,12.25,0.088,25.8,79.88,9.19,0.782,128.49,1
87.95,7.51,0.058,28.7,73.87,1.48,0.776,100.01,0
47.63,3.99,-0.152,28.73,60.44,0.91,0.413,44.5,0
76.92,8.5,0.133,36.6,90.88,2.85,0.774,94.37,1
89.02,5.26,0.083,38.06,72.29,2.64,0.906,82.66,0
53.88,1.83,-0.112,34.63,59.83,2.05,0.552,49.9,0
68.45,7.8,0.096,43.52,72.84,4.36,0.863,84.4,1
56.09,4.05,-0.168,37.73,60.79,2.24,0.6,56.83,0
120.08,13.02,0.242,28.38,68.25,6.42,0.959,119.58,1
70.8,7.15,-0.025,31.25,60.7,2.61,0.643,75.18,0
91.16,12.81,0.051,25.22,95.98,2.76,0.71,101.32,1
77.81,5.05,0.058,29.73,55.24,2.04,0.666,82.78,0
95.06,9.47,-0.01,35.17,74.34,5.32,0.885,69.37,0
69.42,8.36,0.007,40.36,65.16,3.61,0.821,74.7,0
62.04,3.84,-0.027,35.96,65.7,1.76,0.651,53.37,0
137.08,24.39,0.263,22.72,88.89,7.34,0.892,148.23,1
88.46,19.02,0.143,32.59,77.23,11.25,0.797,52.18,1
124.27,22.97,0.178,27.47,81.46,3.76,0.958,99.65,1
124.82,21.43,0.141,21.35,79.3,3.68,0.85,100.47,1
81.88,11.8,0.161,30.47,84.5,6.36,0.758,77.46,1
141.31,13.9,0.134,25.09,70.13,4.52,0.962,112.29,1
51.58,2.37,-0.043,25.09,60.51,1.53,0.355,50.79,0
64.41,5.33,0.024,44.99,59.14,3.77,0.794,70.6,0
59.47,4.52,-0.124,22.17,49.91,1.15,0.376,57.11,0
51.74,4.74,-0.068,48.33,64.29,2.59,0.742,37.42,0
88.24,4.07,-0.007,28.77,66.14,3.8,0.762,83.84,0
74.36,4.44,-0.071,34.49,65.65,1.41,0.72,72.53,0
94.31,9.46,0.13,28.77,79.53,8.48,0.824,103.84,1
76.87,3.37,-0.017,38.76,56.89,3.97,0.796,77.15,0
53.13,7.67,-0.035,52.01,63.37,2.43,0.786,40.94,0
73.84,6.09,0.02,36.2,66.83,2.51,0.867,76.96,0
46.76,4.82,-0.157,44.22,60.47,1.81,0.587,54.77,0
92.28,17.83,0.062,29.3,79.61,8.4,0.818,94.52,1
50.52,4.56,-0.081,34.17,54.84,0.79,0.556,48.14,0
145.18,25.05,0.261,21.07,84.2,8.32,0.886,134.62,1
67.95,8.74,0.21,41.04,73.25,8.53,0.841,72.7,1
55.11,6.69,-0.029,39.47,62.51,2.59,0.658,66.35,0
41.05,2.59,-0.176,46.72,50.91,0.68,0.543,39.53,0
87.14,9.67,0.175,29.5,74.43,11.02,0.82,97.17,1
109.22,13.6,0.13,27.46,93.56,3.17,0.888,108.98,1
98.37,8.86,0.073,27.79,95.96,2.67,0.819,92.63,1
68.7,16.04,0.068,44.19,75.15,7.49,0.813,69.22,1
35.54,2.93,-0.08,42.92,50.25,1.32,0.43,32.75,0
81.3,5.65,0.006,25.67,60.75,1.65,0.644,82.16,0
49.07,4.78,-0.141,33.74,61.89,1.66,0.51,37.42,0
123.13,12.51,0.155,27.44,65.95,3.88,0.947,122.72,1
104.9,11.88,0.107,24.24,77.86,7.29,0.818,128.08,1
70.3,4.64,-0.009,29.78,61.26,3.5,0.605,60.29,0
42.45,2.53,-0.013,51.16,55.46,1.35,0.592,40.96,0
67.08,5.76,-0.058,41.23,65.64,3.47,0.764,70.74,0
82.0,4.73,-0.069,25.34,64.02,2.19,0.601,75.38,0
73.46,13.6,0.061,32.62,89.69,4.25,0.745,62.1,1
105.92,15.7,0.159,30.9,80.51,4.05,0.871,99.06,1
151.05,14.66,0.134,19.49,67.77,5.99,0.866,166.1,1
84.18,8.12,-0.047,31.64,75.84,2.03,0.864,91.12,0
56.3,3.74,-0.127,28.61,61.47,1.18,0.522,52.88,0
69.79,9.92,0.143,40.25,86.31,3.35,0.744,79.15,0
70.86,14.48,0.207,37.01,87.48,11.24,0.709,85.03,1
108.04,17.86,0.111,27.4,73.76,4.2,0.88,83.92,1
103.66,13.04,0.141,28.18,77.18,9.58,0.879,131.15,1
97.52,7.25,0.065,26.25,68.59,3.76,0.832,91.3,1
70.11,7.1,-0.048,45.55,73.74,4.01,0.857,60.16,0
97.21,8.71,-0.02,31.29,76.49,3.96,0.838,115.62,1
53.47,3.5,0.017,29.3,49.92,2.17,0.483,57.16,0
46.51,2.46,-0.109,35.06,60.77,1.89,0.509,49.14,0
47.35,4.17,-0.085,34.3,61.11,1.86,0.484,49.76,0
110.55,16.59,0.249,24.26,80.07,3.96,0.8,97.38,1
83.92,4.84,0.006,26.26,67.92,3.92,0.711,90.28,0
79.26,4.47,0.034,37.56,67.63,4.97,0.866,81.11,1
156.66,22.48,0.225,20.18,73.56,3.79,0.851,146.34,1
70.67,4.32,-0.062,34.46,56.78,1.36,0.732,65.1,0
88.83,7.33,0.013,31.38,71.21,5.28,0.899,95.44,1
104.21,9.39,0.1,28.27,71.52,10.56,0.823,109.82,1
79.18,3.5,0.029,29.12,71.62,1.32,0.75,75.5,0
48.96,4.67,-0.102,35.33,48.0,0.92,0.561,44.87,0
63.13,7.54,-0.083,36.58,64.03,3.83,0.733,46.26,0
84.8,6.02,0.011,31.96,56.84,2.45,0.717,81.39,0
151.76,23.61,0.248,18.65,69.55,3.01,0.863,154.79,1
97.24,18.37,0.177,31.55,70.97,6.56,0.868,79.13,1
84.47,10.54,0.136,32.31,76.69,5.26,0.796,74.18,1
122.57,14.16,0.163,24.93,80.13,5.67,0.946,152.59,1
92.34,14.42,0.132,30.59,78.85,9.33,0.79,100.13,1
55.44,3.33,0.076,46.7,56.21,2.44,0.811,55.09,0
134.27,22.79,0.271,22.81,72.08,5.41,0.932,87.88,1
71.74,4.2,0.072,44.92,70.53,3.65,0.883,76.36,1
66.85,18.15,0.203,43.29,77.15,7.59,0.869,49.13,1
140.36,18.2,0.256,21.95,77.88,6.05,0.854,134.22,1
85.44,6.65,0.067,24.15,65.06,1.24,0.673,83.84,0
41.51,1.71,-0.174,44.09,48.14,2.0,0.577,37.53,0
86.49,7.46,0.018,31.93,55.11,3.96,0.748,89.52,0
73.79,9.36,-0.006,38.51,66.7,5.23,0.899,82.01,0
72.37,14.26,0.18,40.05,74.18,6.5,0.804,91.53,1
130.49,18.82,0.186,22.88,80.5,5.11,0.908,132.18,1
41.45,1.15,-0.063,34.9,50.52,1.84,0.407,40.22,0
95.76,9.62,0.071,30.92,70.16,5.44,0.909,116.28,1
68.11,6.65,-0.041,49.63,75.0,3.95,0.957,63.17,0
74.49,6.58,-0.025,32.69,59.54,1.82,0.767,73.97,0
44.3,4.39,-0.014,32.53,58.02,1.97,0.446,44.98,0
63.51,6.52,-0.06,32.93,65.24,2.09,0.657,62.66,0
123.14,12.46,0.227,23.26,66.88,3.69,0.914,115.74,1
80.17,3.1,-0.055,36.25,69.37,1.4,0.796,79.89,0
79.72,9.08,0.04,40.3,81.89,2.81,0.915,74.44,0
65.65,6.19,0.124,42.1,90.85,2.61,0.813,67.77,1
86.98,4.99,0.012,32.62,70.68,2.65,0.772,92.57,1
140.81,18.92,0.158,22.17,87.92,8.1,0.968,138.31,1
170.56,26.67,0.233,20.67,89.01,8.88,0.948,168.19,1
63.78,5.49,-0.018,36.22,57.8,2.64,0.714,56.79,0
67.37,4.39,0.064,46.35,75.65,4.55,0.88,56.35,1
65.04,6.2,-0.011,38.21,72.49,1.68,0.787,60.24,0
75.22,4.51,-0.097,37.83,59.54,3.8,0.796,69.4,0
40.85,3.09,-0.146,33.48,53.46,0.9,0.426,40.28,0
109.43,9.67,0.085,24.63,84.59,4.82,0.857,121.16,1
91.36,7.74,-0.003,35.12,66.55,4.38,0.896,92.7,1
59.13,2.04,-0.176,26.32,60.02,2.1,0.486,55.82,0
63.22,7.3,-0.015,40.49,66.61,3.36,0.776,47.87,0
151.57,15.57,0.198,18.83,74.51,4.27,0.878,167.88,1
50.47,5.94,-0.01,55.71,56.68,3.11,0.792,49.23,0
51.73,4.77,-0.015,22.88,56.01,1.36,0.36,39.02,0
77.29,9.88,-0.037,44.91,73.16,4.18,0.949,65.77,1
146.22,21.03,0.211,19.77,97.59,10.98,0.921,146.1,1
53.95,6.1,-0.074,47.01,55.14,2.09,0.715,45.61,0
86.78,14.78,0.16,33.05,82.73,5.46,0.772,86.39,1
114.89,10.36,0.173,24.62,74.24,11.04,0.862,120.52,1
89.06,4.41,0.072,23.38,69.19,2.69,0.612,94.34,0
73.59,10.53,0.061,39.17,82.46,3.2,0.891,62.42,1
66.56,4.16,-0.012,37.17,69.24,2.82,0.792,61.93,0
109.32,10.5,0.151,25.68,82.6,4.01,0.81,118.78,1
77.1,15.05,0.234,36.71,76.3,7.21,0.824,130.18,1
87.57,4.64,0.073,33.51,66.23,4.75,0.881,86.67,1
37.51,3.54,-0.004,46.68,64.28,2.25,0.572,42.36,0
80.14,14.82,0.153,31.89,86.28,9.02,0.753,75.44,1
89.9,5.47,-0.068,28.77,71.28,3.38,0.713,81.9,0
84.48,7.47,-0.065,27.56,74.51,3.63,0.629,90.86,0
57.16,3.17,-0.051,29.13,48.87,2.02,0.486,56.29,0
94.59,9.72,0.127,26.04,71.33,7.39,0.777,122.89,1
77.12,10.91,0.118,30.62,94.7,5.25,0.731,83.4,1
55.64,3.79,-0.164,27.64,57.51,0.96,0.455,51.71,0
84.04,5.96,0.067,34.97,70.5,4.94,0.938,83.56,1
53.32,6.21,-0.015,51.31,62.26,2.0,0.8,54.87,0
92.8,11.44,0.198,30.81,82.5,7.39,0.879,86.43,1
77.08,5.38,0.079,36.6,74.05,3.54,0.76,88.58,1
101.65,9.59,0.06,26.07,82.32,4.33,0.774,108.09,1
86.46,3.81,-0.034,27.56,62.21,3.44,0.693,85.9,0
138.6,23.09,0.245,20.47,79.28,4.74,0.867,143.0,1
43.89,2.01,-0.041,45.37,52.16,0.69,0.542,41.51,0
50.4,7.69,0.013,42.99,59.93,1.23,0.671,53.53,0
39.16,3.11,-0.062,33.37,48.6,0.67,0.425,34.17,0
146.96,16.13,0.243,22.03,74.06,5.05,0.906,140.05,1
137.8,16.25,0.18,23.4,74.88,5.48,0.934,134.3,1
79.59,6.53,-0.004,31.61,72.47,2.41,0.749,83.11,0
68.2,13.92,0.025,38.61,94.14,5.84,0.85,93.21,1
92.83,12.56,0.106,23.58,80.13,8.9,0.698,116.79,1
108.36,17.05,0.15,26.72,82.71,4.69,0.912,125.37,1
77.42,6.41,0.036,36.52,77.75,3.78,0.902,74.84,0
88.85,3.59,0.072,24.9,59.62,1.33,0.62,93.78,0
56.26,2.74,0.006,28.95,58.71,2.21,0.498,58.75,0
155.05,24.69,0.262,21.09,81.47,4.64,0.867,152.6,1
133.61,19.2,0.195,24.28,66.5,6.58,0.892,146.19,1
101.29,12.09,0.123,30.96,79.9,5.69,0.896,96.64,1
53.64,5.37,-0.065,40.34,68.23,3.75,0.646,56.14,0
84.85,6.74,0.056,28.02,70.04,1.59,0.718,76.61,0
82.53,10.11,0.169,35.17,84.15,3.1,0.875,95.94,1
155.14,24.51,0.218,21.25,75.5,3.83,0.959,115.14,1
137.75,21.65,0.14,22.03,72.28,6.84,0.898,161.63,1
74.6,14.43,0.202,32.34,87.01,7.57,0.775,92.94,1
114.57,16.48,0.249,27.71,83.92,6.81,0.865,80.7,1
58.36,2.73,-0.072,24.47,57.6,1.49,0.462,60.7,0
85.28,5.22,0.006,26.38,55.07,1.89,0.631,81.4,0
119.08,12.18,0.239,26.43,77.28,3.75,0.964,114.84,1
93.8,17.54,0.122,31.59,75.47,4.69,0.874,113.38,1
36.71,4.82,-0.141,52.92,61.76,2.44,0.571,30.0,0
53.18,2.48,-0.143,27.11,50.82,2.47,0.461,55.6,0
89.21,11.62,0.039,32.81,86.6,5.79,0.811,107.4,1
59.31,1.15,-0.123,23.86,48.19,1.06,0.399,56.93,0
85.51,6.47,-0.029,28.04,64.11,1.7,0.682,72.72,0
74.57,9.11,0.063,43.94,71.19,2.73,0.905,58.97,0
73.78,6.65,0.144,35.15,90.43,4.08,0.746,76.06,1
104.47,13.68,0.092,23.3,88.82,4.62,0.703,90.38,1
75.86,3.91,0.035,29.82,69.2,1.33,0.675,78.56,0
96.73,7.27,0.147,29.1,91.4,3.74,0.826,93.67,1
77.93,5.17,-0.064,29.88,55.12,2.04,0.647,91.75,0
81.77,4.01,0.073,31.11,73.34,3.18,0.711,88.75,0
80.25,13.19,0.041,30.31,87.45,3.93,0.735,71.2,1
108.18,8.97,0.14,31.1,69.14,7.27,0.892,108.21,1
80.48,17.09,0.151,36.78,83.64,7.09,0.809,73.13,1
96.75,10.77,0.162,29.66,85.23,4.0,0.84,105.05,1
95.31,8.26,0.237,29.55,76.91,4.42,0.895,92.78,1
44.08,2.02,-0.079,47.35,57.77,2.29,0.592,45.34,0
68.85,7.34,-0.048,33.77,72.11,2.84,0.628,67.19,0
87.51,3.27,-0.01,25.44,67.52,3.42,0.682,94.24,0
55.38,7.07,0.009,50.02,61.79,1.5,0.809,59.64,0
133.86,28.57,0.156,22.35,89.98,8.77,0.963,180.15,1
61.24,7.55,-0.045,42.59,65.88,1.48,0.699,76.69,0
128.73,13.05,0.17,22.35,75.27,5.78,0.928,145.38,1
73.99,16.55,0.096,38.21,74.13,5.95,0.892,64.55,1
63.64,9.81,0.072,42.34,79.26,9.44,0.742,78.29,1
76.47,6.84,0.012,43.28,68.91,2.02,0.938,89.96,0
80.12,16.9,0.226,33.32,69.81,5.48,0.763,103.93,1
83.8,5.95,-0.046,37.12,68.65,4.92,0.925,75.82,1
73.08,7.36,0.055,31.45,59.18,3.37,0.682,74.63,0
94.78,8.11,0.071,30.21,92.88,2.7,0.768,94.32,1
58.9,8.0,-0.069,48.22,59.47,1.43,0.77,54.8,0
52.56,3.23,-0.009,27.04,56.9,1.52,0.429,56.45,0
114.57,9.66,0.105,24.73,79.18,4.28,0.848,130.54,1
67.93,7.69,0.033,35.97,66.39,3.14,0.701,76.31,0
153.93,16.64,0.154,21.02,65.76,3.17,0.878,179.9,1
157.66,26.89,0.222,22.05,86.83,11.45,0.976,203.2,1
122.86,19.33,0.196,21.88,76.82,4.26,0.868,130.22,1
85.08,6.38,-0.036,27.17,68.51,3.89,0.713,87.97,0
56.87,4.7,-0.046,36.54,54.76,2.41,0.583,39.48,0
138.32,13.94,0.184,21.21,65.31,4.09,0.958,122.87,1
76.63,8.37,0.07,46.3,75.34,2.89,0.952,81.95,1
161.3,27.94,0.257,19.05,93.55,7.19,0.921,214.94,1
148.28,17.34,0.153,22.76,92.44,10.85,0.895,174.01,1
156.86,14.17,0.229,22.04,66.78,6.44,0.948,132.81,1
51.34,3.46,-0.091,42.68,65.19,2.69,0.674,48.55,0
51.82,4.5,-0.004,48.58,60.48,1.57,0.69,55.66,0
159.81,16.28,0.169,21.61,79.37,4.57,0.93,129.22,1
75.87,7.76,0.043,26.37,61.65,2.52,0.609,96.31,0
78.01,7.13,0.032,37.86,60.45,3.65,0.818,90.16,1
75.2,15.89,0.17,34.14,79.15,6.07,0.8,63.5,1
111.52,17.64,0.203,31.14,83.56,5.12,0.964,149.45,1
74.22,8.71,0.121,31.74,93.56,5.42,0.704,72.52,1
92.4,16.51,0.212,29.97,73.51,6.22,0.799,86.83,1
57.5,3.75,0.017,34.06,64.01,1.01,0.542,53.88,0
71.01,14.71,0.16,35.04,82.66,6.92,0.809,46.1,1
148.7,26.65,0.196,23.44,83.41,10.18,0.984,194.83,1
41.3,2.3,-0.013,40.62,53.59,1.61,0.54,40.85,0
63.44,9.06,0.058,51.92,76.79,5.29,0.952,48.64,1
140.01,24.7,0.216,22.16,79.48,6.62,0.854,196.6,1
109.56,5.91,0.127,21.9,92.24,4.63,0.757,118.21,1
74.3,11.22,0.041,34.57,95.36,3.64,0.753,95.43,1
98.99,14.02,0.166,28.83,85.65,2.59,0.855,76.0,1
55.66,6.55,0.019,36.93,71.73,1.9,0.61,49.92,0
67.65,3.33,-0.028,38.21,73.3,2.36,0.768,74.5,0
98.64,19.26,0.095,24.44,84.33,9.55,0.768,73.8,1
88.06,13.88,0.199,32.36,75.03,7.65,0.772,99.9,1
118.55,17.54,0.134,26.62,74.49,4.4,0.951,124.92,1
145.89,23.66,0.262,20.38,84.05,3.1,0.893,183.82,1
95.83,5.65,-0.009,32.24,75.41,3.53,0.862,97.75,1
68.18,9.6,-0.01,38.76,66.53,3.97,0.841,76.05,0
67.63,10.9,0.098,38.47,84.7,10.31,0.801,59.94,1
105.36,13.88,0.134,24.58,80.42,3.67,0.844,75.56,1
85.61,6.32,0.126,29.98,88.93,3.19,0.743,91.46,1
63.74,8.41,0.137,43.92,87.13,11.22,0.773,58.9,1
140.11,17.91,0.164,22.41,77.06,5.32,0.973,131.1,1
54.59,7.18,-0.095,51.46,57.81,3.68,0.783,36.69,0
56.59,5.83,-0.044,37.81,72.18,2.33,0.639,52.93,0
56.79,2.45,0.01,38.02,50.46,0.94,0.587,53.69,0
89.64,8.04,0.127,29.83,81.59,4.03,0.852,93.49,1
49.74,4.08,-0.094,38.89,54.32,1.06,0.54,48.98,0
76.79,9.89,0.002,44.92,80.86,2.85,0.949,86.43,1
78.0,8.47,0.02,39.36,68.39,3.49,0.852,77.09,0
74.2,6.44,-0.049,35.89,55.89,3.49,0.706,72.22,0
78.49,14.53,0.184,40.04,72.32,6.55,0.884,81.74,1
43.07,3.18,-0.151,39.4,62.98,1.4,0.463,35.18,0
49.53,3.02,-0.1,24.02,55.08,0.74,0.38,48.88,0
82.88,10.97,0.207,32.5,83.64,9.15,0.755,103.76,1
64.6,3.5,0.021,32.71,64.51,1.74,0.602,65.51,0
59.49,2.86,-0.017,29.67,56.43,2.37,0.477,56.79,0
81.8,5.34,0.017,36.45,79.14,5.14,0.888,88.34,1
60.97,18.2,0.08,49.73,70.45,8.5,0.804,58.84,1
62.29,7.53,0.056,34.58,56.62,2.96,0.652,55.35,0
103.6,8.32,0.103,25.95,71.61,6.93,0.867,123.14,1
39.57,3.44,-0.035,36.18,62.09,1.75,0.429,36.49,0
48.94,3.31,-0.147,33.22,53.84,1.36,0.451,48.82,0
71.75,6.49,0.068,41.82,74.3,2.19,0.896,72.89,1
70.83,10.0,-0.004,45.99,76.5,3.19,0.944,65.27,0
86.76,8.42,0.182,36.24,74.49,6.46,0.895,80.62,1
81.9,6.41,0.133,34.19,92.97,2.56,0.871,85.49,1
164.04,16.55,0.276,17.9,93.11,11.66,0.941,155.08,1
96.05,4.76,0.009,34.1,80.41,3.77,0.939,100.99,1
54.86,7.05,-0.013,47.67,63.48,2.63,0.699,59.01,0
90.15,19.39,0.081,32.0,84.62,9.9,0.825,117.27,1
82.87,3.61,0.053,28.11,60.07,3.64,0.691,84.77,0
92.33,5.58,-0.049,31.39,66.7,4.64,0.889,85.68,0
42.17,4.13,-0.15,44.23,63.6,1.89,0.512,38.6,0
37.72,2.0,-0.001,47.07,58.87,1.86,0.529,36.97,0
170.49,19.71,0.194,18.06,95.14,9.47,0.976,220.0,1
71.83,15.53,0.115,39.3,87.1,10.53,0.847,62.93,1
72.52,5.33,0.082,45.64,85.82,3.22,0.881,81.63,1
61.0,8.71,-0.002,46.77,80.6,2.49,0.825,58.33,0
52.0,3.58,-0.087,49.6,64.71,2.16,0.767,49.69,0
87.16,7.55,0.029,31.93,61.39,2.27,0.795,84.61,0
66.03,7.93,0.048,33.0,69.55,1.95,0.696,89.15,0
74.1,6.42,-0.048,39.25,71.11,4.03,0.934,77.29,0
109.94,8.72,0.068,28.8,97.98,4.7,0.872,112.66,1
100.18,8.55,0.112,28.57,93.01,2.57,0.867,98.19,1
86.22,3.18,-0.06,24.93,67.34,2.7,0.668,82.92,0
137.39,18.32,0.225,20.54,98.0,9.23,0.91,122.25,1
94.41,7.8,0.111,29.88,96.85,3.41,0.854,107.84,1
93.21,17.27,0.233,25.75,70.24,5.48,0.765,78.38,1
101.8,17.49,0.249,25.14,78.18,6.93,0.814,98.12,1
87.58,6.45,-0.019,32.44,66.29,4.43,0.876,81.54,0
84.59,5.47,0.003,30.84,63.21,1.74,0.725,82.26,0
55.08,3.52,0.028,39.68,61.14,2.53,0.646,59.3,0
95.44,16.28,0.1,29.4,77.88,8.04,0.744,126.06,1
55.35,1.66,-0.179,22.44,52.15,0.82,0.361,52.63,0
40.39,2.6,-0.078,46.88,62.27,2.33,0.553,40.85,0
52.36,1.45,-0.067,25.55,55.34,1.8,0.412,50.53,0
40.53,4.95,-0.119,33.43,57.27,2.23,0.382,35.65,0
124.8,19.3,0.229,27.9,78.33,6.48,0.945,91.01,1
93.87,13.18,0.021,35.3,84.93,4.15,0.898,123.78,1
69.0,6.86,-0.03,42.23,68.01,3.27,0.875,71.2,0
36.29,1.12,-0.159,51.76,63.99,0.97,0.591,32.34,0
69.62,7.09,0.035,45.52,77.86,3.08,0.851,63.66,0
91.6,8.91,-0.006,29.27,80.91,2.58,0.868,112.09,1
68.16,7.01,0.039,41.01,65.66,1.48,0.802,67.27,1
66.91,4.07,0.039,43.82,76.4,5.44,0.944,68.35,1
86.12,7.07,-0.043,34.92,60.76,3.69,0.814,88.48,0
76.0,13.32,0.141,35.74,80.89,7.14,0.885,103.52,1
110.46,17.38,0.214,24.56,69.38,3.58,0.772,80.27,1
50.61,4.3,0.007,40.01,55.25,1.81,0.551,45.58,0
69.62,4.08,-0.069,27.88,69.36,1.51,0.6,70.84,0
89.9,14.75,0.089,28.07,76.49,4.85,0.771,60.18,1
62.68,9.37,0.054,47.41,66.11,5.41,0.837,82.73,1
147.82,22.14,0.186,21.42,65.22,6.71,0.906,133.2,1
74.14,14.2,0.166,39.19,95.98,5.99,0.898,83.22,1
59.24,3.49,0.076,34.53,72.42,1.21,0.665,62.26,0
46.65,1.95,-0.042,35.18,49.32,0.91,0.491,47.05,0
90.8,8.93,0.162,31.01,70.19,4.46,0.765,87.91,1
58.12,4.31,-0.113,27.16,57.34,1.97,0.418,60.41,0
112.32,14.78,0.242,27.34,83.53,7.37,0.837,126.33,1
125.49,14.55,0.199,23.51,82.56,3.4,0.909,123.01,1
86.04,11.87,0.186,33.59,82.63,5.29,0.777,93.03,1
68.71,4.38,-0.074,29.22,65.64,1.5,0.601,58.9,0
78.76,15.75,0.241,30.07,70.65,7.34,0.767,95.5,1
99.11,4.03,0.081,30.75,80.96,3.11,0.863,100.11,1
90.95,7.17,0.089,36.43,79.79,3.57,0.88,90.95,1
157.99,16.28,0.259,18.92,69.21,5.5,0.96,156.23,1
52.83,5.0,0.004,46.29,74.48,2.43,0.788,55.12,0
163.71,22.91,0.217,20.13,89.55,8.63,0.914,196.75,1
137.18,15.1,0.253,22.31,69.14,5.49,0.922,144.44,1
83.78,5.27,0.031,27.0,62.92,3.95,0.621,81.24,0
43.25,3.6,-0.029,41.94,56.67,2.14,0.537,39.38,0
38.1,3.26,0.01,53.68,57.84,1.83,0.548,31.1,0
59.43,4.45,-0.115,29.4,55.06,0.88,0.466,52.93,0
45.11,4.5,-0.142,37.55,48.41,2.05,0.487,39.49,0
74.5,5.74,0.066,38.29,91.06,4.64,0.825,76.81,1
41.83,1.98,-0.153,42.85,58.48,0.95,0.562,39.66,0
76.38,5.03,-0.053,39.19,70.94,2.04,0.815,78.77,0
101.74,10.86,0.123,22.93,72.0,10.11,0.717,103.52,1
55.05,4.16,-0.028,29.87,55.72,1.73,0.437,50.46,0
78.02,19.0,0.096,39.4,82.06,8.82,0.878,58.51,1
54.54,3.57,-0.037,51.72,67.16,1.49,0.768,49.74,0
50.03,4.84,-0.046,24.24,56.05,1.83,0.394,46.54,0
86.93,6.38,0.128,29.36,86.71,2.55,0.819,77.51,1
89.58,9.54,0.144,31.63,77.3,4.42,0.857,103.99,1
147.66,19.19,0.165,22.92,82.59,3.16,0.897,158.29,1
94.9,11.81,0.026,28.21,89.76,2.87,0.821,97.18,1
82.74,7.94,0.171,33.45,81.05,9.05,0.821,95.42,1
73.73,4.17,0.069,36.02,61.22,2.46,0.73,72.61,0
77.18,4.58,0.043,25.0,70.25,1.39,0.629,73.53,0
109.4,14.56,0.11,25.06,81.1,9.05,0.727,103.73,1
97.54,8.32,0.106,24.3,71.32,7.48,0.695,70.67,0
165.31,21.8,0.2,18.84,90.46,8.3,0.889,165.72,1
98.74,8.63,0.085,27.19,81.86,2.36,0.867,85.18,1
84.22,7.64,-0.084,23.82,55.66,1.49,0.625,82.8,0
102.82,17.09,0.141,28.28,80.72,8.07,0.839,107.23,1
71.34,7.12,0.077,35.03,70.27,1.48,0.69,69.4,0
128.16,19.94,0.121,27.02,66.55,6.72,0.97,127.88,1
126.49,17.08,0.233,25.03,78.43,4.56,0.928,96.97,1
90.6,8.58,-0.006,30.79,65.19,3.5,0.831,83.7,0
114.36,13.11,0.094,23.48,78.84,9.5,0.858,125.09,1
92.42,11.48,0.156,34.98,74.93,9.03,0.862,93.51,1
39.31,3.88,-0.057,46.99,53.97,1.2,0.52,36.33,0
119.41,12.11,0.275,26.43,84.39,3.56,0.906,104.63,1
68.04,8.74,0.068,43.01,80.51,2.68,0.836,68.12,1
65.81,9.45,0.135,41.97,72.7,9.8,0.839,72.5,1
63.65,6.31,-0.016,38.0,58.12,3.41,0.779,67.55,0
152.75,15.28,0.159,21.78,69.23,6.24,0.92,135.9,1
55.81,5.32,0.039,42.26,67.66,1.34,0.674,58.4,0
43.89,2.13,-0.012,26.97,54.74,1.3,0.363,42.89,0
155.59,21.76,0.112,19.91,75.55,6.6,0.943,158.55,1
47.24,2.82,-0.139,37.05,55.67,2.42,0.539,53.83,0
77.31,7.7,0.019,35.76,71.55,2.21,0.792,78.85,1
140.37,25.41,0.229,20.51,85.11,11.79,0.925,108.08,1
131.96,18.04,0.296,24.06,92.44,11.22,0.988,168.77,1
88.33,17.78,0.154,32.13,75.92,6.22,0.776,99.33,1
92.94,13.94,0.125,34.21,84.76,3.7,0.86,68.88,1
98.2,6.9,-0.0,30.15,69.16,4.91,0.845,101.5,0
86.53,4.16,-0.078,24.74,65.16,4.0,0.601,88.61,0
81.27,3.08,0.047,27.85,57.99,1.83,0.666,80.84,0
84.12,7.89,0.048,33.17,97.84,5.22,0.852,77.73,1
67.52,14.17,0.153,40.11,82.24,7.96,0.821,58.67,1
97.48,11.54,0.086,28.32,74.9,6.94,0.755,93.66,1
63.56,16.6,0.086,43.34,71.15,7.63,0.759,75.33,1
55.11,1.83,-0.113,24.58,49.26,2.49,0.384,56.27,0
93.6,8.84,-0.048,34.06,76.13,3.32,0.846,95.27,1
51.64,4.83,-0.14,34.79,53.46,2.48,0.566,57.29,0
77.31,6.81,0.098,41.71,75.27,2.19,0.88,79.93,1
85.93,6.42,-0.048,36.81,65.22,2.0,0.903,81.02,0
142.66,12.7,0.156,21.81,76.6,5.65,0.869,137.9,1
60.21,3.45,-0.086,37.39,73.92,1.81,0.694,59.42,0
52.0,3.57,-0.008,32.08,50.29,1.15,0.472,48.21,0
50.33,3.12,-0.043,36.64,62.98,1.71,0.509,52.48,0
109.62,12.01,0.182,23.73,71.07,9.41,0.825,96.9,1
118.37,16.11,0.099,20.09,78.11,4.88,0.771,76.98,1
37.53,4.21,0.003,46.69,61.98,1.01,0.539,41.79,0
40.21,4.06,0.01,43.94,62.98,1.81,0.529,36.71,0
66.42,11.95,0.09,41.52,90.92,3.47,0.81,66.32,1
46.77,2.55,-0.016,36.45,58.26,2.3,0.463,45.48,0
61.92,10.39,0.097,43.95,81.69,6.91,0.862,70.61,1
72.01,11.3,0.138,39.75,97.05,3.21,0.872,65.36,1
57.87,3.3,-0.032,28.15,48.49,0.72,0.473,52.17,0
52.97,1.86,-0.036,34.96,55.0,2.02,0.553,54.74,0
174.64,19.84,0.212,19.13,83.88,10.33,0.898,196.76,1
65.78,3.9,-0.049,38.21,60.81,1.85,0.7,64.89,0
81.75,4.33,0.009,30.25,68.1,2.45,0.747,80.76,0
105.98,16.86,0.105,23.0,71.29,6.97,0.701,105.07,1
147.66,15.83,0.237,23.08,69.92,5.92,0.947,144.67,1
147.89,17.95,0.228,23.57,92.15,7.83,0.981,193.08,1
100.37,13.69,0.188,30.08,81.07,7.25,0.824,79.48,1
87.44,3.68,-0.012,23.75,70.09,3.22,0.657,86.56,0
54.93,2.83,-0.114,24.51,50.85,1.86,0.39,53.22,0
66.71,8.47,0.062,43.02,82.81,6.79,0.829,70.76,1
116.31,16.11,0.221,24.0,73.2,4.37,0.847,131.67,1
85.14,5.04,-0.011,38.74,68.96,4.06,0.886,89.75,0
139.14,18.34,0.134,25.0,69.97,3.37,0.966,168.05,1
39.39,2.49,-0.174,34.46,50.94,0.7,0.384,34.7,0
94.98,5.28,-0.001,31.01,75.55,3.47,0.841,101.76,1
54.04,3.18,-0.054,38.64,53.08,1.28,0.584,48.47,0
75.05,6.81,0.013,38.36,80.72,4.67,0.845,78.62,1
52.0,4.59,-0.153,24.49,57.23,2.12,0.413,48.77,0
43.98,2.17,-0.145,46.66,64.24,1.39,0.548,41.95,0
55.59,2.92,-0.045,29.39,57.5,0.71,0.459,52.82,0
86.18,12.81,0.181,28.73,78.07,4.69,0.799,99.93,1
65.11,6.01,0.147,43.38,88.83,4.29,0.892,59.83,0
100.56,17.33,0.113,27.47,68.4,5.0,0.88,106.23,1
145.86,17.43,0.206,23.62,85.71,10.15,0.926,123.7,1
60.83,7.27,0.003,37.53,57.99,2.46,0.7,57.34,0
87.73,7.42,-0.085,30.03,59.5,2.35,0.714,67.68,0
120.39,22.4,0.212,28.38,69.35,4.34,0.911,133.84,1
70.8,5.0,-0.006,37.93,61.8,1.7,0.771,78.14,0
169.69,20.2,0.161,20.56,88.27,9.99,0.985,196.3,1
48.66,1.82,-0.029,35.57,57.4,1.53,0.551,47.55,0
143.99,28.35,0.268,24.9,89.84,7.8,0.953,127.86,1
44.38,1.43,-0.081,47.38,63.08,0.62,0.568,45.24,0
150.66,22.22,0.26,19.24,84.35,6.98,0.922,206.01,1
93.98,7.0,0.008,35.54,65.95,3.77,0.906,91.12,0
172.28,21.0,0.204,19.6,89.87,10.03,0.928,140.99,1
46.3,4.27,-0.073,32.49,59.19,1.96,0.435,39.72,0
103.67,8.18,0.208,24.66,73.27,5.61,0.795,98.15,1
169.8,16.2,0.217,19.28,91.7,8.4,0.973,168.24,1
99.93,4.02,-0.046,30.24,68.39,2.21,0.935,102.66,0
91.31,15.31,0.186,31.57,76.56,7.2,0.79,89.19,1
66.58,6.68,0.136,41.2,90.18,2.83,0.737,70.53,1
73.76,9.45,0.092,41.34,72.89,2.09,0.821,66.49,0
75.51,11.84,0.24,35.52,82.75,4.97,0.868,80.8,1
118.72,8.17,0.241,25.78,68.17,6.26,0.813,126.13,1
141.87,21.61,0.133,23.69,77.77,6.39,0.975,111.22,1
45.36,4.91,-0.064,43.17,64.21,1.88,0.567,40.87,0
60.19,4.52,-0.035,40.79,56.98,1.32,0.693,56.66,0
154.18,21.22,0.245,23.6,88.13,10.08,0.971,152.55,1
142.24,14.3,0.201,23.05,75.37,6.71,0.978,166.48,1
99.95,7.48,-0.044,32.95,69.67,2.11,0.902,106.87,0
84.41,9.94,0.246,33.3,78.22,5.94,0.811,81.49,1
86.59,6.37,-0.027,34.15,58.62,2.72,0.79,94.84,0
76.14,7.2,0.07,30.91,58.39,2.56,0.66,81.48,0
69.09,4.02,0.001,44.24,76.81,3.4,0.956,64.04,1
54.25,7.53,0.08,39.78,56.09,2.12,0.636,51.71,0
80.24,11.01,0.114,36.68,80.11,6.04,0.882,75.78,1
48.14,1.37,-0.093,35.51,56.88,1.23,0.495,45.3,0
173.15,17.88,0.248,16.02,81.26,9.65,0.885,215.84,1
139.11,24.36,0.177,25.72,87.83,10.14,0.947,159.05,1
107.2,5.04,0.162,22.19,97.25,3.49,0.713,110.95,1
84.43,8.3,0.064,33.61,65.77,2.01,0.857,86.15,0
59.66,3.31,-0.068,36.25,73.3,1.59,0.627,62.54,0
65.45,11.14,0.059,41.28,73.39,9.31,0.759,97.1,1
88.95,9.34,0.082,35.2,85.51,5.07,0.868,71.62,1
68.82,3.47,-0.092,33.32,58.74,2.61,0.625,64.18,0
121.78,24.16,0.272,24.91,81.75,4.46,0.975,176.41,1
106.75,19.95,0.136,24.04,73.35,6.52,0.749,157.11,1
137.78,22.72,0.191,22.28,77.56,6.36,0.969,153.23,1
72.66,6.9,0.168,34.41,89.4,3.6,0.706,83.19,1
111.98,11.6,0.153,27.64,81.33,7.09,0.917,108.36,1
88.64,4.66,-0.009,28.7,72.35,4.9,0.827,80.38,0
143.77,24.12,0.143,21.12,84.5,6.85,0.94,177.16,1
143.71,16.37,0.131,21.75,74.67,5.92,0.925,164.87,1
43.47,2.17,-0.138,29.57,49.61,1.26,0.416,42.24,0
43.14,3.67,-0.037,41.24,64.3,0.64,0.495,39.11,0
88.35,7.31,-0.07,27.17,58.45,2.88,0.672,90.63,0
98.0,12.48,0.195,27.49,71.16,9.61,0.834,72.89,1
155.09,28.4,0.282,20.53,85.54,8.13,0.924,165.05,1
50.05,4.62,-0.06,50.83,69.54,2.18,0.814,43.33,0
95.84,10.13,0.171,32.11,78.47,6.04,0.892,75.69,1
68.38,3.93,0.015,35.36,57.07,1.75,0.71,69.27,0
169.94,22.93,0.252,19.08,90.86,9.15,0.917,174.72,1
76.28,11.24,0.213,34.58,75.6,9.05,0.717,71.74,1
82.92,16.67,0.196,32.75,77.07,8.28,0.742,85.17,1
87.18,7.39,0.015,35.15,68.36,3.51,0.896,85.73,0
96.05,5.57,0.08,29.24,65.35,4.54,0.91,90.71,1
65.26,4.78,-0.033,37.67,67.42,1.66,0.67,59.62,0
55.31,2.91,-0.009,25.24,48.3,1.78,0.412,58.28,0
158.5,20.25,0.238,18.31,68.21,5.93,0.861,166.95,1
84.53,11.01,0.153,26.35,81.28,7.37,0.717,72.55,1
170.0,15.77,0.176,16.95,89.14,7.22,0.94,159.94,1
174.46,24.22,0.205,18.84,85.06,8.66,0.932,175.37,1
112.02,9.22,0.117,22.89,70.39,7.17,0.756,115.82,1
64.27,19.48,0.199,47.35,86.8,7.6,0.831,86.12,1
149.85,16.5,0.239,22.03,71.57,3.43,0.884,162.41,1
76.01,13.77,0.117,42.17,76.03,10.39,0.872,45.17,1
79.91,7.56,0.036,28.26,72.77,2.29,0.65,71.0,0
93.26,5.13,0.068,32.58,80.19,2.6,0.903,91.62,1
53.82,3.63,-0.064,30.29,62.34,1.05,0.482,47.71,0
137.0,23.34,0.188,20.92,88.95,7.13,0.917,121.56,1
113.24,14.95,0.081,28.49,69.59,6.62,0.855,147.03,1
71.25,6.41,-0.057,31.77,72.12,1.67,0.696,83.64,0
81.91,14.28,0.035,33.39,93.34,3.29,0.774,74.87,1
78.21,8.56,0.101,38.31,77.38,6.69,0.908,78.77,1
87.83,6.74,0.031,25.9,65.99,2.51,0.61,109.41,0
41.43,2.08,-0.098,34.33,50.2,2.23,0.411,39.95,0
77.69,10.48,0.033,37.26,88.47,3.88,0.883,80.98,1
78.43,5.51,0.006,40.38,79.18,3.06,0.932,76.98,1
97.32,14.57,0.144,30.18,71.83,8.24,0.852,105.95,1
92.45,5.3,0.07,29.61,68.21,4.66,0.876,89.17,1
127.82,19.81,0.2,23.93,73.58,3.91,0.903,132.42,1
117.66,16.5,0.105,22.12,83.87,5.61,0.755,106.02,1
94.1,17.69,0.194,29.79,70.26,4.32,0.776,120.28,1
124.77,12.28,0.27,22.57,65.19,3.95,0.872,141.63,1
95.17,6.74,0.012,35.24,69.14,2.18,0.898,94.23,1
39.67,1.79,-0.086,39.73,48.31,0.88,0.473,35.64,0
45.58,3.23,-0.002,34.06,50.27,1.53,0.432,48.35,0
66.04,12.52,0.053,38.15,78.69,7.99,0.687,52.0,1
90.4,12.97,0.087,31.39,84.97,4.23,0.902,126.84,1
71.46,11.61,0.126,42.61,94.03,4.07,0.87,75.83,1
69.03,6.23,0.0,37.85,67.26,3.21,0.742,83.75,0
47.99,3.73,-0.09,29.8,48.02,1.66,0.41,45.87,0
44.85,1.81,-0.166,43.06,52.24,1.76,0.543,42.07,0
68.85,7.38,-0.02,30.59,72.92,3.61,0.663,50.28,0
114.44,12.53,0.134,27.27,82.44,6.87,0.91,131.35,1
81.58,3.9,0.003,34.16,60.82,3.42,0.816,83.65,0
63.43,9.68,-0.006,47.97,67.2,5.31,0.852,50.74,0
147.08,18.49,0.185,22.12,76.2,3.99,0.864,142.13,1
56.05,6.93,-0.078,41.52,59.23,2.76,0.642,65.56,0
72.57,4.51,0.02,47.68,68.77,2.77,0.925,70.17,0
71.66,11.42,0.104,38.83,84.2,10.12,0.871,80.74,1
86.38,7.14,-0.071,32.38,60.44,1.43,0.792,78.91,0
85.94,17.93,0.195,33.15,71.62,3.82,0.874,95.63,1
122.44,15.05,0.135,24.11,71.56,6.28,0.925,119.44,1
134.08,12.73,0.276,24.77,74.8,3.35,0.953,139.25,1
53.97,1.76,-0.066,37.88,61.06,2.13,0.554,52.35,0
138.44,22.28,0.225,23.08,65.27,4.42,0.979,160.31,1
70.49,5.34,0.056,38.24,77.61,4.43,0.832,76.14,1
80.49,7.38,0.053,36.76,66.63,3.74,0.812,69.54,1
95.79,4.07,0.095,30.95,78.57,2.45,0.886,93.12,1
135.55,26.28,0.151,21.88,83.31,9.83,0.914,106.27,1
70.36,6.93,0.048,44.74,67.98,2.87,0.837,84.23,0
59.66,5.45,-0.087,32.17,64.37,2.32,0.608,47.37,0
104.38,17.93,0.147,27.84,84.37,6.83,0.856,94.5,1
70.48,4.4,-0.071,33.35,57.62,3.16,0.694,71.07,0
48.28,1.59,-0.152,33.54,64.75,0.78,0.496,45.37,0
45.21,2.24,-0.121,33.41,63.04,1.98,0.426,45.65,0
54.97,2.03,-0.056,29.8,61.3,1.19,0.465,53.25,0
52.66,5.58,-0.038,48.22,74.02,2.56,0.748,58.23,0
51.36,1.41,-0.129,36.2,59.39,0.63,0.58,50.63,0
111.99,10.92,0.238,23.73,79.84,5.89,0.844,126.67,1
88.52,3.61,-0.054,30.19,67.37,3.55,0.779,90.44,0
51.45,7.28,-0.058,56.57,57.78,2.82,0.787,48.52,0
133.68,21.71,0.245,22.53,83.51,4.79,0.946,143.33,1
67.4,4.23,-0.045,51.46,75.05,3.25,0.936,60.79,0
68.16,14.8,0.119,36.42,92.87,5.17,0.737,61.85,1
58.44,4.19,0.065,39.15,63.55,2.69,0.617,58.4,0
89.91,6.77,0.075,26.81,74.26,3.18,0.773,105.18,0
43.77,2.09,-0.065,47.72,48.59,2.06,0.583,39.63,0
88.56,7.65,0.037,29.13,59.09,2.73,0.714,90.81,1
57.81,6.0,-0.04,38.18,59.0,1.52,0.602,58.62,0
60.34,4.42,0.073,35.63,55.19,1.99,0.683,55.11,0
44.03,4.45,-0.095,47.34,56.46,1.36,0.579,44.15,0
36.83,1.36,-0.05,42.78,61.44,2.34,0.472,35.87,0
99.26,8.99,0.087,27.67,78.13,2.93,0.856,128.67,1
87.77,3.1,0.074,23.88,71.39,1.97,0.633,90.8,0
63.92,6.29,-0.097,35.04,56.99,2.37,0.614,51.52,0
95.53,5.47,0.036,33.38,69.91,3.43,0.928,98.73,0
68.31,6.9,0.074,32.2,85.07,5.69,0.716,61.25,1
51.34,2.54,-0.045,33.07,51.8,2.21,0.497,49.35,0
114.16,17.02,0.214,25.33,78.53,10.28,0.783,143.17,1
118.21,11.25,0.216,22.0,77.27,4.22,0.786,139.0,1
38.02,2.3,-0.067,33.55,61.61,2.45,0.397,41.48,0
119.35,17.91,0.235,27.85,65.4,5.16,0.887,94.9,1
158.45,21.03,0.229,21.58,84.49,5.76,0.923,116.48,1
52.48,3.94,-0.122,28.12,61.31,1.16,0.426,53.47,0
54.42,7.15,0.008,38.79,65.84,1.99,0.641,49.68,0
79.33,7.82,0.218,30.5,81.92,8.36,0.686,96.6,1
97.82,11.91,0.038,28.55,86.48,2.6,0.831,82.33,0
67.34,5.34,0.027,35.26,61.31,1.37,0.668,55.59,0
78.21,5.69,-0.016,29.77,67.73,3.05,0.712,83.8,0
55.63,3.78,0.015,51.32,63.19,1.67,0.792,60.57,0
60.62,4.64,-0.036,51.6,66.18,3.74,0.92,61.58,0
85.54,16.7,0.109,33.56,81.16,3.62,0.81,80.34,1
73.45,3.39,-0.054,27.97,61.3,3.65,0.621,75.5,0
82.48,6.6,0.019,38.96,70.03,4.2,0.956,82.71,1
101.6,5.99,0.031,24.93,94.23,5.03,0.731,97.04,1
46.71,4.55,-0.027,40.13,61.83,1.82,0.553,44.61,0
54.76,3.4,-0.072,45.09,64.77,3.16,0.655,57.24,0
84.87,10.18,0.103,29.14,90.28,2.53,0.808,75.4,1
154.74,24.07,0.276,20.02,70.44,5.04,0.972,179.19,1
92.25,9.33,0.078,29.49,77.9,2.34,0.881,88.74,1
99.82,4.58,0.078,33.06,79.06,4.86,0.887,109.82,1
42.45,4.8,-0.15,29.68,55.34,2.17,0.37,42.54,0
68.38,9.69,-0.041,46.53,70.18,3.75,0.946,76.5,0
66.87,6.15,-0.021,46.12,68.18,3.71,0.849,73.35,0
75.46,6.45,0.02,34.07,68.79,1.4,0.699,77.13,0
81.11,4.23,0.038,26.91,59.34,1.38,0.603,85.49,0
50.18,5.51,0.027,40.32,68.0,1.44,0.634,54.56,0
46.89,3.61,-0.151,27.24,51.48,1.05,0.396,51.0,0
67.52,6.88,0.029,28.99,55.98,3.66,0.628,58.86,0
55.93,3.11,0.013,43.68,74.74,3.68,0.728,50.79,0
56.1,3.69,-0.076,41.81,59.81,2.06,0.625,50.52,0
49.46,4.95,-0.106,29.7,53.52,0.95,0.464,39.72,0
128.19,13.68,0.182,23.26,72.04,3.38,0.885,126.69,1
119.16,11.29,0.229,26.5,84.18,6.66,0.893,127.45,1
99.63,14.62,0.145,30.18,93.3,5.16,0.875,102.16,1
110.83,17.73,0.193,27.44,75.48,6.68,0.815,79.2,1
65.97,8.98,0.075,46.43,75.97,3.28,0.934,75.15,1
35.21,4.33,-0.163,53.74,56.57,1.6,0.508,30.0,0
91.57,7.18,-0.046,30.44,75.42,4.82,0.826,89.7,1
97.73,16.0,0.184,28.94,78.42,6.01,0.788,107.99,1
73.88,14.51,0.106,40.82,83.59,3.83,0.834,77.54,1
88.28,4.24,0.032,29.0,81.93,5.14,0.832,95.68,0
46.05,3.62,-0.112,34.21,55.22,0.88,0.431,39.96,0
63.95,5.0,0.061,41.02,65.89,3.88,0.709,64.55,0
88.85,4.86,-0.033,26.15,57.29,3.27,0.643,80.74,0
118.45,15.73,0.121,20.99,84.75,4.86,0.757,124.23,1
80.74,16.89,0.249,32.56,82.66,5.06,0.765,102.87,1
86.59,7.87,-0.053,22.93,56.61,2.77,0.647,78.67,0
148.24,15.56,0.275,21.92,86.24,11.18,0.903,150.94,1
80.95,8.72,0.202,33.37,81.02,5.28,0.816,101.92,1
86.09,3.25,-0.006,23.42,64.37,3.68,0.607,84.74,0
58.31,3.52,0.007,30.93,49.76,1.04,0.539,58.36,0
68.85,7.78,-0.022,36.03,73.84,3.66,0.773,56.38,0
69.84,4.74,-0.028,33.43,71.53,2.47,0.679,78.08,0
56.05,6.06,-0.057,49.25,61.54,2.12,0.791,54.41,0
57.34,4.42,-0.025,40.99,65.5,2.88,0.678,49.87,0
55.06,6.8,0.053,41.07,63.14,2.6,0.657,64.71,0
76.38,3.21,0.03,27.19,64.37,3.52,0.614,77.98,0
130.58,14.39,0.269,23.24,82.05,4.37,0.919,142.45,1
59.64,3.09,-0.152,23.04,56.19,0.68,0.405,61.84,0
74.2,9.9,-0.023,45.94,66.52,4.57,0.903,68.87,0
92.77,7.33,0.023,33.79,80.91,5.46,0.937,90.11,1
142.23,25.75,0.278,24.24,91.99,9.47,0.966,141.24,1
44.77,4.37,-0.045,37.97,57.11,2.28,0.524,50.72,0
69.71,7.45,-0.038,33.54,72.77,2.5,0.681,63.96,0
144.97,18.87,0.248,19.7,96.71,10.74,0.893,169.16,1
119.23,15.55,0.174,28.51,77.77,5.13,0.941,152.63,1
101.69,15.03,0.184,26.82,85.86,9.57,0.747,78.7,1
71.7,4.86,0.026,34.92,71.72,3.1,0.705,73.62,0
58.69,7.92,0.052,41.64,61.6,2.7,0.774,48.71,0
89.89,11.49,0.082,32.3,96.01,2.88,0.8,93.27,1
118.54,12.48,0.133,27.54,73.1,6.49,0.949,124.27,1
78.41,11.45,0.209,37.2,74.31,6.82,0.912,78.8,1
110.36,14.57,0.113,23.29,70.24,5.03,0.801,113.04,1
72.95,7.57,-0.009,30.58,64.43,1.95,0.72,70.16,0
82.48,7.68,0.144,33.55,79.6,7.17,0.741,95.9,1
53.83,4.77,-0.055,51.14,72.05,2.82,0.801,43.69,0
87.23,7.66,0.074,24.82,58.21,3.09,0.628,96.11,0
83.75,8.84,0.014,34.5,72.37,3.6,0.836,80.92,0
64.22,9.95,-0.013,44.57,73.96,3.88,0.848,65.09,0
74.39,6.62,-0.095,32.69,72.68,1.25,0.726,84.83,0
58.16,2.41,-0.088,37.66,51.39,0.72,0.595,56.15,0
95.71,16.36,0.206,30.56,68.29,5.42,0.795,121.35,1
85.83,7.78,0.058,30.46,63.89,3.37,0.728,78.94,0
116.3,12.56,0.142,26.99,79.46,4.34,0.857,120.34,1
61.6,3.93,-0.027,46.15,74.31,3.47,0.761,52.76,0
93.12,8.03,0.096,29.7,73.26,3.75,0.856,99.7,1
83.6,6.66,0.017,34.39,65.29,3.83,0.871,78.1,0
38.3,3.03,-0.042,45.51,61.66,1.46,0.508,31.94,0
82.42,5.14,0.026,26.89,63.35,3.33,0.696,75.82,0
43.98,1.92,-0.064,47.13,61.37,1.29,0.55,41.14,0
49.85,2.6,-0.013,36.29,60.74,0.97,0.532,49.63,0
160.76,23.23,0.276,20.16,90.93,7.59,0.911,197.99,1
79.28,3.21,0.022,27.9,57.48,2.38,0.691,72.74,0
100.61,17.06,0.153,20.99,86.76,9.93,0.685,76.67,1
82.75,4.0,0.004,28.66,63.4,3.69,0.703,83.96,0
86.06,5.93,0.147,26.39,83.1,4.38,0.715,92.79,1
60.43,12.5,0.073,42.13,71.38,7.53,0.712,58.77,1
95.33,8.33,0.092,29.11,77.25,6.46,0.794,110.7,1
75.69,4.71,0.067,41.33,77.51,3.8,0.871,82.71,1
70.63,9.61,0.019,40.59,72.36,2.44,0.838,106.39,0
72.45,4.69,-0.087,37.05,70.47,3.55,0.808,70.2,0
120.05,13.62,0.162,24.42,84.97,3.2,0.868,149.59,1
84.87,10.91,0.147,29.16,84.11,8.16,0.71,95.64,1
167.61,23.52,0.208,17.49,94.61,11.21,0.935,181.13,1
44.62,4.1,-0.094,36.68,54.99,1.75,0.433,35.52,0
72.33,5.42,0.109,40.19,85.28,4.93,0.809,74.29,0
122.95,16.47,0.278,26.54,80.22,4.81,0.899,142.64,1
84.19,7.7,0.004,27.34,62.97,3.32,0.652,94.86,0
39.44,1.2,-0.043,36.26,56.49,2.02,0.413,37.54,0
90.44,10.04,0.053,26.8,84.74,5.95,0.714,81.51,1
113.37,16.49,0.167,24.99,71.28,6.25,0.87,110.89,1
108.47,10.95,0.161,26.82,76.59,9.73,0.778,114.33,1
36.03,4.68,-0.058,56.44,54.53,1.5,0.552,40.37,0
61.11,9.06,0.159,45.55,80.49,7.22,0.823,38.08,1
64.2,5.48,0.057,40.81,56.68,3.69,0.771,61.27,0
76.83,4.18,-0.021,25.4,58.03,1.46,0.604,78.51,0
54.0,6.46,-0.095,50.86,57.81,3.85,0.736,56.4,0
61.54,19.11,0.139,37.41,76.16,6.88,0.689,33.8,1
95.15,9.7,0.081,27.7,85.92,2.85,0.724,99.9,0
73.71,5.36,0.046,40.94,71.8,4.07,0.884,68.02,0
62.14,5.8,0.021,31.14,64.32,1.36,0.606,70.04,0
154.14,12.91,0.175,21.6,67.94,6.06,0.926,160.41,1
86.13,3.04,-0.061,28.15,68.41,3.7,0.782,89.99,0
61.96,13.68,0.154,39.38,74.92,9.7,0.718,97.06,1
94.32,6.05,-0.01,36.71,80.49,2.1,0.958,87.27,1
82.77,6.55,0.077,34.55,63.37,3.16,0.757,77.03,0
88.41,8.57,0.091,35.43,76.98,4.98,0.836,90.43,1
77.22,4.24,0.008,29.26,61.67,2.44,0.657,69.86,0
85.22,9.93,0.068,29.87,82.76,3.19,0.732,79.98,1
64.34,8.5,-0.004,48.42,77.14,3.14,0.953,69.14,1
70.95,3.4,-0.079,27.62,70.49,2.64,0.639,66.14,0
135.54,14.78,0.199,23.32,66.47,4.14,0.977,171.52,1
59.94,4.89,0.047,47.01,59.04,2.72,0.801,45.22,0
67.68,6.93,0.01,42.99,77.98,2.47,0.931,75.23,0
155.41,18.96,0.254,20.31,75.53,5.16,0.858,155.37,1
90.33,16.66,0.24,31.47,84.31,3.52,0.919,88.13,1
38.69,2.4,-0.014,55.12,51.18,1.78,0.573,35.68,0
132.89,16.89,0.204,23.56,65.35,6.98,0.907,135.21,1
93.68,17.55,0.106,30.35,81.74,4.54,0.782,66.13,0
80.31,6.21,0.066,33.87,58.62,3.44,0.772,82.23,0
51.72,4.33,-0.065,28.78,58.82,1.17,0.467,43.41,0
64.4,7.01,0.153,39.84,83.54,8.38,0.752,72.43,1
90.35,14.51,0.141,37.65,83.91,6.89,0.914,122.39,1
89.68,8.18,0.084,37.55,81.96,3.22,0.92,68.36,1
144.88,20.99,0.159,23.07,83.01,3.87,0.952,108.93,1
81.0,15.5,0.063,30.73,86.76,10.75,0.801,80.01,1
89.74,6.49,-0.071,20.66,58.43,3.55,0.603,94.24,0
73.44,6.91,0.034,28.78,72.85,1.84,0.611,67.6,0
75.77,3.84,0.076,32.51,56.15,3.82,0.707,78.39,0
102.56,5.33,0.063,25.88,83.23,4.97,0.794,115.95,1
41.82,1.01,-0.036,43.05,54.72,1.67,0.558,43.8,0
115.91,11.81,0.21,24.17,83.76,5.09,0.852,117.63,1
108.79,7.64,0.073,23.56,85.18,6.55,0.696,109.21,1
130.08,14.43,0.212,25.48,74.75,3.16,0.938,134.14,1
83.68,6.6,0.049,23.63,72.78,2.1,0.644,75.2,1
73.85,13.07,0.203,35.01,84.87,7.96,0.71,88.75,1
58.01,2.71,-0.107,33.3,57.0,1.9,0.551,56.54,0
70.77,19.12,0.093,38.36,75.12,8.09,0.827,67.82,1
53.7,3.23,-0.003,25.19,59.76,2.03,0.427,51.96,0
64.23,4.61,0.024,34.95,69.19,3.82,0.647,50.9,0
93.63,7.9,0.197,27.47,81.07,11.4,0.737,93.63,1
36.51,4.19,-0.173,45.65,48.39,2.24,0.525,41.63,0
70.57,5.99,-0.018,32.28,64.36,2.07,0.675,76.81,0
75.71,14.89,0.1,30.02,89.63,5.53,0.739,42.79,1
95.58,10.48,0.047,33.03,87.9,3.53,0.863,106.33,0
101.49,15.41,0.222,23.27,81.19,5.95,0.759,110.95,1
87.89,5.82,0.138,32.2,97.26,3.14,0.809,94.19,1
88.91,8.33,0.072,37.56,66.31,3.2,0.939,77.5,1
69.94,3.95,-0.001,33.06,62.8,3.47,0.69,65.08,0
87.54,6.31,0.052,28.04,62.58,2.54,0.768,99.36,0
61.68,6.89,0.061,38.18,64.3,1.44,0.759,57.6,0
140.46,12.08,0.278,20.15,81.96,5.14,0.897,113.74,1
109.88,15.1,0.17,28.32,69.49,6.12,0.837,108.78,1
96.09,5.71,0.048,30.51,75.14,3.46,0.895,94.13,0
61.94,8.47,0.062,45.39,75.94,2.85,0.914,62.77,1
125.34,13.33,0.111,26.47,81.09,6.67,0.895,149.76,1
86.8,7.54,-0.005,24.29,70.96,1.8,0.648,87.5,0
86.09,9.54,0.157,33.41,77.7,7.01,0.899,71.13,1
66.68,7.45,0.019,51.16,78.51,4.63,0.912,55.41,0
97.55,9.11,0.129,24.82,74.74,3.94,0.785,95.19,1
51.42,3.44,-0.038,31.59,49.94,1.15,0.515,52.63,0
120.08,16.44,0.274,24.8,81.02,4.06,0.927,138.69,1
149.2,20.92,0.223,20.11,76.27,5.94,0.922,175.73,1
85.44,13.46,0.199,39.48,75.4,5.21,0.92,83.8,1
101.25,12.31,0.094,27.92,91.74,5.57,0.765,100.59,1
133.24,24.71,0.222,21.21,65.52,5.26,0.903,109.81,1
102.55,12.53,0.094,24.82,96.36,3.51,0.786,97.18,1
55.73,3.13,-0.057,44.8,59.8,3.24,0.77,56.49,0
89.76,17.83,0.122,30.95,73.12,3.94,0.814,124.25,1
110.88,13.44,0.085,27.41,68.94,5.97,0.855,97.55,1
67.91,8.92,0.087,51.13,70.19,4.05,0.934,80.03,1
65.43,5.04,0.142,40.97,94.62,5.76,0.852,64.97,1
121.6,23.75,0.132,25.21,75.61,3.33,0.939,157.82,1
145.38,20.08,0.189,18.83,67.38,4.64,0.889,150.8,1
68.44,6.59,0.013,37.62,75.01,3.92,0.826,63.22,0
53.46,2.61,-0.166,31.39,49.21,2.35,0.542,54.18,0
151.57,25.12,0.209,22.21,94.42,10.76,0.904,159.34,1
79.97,10.34,0.178,33.42,77.71,8.52,0.748,54.25,1
57.94,3.67,-0.086,29.42,58.9,0.72,0.545,56.01,0
151.29,16.07,0.169,20.81,81.74,5.66,0.968,144.19,1
115.85,12.21,0.119,24.21,76.04,3.26,0.888,125.06,1
84.63,7.3,-0.012,38.19,66.64,2.79,0.872,74.52,0
118.98,14.48,0.236,22.61,68.56,7.49,0.859,104.21,1
65.68,6.23,-0.021,37.41,61.69,2.16,0.655,71.45,0
54.97,2.83,-0.14,33.42,50.67,1.0,0.553,52.11,0
61.06,5.84,-0.019,41.6,57.24,1.59,0.696,53.26,0
108.72,10.05,0.069,21.14,80.95,10.08,0.691,124.21,1
58.38,1.26,-0.142,21.84,62.76,2.11,0.367,57.04,0
53.35,4.37,-0.046,48.63,60.16,1.4,0.723,50.15,0
55.11,7.01,0.002,53.63,64.91,3.84,0.798,39.74,0
83.06,9.6,-0.002,37.55,65.77,4.06,0.871,76.79,0
132.21,14.3,0.219,21.53,83.08,3.92,0.871,143.85,1
84.04,5.29,-0.096,29.38,56.69,3.96,0.709,84.79,0
53.07,7.0,0.067,46.06,61.84,2.11,0.792,40.94,0
94.31,10.35,0.093,29.09,84.69,2.53,0.882,71.48,1
67.22,8.5,-0.019,50.88,70.94,3.79,0.916,67.14,1
51.49,5.5,0.054,50.28,60.54,2.31,0.729,51.18,0
69.31,5.59,-0.017,38.68,67.22,5.27,0.847,65.52,0
40.11,1.99,0.007,49.21,61.42,0.8,0.539,36.59,0
73.03,7.11,0.04,36.67,73.56,1.87,0.796,68.77,0
60.59,9.28,-0.027,47.95,70.6,3.29,0.941,68.23,0
61.02,6.44,-0.045,52.75,67.93,2.88,0.872,57.58,1
131.8,15.56,0.206,21.29,70.19,5.18,0.868,134.13,1
80.88,7.74,-0.079,30.35,61.39,1.62,0.674,98.09,0
107.99,12.84,0.171,24.45,77.44,6.67,0.76,124.71,1
88.07,13.45,0.163,28.34,80.22,7.04,0.815,71.84,1
58.34,3.05,-0.04,30.81,55.94,2.19,0.564,59.18,0
104.16,13.92,0.123,25.43,87.3,5.93,0.805,90.38,1
79.77,5.66,0.01,32.15,74.3,2.8,0.687,80.09,0
162.27,25.43,0.286,16.72,80.01,9.27,0.88,163.93,1
59.36,1.89,-0.085,19.03,56.87,1.32,0.365,55.25,0
99.6,5.25,0.032,36.15,78.46,5.48,0.958,90.09,1
47.24,3.79,-0.158,34.75,61.75,1.56,0.46,40.21,0
169.41,21.44,0.182,19.89,87.94,10.6,0.975,194.9,1
75.27,8.86,0.038,35.85,66.86,5.13,0.875,72.2,0
101.97,17.22,0.106,28.54,81.0,6.53,0.846,123.38,1
50.62,4.03,-0.012,36.01,54.02,2.49,0.54,50.11,0
70.75,6.21,0.065,32.21,93.02,2.76,0.711,70.61,0
53.72,3.32,-0.052,49.87,74.29,3.65,0.726,50.47,0
113.82,22.12,0.113,30.58,69.96,3.97,0.922,95.8,1
80.27,7.18,0.003,32.17,67.91,3.85,0.792,94.58,0
65.72,7.4,0.076,39.62,62.81,2.52,0.709,74.6,0
51.14,1.18,-0.072,23.56,61.24,1.22,0.354,49.23,0
69.2,6.03,0.1,44.69,80.03,5.28,0.936,63.13,1
84.85,10.34,0.221,34.93,72.01,5.01,0.866,101.63,1
44.51,4.63,-0.092,37.38,63.81,2.32,0.537,43.08,0
71.31,13.2,0.123,38.37,87.0,7.06,0.808,74.07,1
98.58,6.87,-0.034,34.89,76.85,3.24,0.93,97.78,0
99.03,7.35,0.035,28.52,74.94,3.54,0.862,99.25,0
67.91,7.25,0.04,48.79,71.6,3.47,0.905,67.89,1
79.05,9.93,0.016,42.33,65.86,4.29,0.911,86.22,1
92.54,13.64,0.107,31.57,83.46,5.3,0.896,67.45,1
55.63,6.42,-0.044,49.8,68.42,3.01,0.8,68.75,0
52.25,6.16,0.038,55.54,70.4,1.83,0.771,55.39,0
159.76,12.98,0.269,20.87,78.79,4.35,0.888,165.05,1
131.4,16.24,0.216,24.01,79.33,6.92,0.867,117.16,1
84.4,4.8,-0.042,26.75,55.91,3.85,0.714,81.64,0
51.53,6.6,-0.05,54.83,66.1,1.5,0.757,52.99,0
92.62,15.34,0.165,31.77,73.15,4.3,0.853,57.84,1
86.9,8.14,-0.043,32.24,72.0,2.34,0.867,75.05,0
36.29,4.98,-0.033,34.6,48.34,1.97,0.372,30.0,0
81.29,7.78,0.004,33.12,61.75,2.27,0.75,85.04,0
106.75,11.29,0.146,21.92,85.39,4.36,0.734,90.65,1
100.62,13.08,0.094,25.67,92.35,5.97,0.736,116.79,1
35.89,1.07,-0.116,36.08,61.82,2.21,0.399,32.13,0
86.34,5.51,0.018,26.46,67.62,2.28,0.691,81.76,0
75.38,5.96,-0.047,29.49,62.37,2.36,0.633,69.24,0
87.6,9.3,0.137,31.75,91.51,5.59,0.748,83.55,1
58.97,4.09,0.001,24.73,51.36,0.61,0.409,65.49,0
58.19,3.59,0.014,25.01,53.95,1.63,0.436,61.64,0
60.08,16.51,0.178,45.82,76.21,9.11,0.829,64.43,1
54.95,3.4,0.036,41.28,74.18,2.64,0.602,54.41,0
67.61,10.84,0.076,47.25,87.78,3.41,0.869,68.1,1
65.61,6.27,-0.054,38.18,56.13,2.85,0.695,64.37,0
45.33,2.68,-0.162,30.4,50.63,1.52,0.4,44.16,0
70.65,7.37,-0.063,26.49,68.45,2.17,0.609,90.84,0
76.31,8.09,0.119,32.64,88.61,4.19,0.735,79.71,1
149.79,17.6,0.182,20.62,82.92,3.95,0.964,165.67,1
87.29,18.7,0.105,32.18,82.75,10.39,0.81,98.9,1
74.45,6.64,-0.038,35.88,60.16,1.89,0.747,72.99,0
88.46,11.83,0.063,30.3,89.1,4.59,0.82,102.23,1
60.4,4.5,0.019,41.68,69.08,3.11,0.753,64.13,0
65.79,4.27,-0.072,41.8,56.86,3.83,0.752,70.08,0
117.9,12.28,0.241,26.27,84.77,5.7,0.86,118.4,1
41.15,3.7,-0.171,43.8,50.88,1.92,0.559,37.57,0
39.23,3.92,-0.132,37.0,57.65,1.14,0.436,32.99,0
82.62,3.9,-0.085,27.08,63.49,2.72,0.672,71.69,0
51.19,4.87,-0.078,37.06,53.14,0.66,0.597,42.95,0
65.8,4.58,-0.083,34.58,61.76,1.54,0.695,62.27,0
105.7,14.12,0.153,24.78,74.27,5.87,0.791,120.08,1
68.6,4.7,0.082,47.4,75.63,3.72,0.882,63.77,0
156.23,21.36,0.12,19.29,80.74,6.34,0.873,220.0,1
90.5,15.22,0.125,32.46,71.95,11.31,0.816,66.49,1
56.44,5.05,0.019,47.77,62.65,2.92,0.739,63.1,0
51.05,5.25,0.037,53.24,68.03,2.65,0.72,51.7,0
53.66,3.8,-0.031,39.03,74.27,3.85,0.634,49.94,0
101.99,13.34,0.219,30.22,68.0,6.55,0.857,121.22,1
86.34,5.62,0.009,30.28,60.98,2.11,0.819,86.68,0
114.79,15.44,0.098,24.72,80.43,6.9,0.917,152.35,1
81.72,8.0,0.073,34.75,79.43,2.57,0.872,83.63,1
72.17,11.64,0.145,43.38,79.1,5.25,0.887,95.51,1
90.97,6.42,0.058,34.8,81.38,2.75,0.916,102.26,1
74.07,7.99,-0.064,31.16,61.92,2.67,0.715,73.69,0
126.79,14.37,0.158,24.63,84.01,5.32,0.856,119.9,1
83.27,18.74,0.132,33.1,78.85,10.17,0.795,70.31,1
50.15,2.96,-0.161,27.88,56.75,2.17,0.449,45.35,0
127.42,22.69,0.217,23.82,81.91,4.97,0.888,106.01,1
73.03,4.18,-0.047,41.09,81.0,5.05,0.875,70.22,0
138.26,12.08,0.139,22.74,80.09,3.58,0.853,123.1,1
68.67,15.16,0.203,39.38,76.27,9.44,0.824,84.66,1
99.97,8.49,0.042,27.1,75.51,3.2,0.879,107.69,1
50.66,1.34,-0.003,28.63,52.14,1.16,0.417,50.33,0
71.79,5.46,0.029,33.8,70.64,1.69,0.67,80.6,0
79.26,8.0,-0.038,41.18,65.94,2.52,0.939,89.29,1
106.97,8.76,0.237,30.76,78.3,5.42,0.916,110.85,1
86.65,7.78,0.067,25.64,59.65,2.03,0.658,68.7,0
42.85,2.5,-0.056,38.9,60.5,2.15,0.541,49.09,0
62.89,10.32,0.159,46.77,86.51,9.0,0.852,78.92,1
167.49,22.53,0.228,18.82,95.01,11.36,0.98,205.1,1
64.45,8.77,-0.023,49.24,75.4,2.68,0.933,64.91,0
77.28,6.17,-0.023,32.06,65.39,2.62,0.798,87.18,0
58.62,5.64,-0.057,48.48,66.29,3.6,0.767,58.37,0
51.22,3.9,-0.07,29.27,59.02,2.33,0.446,45.4,0
131.77,12.96,0.19,24.29,76.77,4.45,0.914,111.18,1
56.96,4.82,-0.063,20.91,64.48,1.94,0.361,56.23,0
105.0,16.28,0.215,32.1,84.44,5.26,0.9,127.22,1
78.93,3.35,0.023,33.12,73.12,2.24,0.751,79.53,1
110.87,10.06,0.17,22.06,70.05,5.54,0.785,105.51,1
91.43,5.31,0.037,30.77,91.46,2.6,0.81,95.39,1
67.22,14.7,0.164,37.56,85.4,11.03,0.687,84.04,1
82.99,6.72,0.014,29.76,71.13,3.05,0.749,89.87,0
35.43,3.8,0.011,45.85,64.9,1.91,0.527,34.48,0
55.68,2.14,-0.091,25.62,52.57,1.42,0.428,56.79,0
124.85,14.78,0.22,27.58,83.02,3.06,0.937,137.87,1
136.05,20.08,0.116,22.8,69.55,4.02,0.906,152.67,1
99.55,13.39,0.153,29.66,77.52,4.52,0.915,114.82,1
100.57,13.23,0.081,27.55,79.97,6.15,0.891,111.3,1
103.82,7.86,0.045,28.57,87.69,4.89,0.79,103.01,1
64.52,3.31,0.062,35.25,74.06,3.06,0.608,54.06,0
126.57,24.45,0.248,26.5,68.26,5.94,0.936,110.92,1
77.0,9.55,-0.025,39.06,66.07,4.78,0.857,66.18,1
51.61,3.83,-0.018,43.5,60.18,3.65,0.654,48.96,0
89.17,4.21,0.005,36.68,68.17,2.42,0.887,91.08,0
37.08,3.57,0.014,51.4,56.01,0.91,0.595,36.86,0
85.58,7.56,0.009,32.83,69.8,3.05,0.769,89.0,1
75.66,12.44,0.096,37.46,94.83,4.94,0.759,106.58,1
39.14,3.6,-0.131,53.41,49.69,1.85,0.576,38.31,0
112.54,10.95,0.081,26.72,72.78,7.06,0.8,112.42,1
52.82,5.36,-0.001,40.48,62.55,2.09,0.62,60.95,0
55.47,7.06,0.022,52.83,63.99,3.7,0.796,64.44,0
67.54,4.91,0.068,39.23,73.56,3.43,0.757,66.83,0
88.75,4.6,-0.083,27.88,69.68,2.0,0.756,83.53,0
86.1,5.22,0.146,31.35,95.66,5.31,0.763,90.21,1
67.79,4.69,0.053,32.94,71.65,1.49,0.706,57.38,0
118.87,13.88,0.167,22.03,71.66,6.37,0.839,151.37,1
96.57,7.16,-0.029,28.73,66.55,2.71,0.9,111.57,0
88.1,5.85,0.095,32.42,93.52,2.77,0.887,94.94,1
111.65,22.56,0.201,30.29,84.16,5.99,0.921,124.06,1
80.93,10.54,0.118,29.87,91.12,3.33,0.764,100.85,1
86.65,5.29,0.016,26.03,73.09,2.79,0.623,82.32,0
54.86,2.03,-0.074,40.37,49.52,1.9,0.59,55.24,0
87.35,6.74,-0.058,28.31,55.72,3.53,0.673,82.76,0
101.64,11.53,0.093,30.98,80.35,7.15,0.878,110.86,1
50.77,2.71,0.0,33.02,54.77,0.76,0.513,53.09,0
81.75,5.65,-0.017,37.27,67.89,4.8,0.894,73.81,0
86.23,12.1,0.217,33.05,71.79,5.96,0.881,93.99,1
89.53,7.76,0.001,30.0,71.03,3.22,0.754,90.53,0
95.0,18.04,0.164,27.55,74.22,8.36,0.827,109.07,1
47.64,2.82,0.019,38.61,61.37,1.23,0.503,53.21,0
42.36,3.19,-0.053,44.13,63.56,2.31,0.497,44.72,0
95.03,14.72,0.153,24.31,88.84,3.33,0.754,88.17,1
72.5,8.57,0.075,43.27,75.91,3.62,0.957,91.07,1
75.0,7.13,0.085,38.28,82.01,3.19,0.898,68.99,1
78.29,4.89,0.011,38.68,74.06,2.34,0.834,86.3,0
72.66,6.62,-0.025,32.29,56.96,2.67,0.684,85.56,0
105.79,16.76,0.074,25.36,71.45,9.97,0.804,102.78,1
67.29,18.21,0.154,41.57,70.55,9.19,0.751,78.71,1
71.14,10.68,0.148,39.62,83.46,4.54,0.805,75.09,1
79.15,6.81,0.039,34.11,59.32,2.33,0.746,64.17,0
81.27,13.06,0.183,34.73,81.26,6.78,0.752,90.66,1
57.23,5.97,-0.023,36.22,66.31,3.39,0.674,62.63,0
44.73,4.01,-0.103,44.42,51.01,1.16,0.575,46.47,0
125.96,17.52,0.189,24.72,75.46,4.45,0.961,139.0,1
53.65,1.48,-0.136,30.11,54.13,1.34,0.445,46.38,0
144.59,22.03,0.244,21.18,93.66,9.63,0.906,133.73,1
95.33,7.37,0.041,35.62,78.9,4.11,0.943,102.51,1
67.33,5.74,-0.089,29.29,71.59,1.37,0.62,69.89,0
83.82,8.66,0.026,37.2,77.33,3.75,0.891,67.4,1
154.89,17.22,0.169,18.79,77.27,3.12,0.85,162.93,1
77.13,12.86,0.063,40.74,91.76,3.09,0.847,99.58,1
71.04,19.86,0.051,37.0,73.6,6.57,0.733,95.75,1
76.55,9.44,0.125,32.35,93.16,4.72,0.788,86.51,1
100.15,12.21,0.125,23.81,86.29,3.88,0.731,112.44,1
95.1,14.35,0.088,34.11,73.44,10.47,0.864,86.6,1
79.08,7.96,0.017,25.11,59.08,2.11,0.648,68.48,0
92.61,6.16,0.022,37.17,69.12,4.52,0.955,99.69,0
58.84,5.5,-0.037,47.38,67.45,2.53,0.77,63.19,0
168.94,27.3,0.268,19.27,98.65,8.82,0.925,147.94,1
118.05,24.75,0.227,29.05,66.32,6.05,0.948,86.62,1
47.24,1.44,-0.086,28.06,53.93,0.91,0.411,47.26,0
68.45,14.2,0.105,42.4,90.56,4.7,0.779,61.0,1
158.79,16.83,0.104,17.85,65.53,6.96,0.869,143.09,1
86.94,7.98,0.008,23.42,56.63,2.55,0.607,75.77,0
116.7,13.35,0.198,24.26,70.5,4.42,0.902,153.58,1
116.98,18.66,0.158,26.69,84.65,3.63,0.905,113.55,1
48.19,4.79,-0.102,24.51,54.6,0.88,0.366,42.42,0
92.81,5.67,0.094,33.38,88.75,2.57,0.822,103.24,1
63.03,5.38,-0.03,39.65,55.44,2.21,0.675,58.57,0
144.52,13.89,0.206,24.63,79.0,3.59,0.966,141.53,1
153.68,26.91,0.29,19.81,80.15,11.43,0.982,99.85,1
123.29,18.69,0.186,24.35,74.59,6.74,0.929,135.48,1
63.07,7.66,0.052,51.89,76.8,2.6,0.891,62.25,1
117.0,17.21,0.114,28.27,78.39,6.76,0.921,134.67,1
86.31,14.3,0.151,30.54,85.09,7.43,0.762,90.56,1
78.89,7.52,0.059,30.66,67.86,2.3,0.712,82.78,0
102.85,14.31,0.219,25.61,82.85,10.46,0.771,68.83,1
56.42,3.18,-0.098,24.87,54.69,1.99,0.377,51.61,0
77.7,14.91,0.243,34.53,78.49,5.71,0.859,59.57,1
79.18,6.01,0.019,37.56,70.68,3.39,0.798,79.76,0
37.72,2.84,-0.022,33.93,48.97,0.73,0.357,37.82,0
47.53,2.48,-0.159,39.59,53.46,1.1,0.533,38.36,0
93.87,7.71,0.147,28.36,84.54,5.24,0.746,104.82,1
57.31,3.58,0.051,42.36,61.55,3.04,0.771,56.65,0
82.62,5.75,0.096,31.52,89.11,2.66,0.784,84.58,0
53.91,2.48,-0.037,30.73,55.2,1.67,0.442,54.8,0
89.59,5.42,-0.016,30.55,66.11,2.98,0.742,90.13,0
89.85,6.98,0.019,31.09,72.75,3.6,0.91,89.85,1
105.25,10.62,0.139,26.16,71.89,11.29,0.749,91.37,1
53.14,6.6,-0.037,53.45,61.05,1.87,0.819,49.1,0
105.47,8.61,0.236,24.5,83.54,5.46,0.764,114.88,1
158.67,24.87,0.217,18.73,75.12,5.12,0.867,153.15,1
105.56,15.12,0.1,25.04,77.66,6.23,0.847,108.42,1
75.06,4.4,-0.009,35.76,69.11,1.53,0.77,77.27,0
54.35,2.13,-0.122,37.05,54.12,0.72,0.577,53.91,0
116.24,22.36,0.216,27.64,80.7,3.45,0.964,109.02,1
59.31,3.94,-0.177,34.49,49.71,0.87,0.57,62.53,0
153.25,18.97,0.152,18.91,71.86,4.31,0.896,175.26,1
72.28,5.12,0.076,40.44,80.82,2.58,0.924,75.19,0
137.07,19.99,0.186,23.92,68.61,4.92,0.928,184.78,1
84.82,11.34,0.102,32.97,70.42,9.84,0.762,77.49,1
145.96,15.64,0.298,22.37,82.41,8.77,0.909,163.54,1
66.62,3.59,-0.041,36.22,67.24,1.54,0.759,58.46,0
95.24,17.57,0.109,25.8,73.07,8.06,0.799,86.51,1
92.65,8.25,0.074,33.2,68.15,5.4,0.86,108.02,1
93.36,4.08,0.003,33.34,66.33,3.99,0.924,90.47,0
101.58,10.42,0.127,31.83,75.94,5.07,0.903,99.93,1
155.48,12.33,0.181,22.47,71.37,6.09,0.929,137.79,1
161.81,18.98,0.19,19.64,83.09,7.31,0.977,160.96,1
93.38,8.6,0.13,31.47,85.28,7.65,0.805,103.67,1
77.23,4.69,0.057,38.88,68.0,3.25,0.85,72.09,0
69.36,5.1,-0.049,39.58,72.29,2.82,0.886,76.98,0
97.19,13.61,0.022,29.8,87.46,5.97,0.893,92.0,1
68.86,4.77,-0.036,39.93,69.93,3.98,0.785,63.11,0
59.91,3.21,-0.04,23.97,57.31,2.39,0.452,58.81,0
61.69,3.76,0.043,34.12,56.63,2.04,0.614,60.16,0
88.3,7.76,-0.05,28.0,66.57,1.86,0.761,86.29,0
69.65,5.1,-0.048,35.69,64.63,3.03,0.778,56.7,0
71.06,6.9,0.038,33.49,68.89,3.84,0.678,74.82,0
38.71,3.72,-0.159,45.5,56.78,1.33,0.568,39.09,0
35.52,2.9,0.006,42.86,55.28,1.7,0.449,34.83,0
137.59,15.26,0.241,23.73,82.02,8.01,0.981,131.23,1
95.28,4.33,0.091,34.16,76.2,3.29,0.899,101.35,1
56.66,3.24,-0.029,48.27,70.1,2.65,0.788,58.52,0
85.98,14.64,0.161,33.49,87.95,4.66,0.829,109.31,1
65.77,4.53,-0.027,39.84,63.56,1.94,0.726,61.13,0
128.42,23.5,0.236,26.06,83.76,3.31,0.892,134.68,1
73.51,7.12,0.124,37.5,79.7,10.48,0.752,64.21,1
38.7,1.19,-0.052,30.3,60.48,1.62,0.366,34.9,0
81.58,5.1,0.016,40.91,72.85,2.52,0.932,85.52,0
133.97,17.9,0.253,25.93,65.66,4.18,0.942,122.33,1
110.92,19.09,0.231,29.86,80.21,5.9,0.931,126.69,1
76.1,6.83,0.058,46.21,69.63,3.2,0.943,86.06,1
98.93,9.79,0.193,29.8,82.0,6.48,0.918,103.64,1
85.57,4.65,-0.089,30.88,60.4,3.2,0.705,89.71,0
161.09,27.42,0.218,20.52,96.02,10.41,0.965,213.64,1
60.12,7.05,0.071,41.32,69.02,3.26,0.702,69.32,0
137.36,23.46,0.181,22.93,81.89,5.7,0.858,154.5,1
105.44,9.31,0.193,28.88,75.23,5.15,0.901,114.45,1
74.11,16.92,0.228,39.78,77.95,6.5,0.92,102.87,1
96.05,8.98,0.091,35.97,79.77,2.22,0.942,112.24,0
74.3,4.9,-0.09,35.8,61.56,2.51,0.749,59.74,0
59.59,4.86,-0.08,45.25,66.48,1.56,0.814,52.42,0
71.88,5.66,-0.094,35.07,60.51,1.25,0.809,62.76,0
51.67,4.9,0.012,38.38,61.27,2.37,0.625,53.3,0
87.83,8.11,0.058,30.04,74.46,6.98,0.784,91.22,1
82.62,7.36,0.075,29.66,67.17,2.22,0.768,87.87,0
52.17,4.98,-0.087,34.15,56.42,1.42,0.531,36.7,0
163.69,27.24,0.282,18.15,97.02,8.64,0.905,171.95,1
146.34,15.96,0.11,21.57,79.43,4.31,0.899,172.35,1
154.86,17.62,0.13,17.67,73.64,5.86,0.891,175.47,1
144.21,25.92,0.251,23.65,95.42,10.76,0.96,159.1,1
72.76,4.01,-0.047,32.26,73.49,1.7,0.753,71.63,0
85.26,7.58,-0.05,29.57,68.2,2.12,0.683,78.13,0
66.21,7.85,0.178,38.14,86.45,8.34,0.713,61.13,1
75.14,7.4,0.112,38.29,94.3,5.15,0.812,85.99,1
74.9,7.95,0.047,29.14,61.41,2.8,0.61,74.65,0
90.27,17.22,0.098,28.23,70.97,9.37,0.717,113.42,1
52.09,3.5,0.026,48.03,68.43,3.53,0.681,46.03,0
56.89,5.43,0.032,43.31,70.69,1.84,0.77,67.48,0
72.77,4.63,0.058,38.93,67.83,2.52,0.862,77.08,0
99.63,11.58,0.084,24.09,72.94,6.14,0.766,87.26,1
80.58,9.72,0.091,33.58,75.88,6.82,0.864,84.29,1
38.62,2.23,-0.027,34.43,54.94,1.17,0.426,38.29,0
149.39,20.56,0.193,19.37,77.85,3.62,0.862,170.45,1
75.16,6.91,0.023,30.75,57.98,2.17,0.748,72.37,1
46.89,4.43,-0.07,24.34,64.56,2.17,0.362,44.3,0
156.09,17.86,0.167,18.09,81.69,5.64,0.91,175.22,1
138.44,17.39,0.281,23.98,92.44,9.42,0.926,171.78,1
133.96,15.74,0.165,26.8,74.36,3.85,0.962,128.26,1
98.08,17.14,0.091,23.74,75.53,9.49,0.731,87.22,1
69.69,11.79,0.145,38.35,87.82,4.01,0.8,65.47,1
97.2,14.13,0.16,33.57,81.05,5.52,0.888,78.9,1
53.78,4.11,0.011,28.01,52.55,2.29,0.417,49.08,0
80.16,4.93,-0.031,32.15,75.71,3.26,0.822,81.66,0
62.91,3.84,0.07,37.58,61.68,3.55,0.67,68.47,0
87.85,4.04,0.078,31.43,66.78,3.05,0.783,96.17,0
67.63,7.18,0.174,41.01,88.05,5.17,0.807,64.7,1
98.27,5.34,0.019,28.2,75.26,3.31,0.836,101.95,1
55.67,1.04,-0.02,27.44,64.76,1.72,0.493,54.71,0
74.72,5.45,0.074,40.22,74.68,3.63,0.809,82.61,0
74.78,13.31,0.133,41.66,91.14,2.8,0.893,60.7,1
44.85,3.39,-0.105,35.62,50.26,2.39,0.444,45.6,0
110.06,21.95,0.233,26.19,72.39,5.43,0.851,104.58,1
66.15,9.86,-0.014,47.01,67.43,3.15,0.92,82.86,1
67.69,6.7,-0.026,48.93,76.28,2.22,0.898,62.68,1
103.07,12.69,0.165,23.64,81.7,5.97,0.772,96.64,1
80.57,17.54,0.147,29.9,76.71,7.71,0.702,78.9,1
67.33,7.53,0.004,37.39,60.24,2.9,0.725,78.05,0
82.86,14.91,0.161,32.75,90.6,4.12,0.85,104.49,1
92.69,16.82,0.105,33.39,79.0,5.57,0.836,80.06,1
89.58,3.58,-0.077,25.18,68.62,2.24,0.629,95.44,0
148.49,19.13,0.197,19.68,73.22,5.18,0.861,123.17,1
109.54,18.78,0.19,22.25,82.91,8.48,0.755,100.63,1
79.93,9.61,0.173,30.51,96.44,3.3,0.763,81.01,1
135.95,20.74,0.108,23.1,74.11,4.32,0.879,107.19,1
154.72,15.81,0.232,21.54,84.26,4.99,0.951,160.13,1
80.07,11.78,0.094,36.34,95.69,2.68,0.788,82.25,1
86.96,11.7,0.219,30.14,80.62,9.91,0.702,107.97,1
100.11,11.44,0.039,27.86,84.22,5.58,0.775,110.9,1
87.82,6.5,0.073,29.53,93.6,3.06,0.727,98.9,1
104.61,12.59,0.103,24.13,73.44,6.3,0.804,114.51,1
70.25,16.35,0.164,38.15,73.4,7.29,0.83,86.36,1
64.63,6.97,0.033,44.3,56.17,1.23,0.804,57.55,0
137.34,13.33,0.216,20.68,77.65,6.34,0.892,121.95,1
156.54,18.9,0.266,20.27,77.09,4.62,0.877,158.95,1
57.82,2.51,-0.136,29.61,58.61,1.43,0.502,62.59,0
112.78,16.52,0.069,23.82,87.56,10.13,0.722,135.35,1
52.85,2.18,-0.07,35.1,56.18,2.17,0.507,49.19,0
84.02,7.02,-0.012,26.35,71.63,2.57,0.684,74.06,0
96.12,8.36,0.062,32.54,94.43,5.25,0.891,97.59,1
83.57,6.8,0.008,32.52,58.83,3.84,0.811,75.13,0
89.71,14.95,0.22,36.81,87.4,8.24,0.875,95.52,1
85.05,18.07,0.087,32.63,87.39,11.24,0.781,75.35,1
88.87,7.71,-0.036,29.74,66.84,4.54,0.836,92.63,0
46.69,2.43,-0.07,38.28,59.64,1.58,0.527,48.29,0
63.23,4.3,0.034,38.29,71.94,2.12,0.679,62.41,0
72.26,11.86,0.138,44.95,84.44,5.34,0.889,79.3,1
130.74,18.52,0.288,27.34,95.18,11.71,0.982,176.65,1
70.51,10.88,0.085,39.87,71.72,5.51,0.766,76.39,1
87.13,5.5,0.06,26.82,60.54,3.77,0.7,94.91,0
95.17,11.29,0.193,29.58,68.43,7.1,0.919,84.54,1
90.29,4.3,0.033,30.68,67.27,4.7,0.861,88.69,1
72.3,10.58,0.15,37.85,70.32,7.71,0.812,85.05,1
54.69,3.5,-0.112,34.81,62.34,1.73,0.525,51.03,0
101.2,14.43,0.103,29.82,73.72,10.4,0.829,101.35,1
67.7,4.6,0.062,52.06,76.06,2.5,0.944,76.19,1
174.51,21.07,0.239,17.39,93.99,11.65,0.965,220.0,1
85.6,7.37,0.076,28.01,71.62,2.4,0.713,93.54,0
82.67,16.18,0.248,33.66,68.95,6.76,0.794,87.35,1
114.27,15.4,0.123,25.08,67.12,6.82,0.879,102.27,1
46.1,4.59,-0.045,40.41,59.99,2.17,0.505,49.67,0
136.77,15.6,0.258,22.52,83.12,3.16,0.92,147.48,1
107.65,7.5,0.171,29.17,96.11,4.47,0.891,114.12,1
50.75,4.93,-0.043,39.61,48.98,0.86,0.594,52.59,0
65.4,6.91,-0.071,40.59,61.3,2.4,0.815,58.59,0
71.74,12.46,0.05,35.15,94.69,2.83,0.747,74.48,1
35.58,2.39,-0.04,32.83,63.1,2.33,0.373,39.79,0
86.61,16.37,0.202,29.23,80.48,7.26,0.81,66.41,1
62.24,5.32,-0.01,40.73,61.01,3.07,0.719,55.93,0
93.85,11.56,0.163,32.62,76.17,3.56,0.907,99.79,1
55.52,4.12,-0.077,28.08,55.91,1.67,0.412,60.74,0
134.57,16.61,0.246,21.12,84.89,4.83,0.914,159.74,1
160.72,15.65,0.188,17.61,94.05,9.37,0.919,139.33,1
171.48,21.99,0.256,19.56,94.46,10.46,0.904,220.0,1
66.52,9.48,0.129,36.47,88.57,5.8,0.719,76.03,1
47.51,4.88,-0.154,44.81,59.75,1.09,0.574,54.05,0
83.61,17.58,0.116,35.87,81.46,7.21,0.85,78.22,1
39.26,1.09,-0.138,39.93,56.19,1.55,0.484,34.83,0
52.13,3.82,-0.108,35.66,58.95,1.95,0.57,49.33,0
64.96,6.31,0.017,38.03,57.81,2.4,0.789,66.2,0
75.58,4.09,0.085,38.12,79.45,2.21,0.894,73.96,0
104.16,12.03,0.085,22.49,71.43,10.3,0.693,85.11,1
97.68,11.82,0.042,24.85,94.09,5.02,0.729,92.37,1
64.86,4.63,0.084,49.34,80.89,3.21,0.902,58.49,0
58.19,6.09,-0.077,38.46,73.63,2.75,0.6,47.62,0
148.03,24.88,0.235,21.87,80.48,10.4,0.982,117.13,1
67.21,7.06,0.026,41.88,68.43,3.43,0.839,60.46,0
60.17,9.82,0.092,45.87,81.92,4.36,0.888,56.76,1
54.71,7.58,0.013,44.44,72.97,2.45,0.786,51.66,0
66.5,9.17,0.126,39.64,78.42,8.65,0.748,55.08,1
107.17,6.08,0.036,26.12,90.1,5.18,0.871,102.0,1
85.81,6.96,0.035,22.82,70.98,1.59,0.608,88.83,0
49.43,2.06,-0.048,37.84,49.84,1.85,0.502,49.28,0
80.38,9.6,0.066,33.66,82.46,5.94,0.771,68.61,1
87.53,8.84,0.106,28.89,87.76,4.12,0.776,92.08,1
83.71,3.76,-0.094,27.27,74.59,3.52,0.654,75.99,0
171.82,21.23,0.297,17.7,84.57,10.06,0.913,140.33,1
74.72,4.38,-0.091,38.32,72.66,3.92,0.801,77.9,0
87.31,7.35,-0.031,30.88,69.92,5.12,0.846,87.07,0
145.78,13.43,0.148,21.41,70.32,4.19,0.975,161.87,1
65.16,5.4,0.046,49.33,74.41,2.43,0.884,61.89,0
109.61,15.37,0.233,23.99,75.76,4.24,0.79,111.04,1
70.89,3.27,0.029,37.66,71.58,1.96,0.72,73.94,0
72.95,3.95,0.022,33.77,74.71,2.72,0.757,76.05,0
160.77,28.71,0.177,17.52,90.3,7.82,0.916,194.01,1
61.74,6.57,0.064,57.82,81.75,3.48,0.953,59.99,1
111.77,21.7,0.216,29.11,75.15,3.52,0.882,150.08,1
56.35,4.03,0.079,43.19,74.24,2.03,0.766,50.8,0
70.12,5.47,-0.069,35.82,62.24,1.72,0.761,79.73,0
47.05,3.1,-0.152,37.79,63.79,1.9,0.579,45.75,0
89.17,11.29,0.179,37.78,95.72,2.72,0.899,109.63,1
66.29,4.6,-0.017,29.45,62.14,3.6,0.632,68.53,0
117.54,13.63,0.173,30.99,68.47,3.58,0.98,133.44,1
90.71,6.97,0.099,30.82,68.98,3.39,0.826,102.99,1
171.46,22.84,0.157,18.83,87.91,11.63,0.925,212.8,1
80.8,6.18,-0.057,37.04,69.64,3.28,0.792,86.23,0
150.13,22.78,0.271,19.1,74.95,5.32,0.87,168.64,1
99.65,19.96,0.094,26.36,79.93,8.06,0.827,116.36,1
109.27,14.74,0.19,24.08,73.96,8.19,0.789,112.94,1
113.01,12.14,0.054,22.15,87.02,6.57,0.725,116.47,1
64.16,10.72,0.065,47.21,80.64,11.01,0.852,65.59,1
101.94,13.76,0.162,31.8,78.96,6.71,0.894,113.24,1
39.78,3.6,-0.14,38.42,59.52,2.49,0.496,42.15,0
56.1,3.95,-0.001,28.2,49.5,0.71,0.431,54.3,0
146.52,21.08,0.161,22.2,84.16,3.26,0.899,147.37,1
107.13,11.31,0.203,28.26,77.09,6.61,0.87,110.66,1
75.77,16.54,0.15,33.2,86.23,9.23,0.683,75.9,1
80.31,6.49,0.017,41.19,78.4,2.44,0.945,88.48,1
59.9,3.38,-0.023,32.42,53.96,1.31,0.542,70.8,0
52.82,4.11,-0.126,24.2,52.96,1.56,0.387,50.31,0
90.58,5.53,0.102,27.88,90.55,3.98,0.774,96.05,1
81.55,9.26,-0.031,36.84,72.77,2.03,0.889,83.38,0
64.76,6.35,0.069,32.37,61.55,2.44,0.619,63.8,0
61.09,8.26,0.083,47.0,74.88,2.57,0.892,77.5,0
40.88,2.72,0.006,39.21,51.27,1.11,0.48,37.74,0
89.62,13.65,0.121,26.63,68.42,4.51,0.763,125.55,1
63.45,6.86,0.029,42.79,72.05,1.99,0.734,51.05,0
82.29,8.28,0.216,26.78,76.14,8.1,0.708,70.7,1
56.09,3.22,-0.047,49.69,61.79,1.55,0.791,55.32,0
69.59,9.59,0.097,43.42,70.35,3.41,0.934,56.23,1
57.27,4.66,-0.096,31.55,50.81,1.43,0.514,46.61,0
35.02,4.22,-0.002,55.03,60.23,1.64,0.592,30.0,0
89.97,5.95,0.023,26.83,71.91,1.23,0.75,95.6,0
87.41,6.48,0.004,34.54,77.6,4.12,0.923,89.86,1
116.26,13.52,0.214,20.94,73.85,7.0,0.786,73.0,1
80.05,4.41,-0.061,32.12,66.43,1.49,0.804,89.28,0
109.95,6.96,0.118,24.89,96.17,5.14,0.784,118.47,1
134.78,21.02,0.112,22.1,71.76,4.41,0.947,134.63,1
68.08,9.41,0.106,39.34,76.63,10.12,0.858,64.48,1
59.45,4.38,-0.089,28.48,51.28,1.67,0.544,71.06,0
73.92,5.36,0.058,37.53,77.77,3.8,0.889,79.81,1
57.59,3.29,-0.029,29.06,50.65,0.91,0.538,59.06,0
62.8,5.37,0.08,35.49,69.52,3.14,0.695,64.85,0
161.51,28.98,0.204,21.15,87.26,10.31,0.979,141.72,1
36.32,1.31,-0.176,42.61,60.68,0.93,0.443,34.25,0
91.94,8.65,0.029,30.57,78.76,2.65,0.86,85.74,0
79.2,14.74,0.197,40.4,75.07,3.9,0.861,37.45,1
91.5,6.93,0.041,31.61,85.64,3.36,0.781,94.11,0
96.54,12.83,0.197,32.87,69.91,6.83,0.912,93.57,1
47.06,3.76,-0.131,37.84,59.64,1.45,0.484,40.89,0
84.78,5.35,0.075,25.4,55.07,2.27,0.617,83.62,0
65.0,5.02,0.078,50.56,76.46,4.32,0.942,80.26,1
40.07,2.71,-0.041,44.33,48.32,2.41,0.484,41.52,0
86.93,3.48,-0.009,26.86,63.2,3.54,0.7,80.78,0
36.59,1.26,-0.171,43.58,60.21,0.99,0.452,31.49,0
50.01,3.74,-0.087,29.23,58.53,2.46,0.434,52.07,0
65.67,5.32,-0.086,37.32,61.57,1.54,0.722,65.18,0
41.95,2.97,-0.093,30.82,59.91,0.84,0.417,34.96,0
108.38,14.66,0.165,25.59,76.46,5.25,0.83,171.22,1
96.14,12.11,0.08,27.57,87.98,4.38,0.783,97.21,1
108.93,16.05,0.203,28.32,87.48,9.68,0.822,118.41,1
66.7,4.06,-0.006,41.89,61.3,3.2,0.743,66.81,0
85.88,4.46,-0.041,28.65,62.89,1.48,0.682,89.74,0
58.17,1.1,0.018,31.13,56.85,1.34,0.528,58.12,0
86.23,14.23,0.096,34.31,72.68,3.57,0.856,59.21,1
68.25,13.93,0.118,32.88,90.17,4.24,0.723,100.88,1
50.17,4.23,-0.03,29.88,62.66,1.25,0.401,49.44,0
139.86,15.22,0.239,22.74,65.36,5.43,0.931,130.29,1
39.9,4.98,-0.001,38.37,57.2,1.2,0.423,38.72,0
92.22,6.99,0.009,36.56,73.68,3.64,0.951,97.43,1
76.76,8.25,0.169,37.58,95.23,3.45,0.836,80.53,1
129.39,14.07,0.26,27.83,76.37,6.1,0.979,113.6,1
96.54,5.44,0.045,24.73,82.16,3.57,0.714,86.0,1
103.78,7.1,0.193,31.32,82.89,10.17,0.871,109.62,1
58.36,7.97,0.039,45.97,62.22,2.73,0.76,73.38,0
64.53,11.62,0.124,37.71,73.11,7.19,0.732,79.19,1
47.34,1.25,0.009,39.96,60.42,0.93,0.541,48.07,0
147.38,19.48,0.253,18.48,65.3,5.76,0.87,152.98,1
64.62,8.47,-0.009,45.2,80.6,3.11,0.908,45.82,1
98.86,18.31,0.183,26.41,71.84,10.05,0.786,87.25,1
63.43,9.05,0.001,44.31,79.81,5.16,0.851,74.43,0
106.67,8.63,0.181,32.01,72.46,7.14,0.912,91.2,1
70.77,8.53,-0.014,46.65,78.56,2.87,0.923,65.29,0
72.55,5.92,0.112,42.55,95.17,4.03,0.896,82.74,1
41.99,1.65,-0.084,38.78,56.87,2.41,0.466,38.38,0
59.91,4.09,-0.005,24.22,56.54,1.59,0.454,61.18,0
77.58,7.51,-0.071,28.0,69.76,1.96,0.619,66.49,0
82.61,5.75,0.056,30.08,72.37,1.26,0.768,91.88,0
114.5,17.75,0.26,26.29,81.99,4.31,0.911,116.05,1
81.59,4.18,0.071,30.4,70.19,1.45,0.726,87.6,0
170.55,27.28,0.157,19.2,88.42,7.83,0.913,156.65,1
76.53,5.41,0.033,34.2,57.33,3.19,0.811,70.24,0
66.58,3.16,-0.076,36.19,61.84,3.72,0.67,65.36,0
73.29,11.26,0.104,33.94,82.11,9.15,0.745,80.38,1
71.71,5.22,0.055,36.03,94.57,2.89,0.721,68.55,0
92.51,7.48,-0.015,36.8,65.77,2.71,0.945,90.58,1
105.47,10.89,0.091,29.15,73.33,4.28,0.896,112.59,1
84.15,12.44,0.175,31.39,84.3,5.7,0.746,109.87,1
67.52,5.87,0.034,37.31,73.4,2.4,0.77,60.51,0
156.76,20.88,0.173,20.3,93.13,10.84,0.932,205.63,1
137.44,20.81,0.268,21.77,93.23,9.43,0.925,106.33,1
68.02,10.03,0.1,41.5,93.92,5.05,0.841,71.52,1
75.27,5.88,-0.024,36.07,73.94,1.74,0.731,73.84,0
77.97,11.26,0.041,38.11,95.26,4.78,0.876,74.59,1
58.32,4.32,-0.08,29.72,57.64,1.72,0.525,52.51,0
43.93,3.78,0.011,42.95,57.45,1.75,0.591,43.82,0
77.81,3.35,-0.049,35.13,61.21,1.34,0.747,75.21,0
62.99,5.51,-0.023,46.94,70.47,4.82,0.928,61.36,0
134.64,20.94,0.217,23.54,83.5,3.91,0.928,104.94,1
73.56,9.59,0.118,38.13,86.81,4.65,0.75,84.56,1
95.36,12.83,0.079,26.81,89.27,5.32,0.754,91.62,1
65.24,9.22,-0.047,46.92,68.14,5.26,0.864,52.72,0
86.48,7.86,-0.011,26.9,58.87,1.82,0.652,101.51,0
76.61,4.86,0.045,35.08,57.11,3.43,0.717,84.68,0
132.7,20.48,0.223,24.47,96.49,8.36,0.896,160.75,1
39.8,1.88,-0.171,34.25,53.87,2.18,0.41,40.18,0
147.73,17.71,0.241,23.2,69.8,6.45,0.977,163.43,1
91.2,10.28,0.092,30.39,84.84,6.45,0.841,106.24,1
93.09,8.61,-0.008,32.34,67.01,5.07,0.822,82.13,1
100.68,14.38,0.145,26.33,85.88,4.34,0.821,86.38,1
92.32,6.32,0.075,31.95,79.01,3.17,0.873,88.82,1
157.41,19.46,0.191,22.71,82.32,5.09,0.959,165.38,1
113.24,13.47,0.207,26.52,74.28,4.31,0.896,123.06,1
99.89,8.72,-0.009,26.42,70.71,4.95,0.857,112.39,0
59.21,7.52,0.015,40.65,59.38,3.62,0.65,54.94,0
111.73,15.71,0.218,23.8,83.5,4.8,0.838,86.81,1
145.44,19.01,0.254,20.9,81.87,4.17,0.861,153.02,1
78.69,4.84,-0.061,29.59,71.66,2.11,0.718,74.79,0
83.95,17.49,0.141,28.19,81.29,6.3,0.751,87.5,1
95.04,11.82,0.233,30.04,72.86,3.99,0.791,101.91,1
91.8,11.09,0.055,32.89,94.25,3.75,0.83,109.36,1
35.84,3.2,0.014,51.58,52.79,1.44,0.595,33.34,0
104.3,10.69,0.082,22.61,97.15,4.36,0.723,89.28,1
140.09,24.09,0.254,21.05,81.53,4.69,0.91,120.65,1
89.34,4.52,-0.042,34.18,57.68,3.33,0.818,87.75,0
65.0,3.56,-0.025,41.2,63.77,2.41,0.774,64.51,0
156.18,26.99,0.196,20.33,90.75,8.44,0.97,202.83,1
59.23,7.6,0.003,41.68,55.93,2.16,0.802,45.68,0
123.61,23.21,0.107,26.88,67.35,4.67,0.907,164.9,1
73.96,9.67,0.056,41.3,72.25,5.22,0.879,83.57,1
78.26,5.09,-0.06,34.05,67.16,2.6,0.759,80.82,0
157.41,23.58,0.158,19.81,81.17,5.38,0.903,143.26,1
97.07,7.22,0.027,31.63,66.18,2.03,0.826,90.41,0
93.82,7.66,0.041,28.45,79.18,2.58,0.862,72.38,0
57.66,4.34,-0.049,40.52,59.36,3.09,0.748,56.83,0
116.09,16.6,0.245,26.01,79.49,6.0,0.861,97.49,1
55.88,5.72,-0.031,41.41,65.47,1.56,0.697,52.93,0
85.65,5.41,-0.076,24.75,57.32,1.76,0.685,80.63,0
149.72,26.29,0.238,23.2,83.81,8.65,0.947,193.99,1
62.72,4.69,0.035,38.45,59.59,3.92,0.773,63.08,0
68.08,10.96,0.136,45.79,88.48,2.59,0.892,63.57,0
69.54,3.32,-0.013,31.86,69.25,3.01,0.694,62.42,0
71.34,10.26,0.08,39.78,87.9,9.76,0.811,52.15,1
57.78,4.88,-0.081,26.41,61.09,0.85,0.423,51.42,0
166.85,16.75,0.297,19.18,97.8,9.38,0.988,138.7,1
68.24,6.54,0.05,43.78,70.67,2.06,0.83,82.86,0
75.63,3.31,0.074,29.02,66.8,3.37,0.605,77.57,1
47.05,1.18,-0.068,34.15,61.14,1.37,0.452,46.85,0
54.06,3.66,-0.075,39.49,65.83,3.42,0.61,60.43,0
73.59,6.17,-0.003,43.61,67.75,2.05,0.92,79.03,0
87.7,6.05,0.041,31.16,64.95,3.21,0.748,83.56,0
72.3,12.88,0.2,35.54,76.74,10.8,0.749,58.59,1
81.42,9.16,0.024,37.68,66.46,2.63,0.915,87.75,0
88.83,7.26,-0.043,32.59,68.79,2.3,0.812,87.91,0
70.83,9.46,0.221,45.06,74.19,5.5,0.86,60.67,1
70.41,7.94,0.177,41.34,89.55,4.25,0.787,89.75,1
74.16,6.47,-0.03,30.61,73.62,3.86,0.606,80.35,0
74.02,3.67,-0.03,34.37,62.02,3.63,0.814,75.5,0
43.35,2.4,-0.17,27.2,51.28,2.19,0.38,42.63,0
94.02,8.74,0.053,30.62,94.98,2.99,0.844,110.86,1
76.19,6.68,0.137,39.81,85.46,3.59,0.808,96.65,1
75.07,4.47,0.01,38.12,69.88,4.97,0.903,71.45,1
80.19,8.62,0.119,29.2,74.91,8.5,0.688,64.63,1
88.77,13.62,0.104,35.67,79.82,8.16,0.846,96.34,1
112.26,17.83,0.198,27.32,72.77,6.15,0.814,135.16,1
126.46,17.29,0.263,25.37,84.63,6.1,0.948,137.82,1
71.24,7.5,-0.001,28.83,63.71,2.65,0.656,66.84,0
45.12,4.22,-0.086,39.88,53.81,2.42,0.561,44.93,0
51.53,7.36,0.035,47.31,74.69,2.61,0.651,30.0,0
46.23,2.34,-0.073,32.19,48.62,1.09,0.463,46.44,0
94.7,7.59,0.065,33.09,75.95,5.44,0.954,92.51,0
133.54,23.64,0.201,21.12,79.85,5.02,0.888,102.39,1
49.42,4.65,-0.011,34.15,54.41,0.77,0.497,45.18,0
40.89,4.73,-0.016,39.06,50.33,0.88,0.51,47.93,0
84.65,4.69,0.076,40.47,71.23,3.59,0.959,90.71,1
116.66,18.53,0.241,27.28,82.43,3.21,0.878,145.58,1
74.63,4.58,0.03,36.77,73.68,2.23,0.772,78.49,0
95.62,4.02,-0.008,33.02,68.03,5.18,0.895,107.14,1
46.95,4.26,-0.09,32.96,48.05,1.29,0.49,44.05,0
42.54,2.87,-0.138,46.84,48.92,2.24,0.581,46.5,0
157.85,19.24,0.295,21.32,91.19,11.77,0.911,169.7,1
161.56,17.92,0.211,19.75,86.54,10.65,0.917,166.19,1
35.95,4.51,-0.121,60.74,64.22,2.39,0.599,34.49,0
140.09,18.64,0.242,21.05,98.42,11.41,0.884,111.23,1
95.77,12.66,0.23,30.5,72.73,5.29,0.867,132.72,1
138.17,12.9,0.207,20.21,71.5,6.73,0.852,144.58,1
97.59,5.5,-0.003,34.38,77.95,3.75,0.908,99.03,1
76.03,9.0,0.051,35.94,80.61,2.86,0.845,75.12,1
92.57,4.64,-0.017,33.23,79.12,2.52,0.891,96.3,0
107.1,12.85,0.124,27.73,83.79,4.98,0.787,116.19,1
53.42,1.07,-0.081,32.64,59.72,1.97,0.504,50.47,0
43.06,4.69,-0.003,34.21,48.65,0.69,0.451,47.37,0
75.16,5.92,0.014,33.46,55.38,1.49,0.758,83.34,0
98.87,13.17,0.127,27.35,86.35,5.98,0.847,109.24,1
58.58,4.44,0.076,47.92,70.9,2.96,0.817,59.29,0
80.02,13.55,0.044,36.7,90.12,5.74,0.889,86.8,1
162.22,21.76,0.244,18.69,98.38,10.32,0.935,160.2,1
44.29,1.41,-0.0,34.64,52.4,2.35,0.422,45.18,0
71.35,12.69,0.166,35.53,95.2,4.42,0.716,103.98,1
61.36,8.58,-0.045,47.32,67.57,4.88,0.884,59.75,1
132.7,17.57,0.239,21.99,80.78,3.29,0.913,151.08,1
52.99,3.22,-0.072,43.52,62.98,3.51,0.741,51.84,0
73.84,8.0,0.12,37.47,83.99,5.8,0.837,78.24,1
72.25,18.0,0.189,37.37,80.59,7.79,0.759,115.52,1
125.45,22.97,0.139,23.27,70.37,3.76,0.852,145.89,1
75.86,12.07,0.113,42.66,98.0,5.54,0.897,67.67,1
75.46,8.52,0.094,37.77,74.14,2.76,0.823,102.39,1
97.55,17.6,0.174,31.14,73.44,5.25,0.894,78.09,1
123.94,16.94,0.208,24.55,77.73,4.41,0.925,108.08,1
82.65,8.42,0.092,33.81,68.33,4.48,0.791,87.52,0
36.53,2.75,0.003,49.45,53.19,2.36,0.548,36.25,0
143.32,20.73,0.135,18.75,74.39,6.65,0.876,173.01,1
100.21,5.58,0.097,27.76,92.99,2.7,0.828,97.53,1
71.08,11.64,0.103,31.64,90.56,5.69,0.732,75.01,1
75.71,3.37,-0.099,27.29,63.46,3.45,0.633,68.66,0
75.54,10.14,0.148,41.65,95.54,3.68,0.866,100.07,1
58.49,6.69,0.071,36.76,63.81,3.01,0.603,51.01,0
65.92,12.83,0.033,39.26,91.2,4.61,0.728,72.43,0
44.84,4.1,0.015,33.12,59.95,2.36,0.418,39.84,0
89.08,10.63,0.132,31.46,82.54,2.73,0.899,100.72,1
163.43,16.91,0.243,20.64,88.69,8.04,0.916,180.84,1
49.36,1.5,-0.146,43.15,60.33,0.69,0.597,46.66,0
148.55,19.3,0.173,21.47,81.21,8.39,0.972,152.71,1
60.47,5.81,0.09,49.47,71.13,3.66,0.863,53.59,0
150.44,14.47,0.257,19.39,79.45,3.35,0.948,173.6,1
92.14,9.77,0.065,27.41,82.99,7.36,0.82,96.6,1
90.41,13.83,0.2,34.87,78.38,3.94,0.888,87.95,1
98.79,13.51,0.129,23.95,97.26,4.08,0.75,113.22,1
115.49,20.42,0.179,26.75,79.81,6.2,0.862,134.6,1
60.43,5.83,0.01,51.38,71.64,2.04,0.937,53.66,0
69.96,7.75,0.069,33.18,58.7,1.66,0.64,56.27,0
69.16,8.6,0.064,38.61,97.67,2.94,0.802,72.95,1
111.26,18.4,0.117,27.71,71.58,10.06,0.82,110.74,1
70.3,15.24,0.15,40.21,70.47,9.24,0.81,132.12,1
71.41,9.71,0.097,37.69,80.91,10.73,0.822,75.83,1
75.8,4.57,-0.011,40.23,70.28,3.15,0.954,77.54,0
104.38,10.58,0.106,25.02,77.81,8.56,0.763,112.49,1
54.96,1.4,-0.02,25.24,50.12,2.4,0.38,55.34,0
82.1,9.25,0.098,35.59,75.42,4.64,0.905,89.68,1
43.62,1.54,-0.117,34.69,64.41,1.93,0.44,40.08,0
88.75,7.52,-0.008,29.06,63.09,1.85,0.799,88.72,0
76.36,6.43,-0.096,28.17,65.65,1.73,0.612,90.81,0
72.09,5.93,-0.046,37.65,71.59,3.99,0.741,61.57,0
95.67,14.38,0.054,26.33,84.38,5.08,0.751,101.11,1
52.51,7.37,0.0,43.41,61.88,2.01,0.673,57.71,0
90.94,8.05,-0.006,30.64,79.28,2.24,0.894,71.57,1
72.25,6.2,-0.062,33.64,67.93,3.79,0.764,68.89,0
72.61,5.76,-0.03,34.81,55.09,2.66,0.786,73.2,0
79.74,3.22,0.05,34.57,71.66,1.63,0.784,81.69,0
53.26,1.38,-0.074,28.48,64.53,2.23,0.423,54.7,0
116.69,11.47,0.233,21.21,80.46,6.45,0.805,141.21,1
74.06,9.85,0.117,31.75,94.46,3.55,0.732,78.91,1
97.91,12.1,0.236,30.27,76.22,4.94,0.9,107.37,1
92.2,5.86,-0.021,33.01,66.17,4.45,0.887,79.81,1
69.85,4.5,0.063,32.78,72.4,2.25,0.62,68.31,0
151.58,20.87,0.106,20.59,77.71,5.65,0.867,161.19,1
88.81,7.96,0.065,31.16,69.43,5.19,0.901,103.26,1
77.09,4.15,-0.04,40.47,81.4,3.93,0.911,72.29,1
42.96,2.03,-0.176,30.4,55.63,0.98,0.418,40.81,0
87.47,6.09,-0.091,31.59,57.2,3.08,0.763,87.94,0
79.03,7.76,0.033,30.37,60.23,3.79,0.753,77.05,0
55.21,7.13,-0.1,50.47,60.25,3.68,0.783,58.46,0
103.31,11.65,0.09,30.12,70.91,4.99,0.891,85.28,1
65.62,4.74,0.079,39.44,81.61,2.69,0.824,66.74,0
98.85,8.8,0.182,30.26,68.81,6.7,0.895,98.87,1
110.53,8.44,0.197,26.04,70.7,8.82,0.789,110.83,1
99.94,13.35,0.196,25.15,86.38,10.73,0.704,106.78,1
95.38,10.61,0.077,27.83,86.12,4.04,0.814,113.71,1
135.53,19.51,0.278,22.89,94.21,7.84,0.922,174.9,1
40.33,2.9,-0.007,30.23,48.33,1.84,0.394,45.68,0
89.2,6.05,-0.015,29.04,66.46,1.45,0.695,80.52,0
49.06,1.53,-0.176,33.03,59.02,1.71,0.508,46.38,0
100.17,8.57,0.184,30.95,79.14,7.08,0.844,107.98,1
113.77,12.64,0.251,26.87,81.29,4.25,0.914,128.64,1
78.01,7.58,-0.084,33.56,70.86,2.08,0.79,68.0,0
119.7,23.01,0.203,28.7,68.75,6.31,0.932,122.32,1
48.08,4.65,-0.011,36.07,60.48,0.8,0.533,39.9,0
134.86,14.85,0.277,25.48,65.52,6.79,0.96,149.82,1
53.3,6.35,0.016,41.5,70.17,1.44,0.648,48.64,0
43.54,1.64,-0.027,29.71,62.29,2.39,0.365,43.96,0
68.52,6.16,0.022,43.74,76.37,3.94,0.905,80.21,1
52.43,6.53,0.048,47.0,55.26,1.7,0.745,51.93,0
59.35,7.81,0.017,36.6,73.59,3.27,0.665,48.24,0
88.84,5.59,0.061,28.67,72.22,1.35,0.676,86.77,0
110.16,11.72,0.182,25.59,86.22,8.04,0.83,118.78,1
75.74,9.07,-0.043,41.91,68.52,3.0,0.929,79.93,0
67.99,5.6,-0.002,33.14,58.5,3.35,0.673,82.91,0
115.48,15.08,0.088,29.05,84.82,5.39,0.893,118.86,1
89.63,9.6,0.073,28.57,85.68,2.87,0.832,82.04,1
72.08,4.46,0.077,29.92,63.82,1.49,0.664,65.24,0
61.93,7.36,0.063,50.14,71.25,2.06,0.847,67.03,1
44.8,3.1,-0.109,40.3,64.63,2.5,0.499,42.14,0
66.17,5.47,-0.036,37.88,69.16,2.46,0.817,67.8,0
88.54,6.82,0.024,32.57,96.69,5.99,0.771,89.13,1
79.18,5.79,0.006,32.14,69.14,2.37,0.719,76.81,0
93.44,9.42,0.031,29.63,80.76,4.46,0.824,87.5,1
91.93,9.3,0.094,29.22,84.58,2.86,0.877,84.42,1
40.5,1.04,-0.135,37.11,48.54,1.76,0.433,37.25,0
74.85,13.95,0.25,40.32,68.05,6.68,0.911,77.11,1
62.87,5.62,0.019,39.93,59.92,2.1,0.765,60.89,0
146.32,29.0,0.267,22.54,93.17,8.95,0.987,59.55,1
93.13,6.79,-0.006,35.3,79.53,3.47,0.928,90.06,0
63.23,13.88,0.058,38.99,81.03,8.02,0.686,66.31,1
75.61,14.52,0.184,41.8,83.75,5.58,0.838,110.35,1
47.73,1.46,-0.086,28.16,58.15,1.92,0.396,45.89,0
74.07,14.82,0.214,42.78,70.53,5.63,0.914,61.94,1
171.51,23.78,0.172,19.92,92.44,10.36,0.928,186.46,1
106.75,8.73,0.087,23.11,69.49,5.69,0.767,117.92,1
107.31,12.79,0.168,24.98,75.76,7.72,0.811,116.63,1
122.68,22.63,0.11,28.59,73.78,5.93,0.941,161.06,1
80.0,5.21,-0.073,34.77,64.21,1.41,0.777,77.64,0
86.11,5.42,-0.049,31.28,72.72,1.2,0.758,84.69,0
108.35,10.1,0.163,22.16,80.69,6.89,0.765,118.34,1
73.88,8.14,-0.05,45.52,74.36,4.17,0.95,79.19,0
90.88,18.14,0.154,35.25,80.48,7.36,0.862,119.23,1
159.27,12.98,0.177,20.78,77.61,6.23,0.881,179.31,1
68.18,6.93,0.065,41.36,59.85,2.9,0.75,68.0,0
59.84,7.76,-0.076,37.49,63.41,2.85,0.642,60.48,0
76.06,18.97,0.206,35.27,77.82,10.01,0.758,50.4,1
63.92,4.18,-0.018,39.12,69.84,3.38,0.751,54.57,0
102.05,7.08,0.131,28.96,81.34,8.87,0.839,105.88,1
91.99,9.88,0.056,33.93,65.64,3.31,0.9,103.39,0
100.87,9.38,0.174,25.5,93.91,3.97,0.754,97.28,1
37.42,3.08,-0.074,51.17,64.46,0.71,0.549,39.38,0
104.06,17.86,0.24,27.93,76.87,4.15,0.871,143.14,1
85.42,8.28,0.014,34.29,67.44,2.57,0.922,91.71,1
114.54,8.76,0.216,24.01,75.96,7.16,0.79,111.71,1
86.82,5.14,0.006,28.7,62.57,1.83,0.701,81.3,0
97.32,7.75,0.146,29.34,96.73,3.06,0.871,97.27,1
110.17,23.32,0.159,27.1,73.93,6.39,0.904,124.06,1
85.69,6.08,-0.005,26.51,59.87,2.95,0.672,85.46,0
47.79,2.67,-0.022,33.31,52.58,2.24,0.456,50.19,0
49.79,3.44,-0.036,27.12,48.58,2.14,0.428,47.34,0
88.77,8.63,0.169,36.18,70.91,4.99,0.861,94.43,1
92.12,16.03,0.238,37.3,83.27,4.77,0.916,105.06,1
60.61,9.73,0.067,57.43,66.39,2.81,0.928,66.54,0
70.03,4.99,0.051,29.29,63.34,2.25,0.619,65.04,0
56.92,6.2,0.065,45.75,60.96,1.65,0.712,53.27,0
118.57,11.49,0.129,25.25,81.18,5.32,0.852,141.96,1
82.9,6.92,0.055,36.28,67.14,3.71,0.875,77.94,1
139.09,28.1,0.184,21.82,82.94,9.57,0.925,90.76,1
36.34,4.12,-0.052,38.1,48.81,2.24,0.435,35.01,0
106.88,9.79,0.074,26.62,96.03,3.8,0.848,117.55,1
87.7,5.49,-0.022,34.34,69.48,2.81,0.852,86.44,0
64.64,6.32,0.044,41.96,66.11,2.29,0.861,69.04,0
67.9,8.91,0.065,39.47,90.36,4.18,0.816,79.76,1
71.2,12.42,0.161,44.73,82.94,5.09,0.889,52.91,1
164.6,27.09,0.205,18.91,82.23,9.0,0.938,209.95,1
39.58,4.58,-0.15,46.69,63.13,2.33,0.509,38.97,0
41.91,4.69,-0.038,47.59,49.45,1.71,0.546,38.64,0
103.77,5.29,0.17,21.42,91.83,4.93,0.709,101.74,1
108.13,16.49,0.18,24.85,68.26,6.3,0.777,106.75,1
76.03,7.07,-0.022,28.91,73.8,2.73,0.627,60.91,0
59.93,3.72,-0.098,27.86,55.07,2.29,0.49,60.72,0
55.59,4.36,-0.015,29.99,62.53,1.34,0.531,55.25,0
116.37,13.5,0.129,29.88,79.22,3.82,0.948,138.87,1
61.25,6.96,-0.012,45.54,62.63,2.17,0.761,53.67,0
75.12,3.61,-0.007,36.67,59.71,3.22,0.817,83.33,0
76.1,4.02,-0.015,37.24,58.91,2.98,0.816,85.49,0
70.09,3.08,0.062,40.33,58.48,2.36,0.782,75.53,0
59.5,4.8,-0.0,21.81,63.55,2.27,0.39,54.5,0
86.25,5.57,-0.047,35.15,72.48,2.99,0.84,70.08,0
37.67,4.67,-0.001,51.72,60.57,0.8,0.577,42.7,0
102.87,18.97,0.178,24.78,78.39,9.53,0.815,66.29,1
85.36,5.72,-0.093,34.56,64.79,3.63,0.802,87.09,0
95.96,6.75,0.016,28.14,81.46,2.75,0.845,93.43,1
143.04,15.16,0.269,20.31,65.12,5.02,0.851,148.04,1
83.52,13.9,0.021,33.16,91.99,3.03,0.895,62.97,1
81.52,5.41,-0.005,32.66,76.05,3.94,0.854,90.9,0
53.25,7.45,0.004,53.55,57.96,3.98,0.809,54.52,0
72.7,5.58,-0.096,34.12,67.88,1.46,0.807,71.67,0
92.63,10.0,0.069,28.41,90.26,2.57,0.806,87.49,1
132.39,27.6,0.259,26.12,85.74,11.22,0.99,88.04,1
98.23,14.04,0.058,26.94,93.14,5.92,0.735,95.12,1
84.23,12.2,0.145,34.61,81.11,5.86,0.895,89.78,1
108.67,10.8,0.151,24.42,87.4,5.87,0.863,118.38,1
90.75,9.79,0.001,36.97,74.56,4.67,0.911,105.05,1
42.81,1.91,-0.094,40.57,51.18,1.89,0.519,41.84,0
109.78,8.37,0.194,28.48,84.0,6.35,0.86,116.48,1
143.06,27.18,0.262,24.37,93.5,11.16,0.927,169.54,1
88.09,4.63,-0.024,23.52,59.95,3.67,0.624,96.09,0
100.18,6.83,0.069,28.86,87.84,5.94,0.79,110.65,1
69.19,7.4,-0.037,37.85,59.47,3.36,0.773,65.66,0
76.09,8.5,-0.039,43.26,77.17,4.29,0.912,69.78,1
39.45,3.35,0.008,42.04,58.39,2.0,0.503,41.65,0
60.44,9.22,-0.017,54.14,79.49,4.88,0.884,62.79,1
111.72,12.81,0.162,24.39,76.31,8.66,0.758,135.92,1
79.81,3.1,0.013,30.13,64.13,3.49,0.696,80.1,0
104.85,12.13,0.108,25.32,82.61,2.59,0.851,84.91,1
114.13,14.05,0.163,22.97,75.79,8.18,0.736,111.34,1
133.69,18.73,0.207,24.63,66.81,6.11,0.95,110.44,1
66.38,4.16,0.076,34.39,74.92,2.57,0.709,73.86,0
70.3,3.2,0.063,38.59,69.52,2.91,0.78,73.13,0
89.04,7.14,0.08,29.26,59.09,2.61,0.729,102.72,0
164.85,15.01,0.226,19.45,96.62,7.73,0.906,154.78,1
157.03,15.13,0.117,18.03,75.09,5.57,0.859,135.4,1
87.61,4.37,0.079,35.37,81.75,5.28,0.934,96.89,1
67.37,11.08,0.07,35.24,79.94,7.56,0.771,60.77,1
88.77,4.12,0.096,29.75,76.29,3.52,0.851,99.13,1
112.73,15.32,0.093,23.62,73.3,3.97,0.786,62.52,1
59.61,3.06,-0.032,31.47,62.45,1.01,0.521,59.71,0
102.94,10.67,0.146,24.1,78.82,8.28,0.761,105.02,1
51.87,4.11,-0.005,25.25,61.99,1.08,0.389,51.25,0
70.84,9.08,0.13,43.38,87.95,10.44,0.833,83.44,1
101.13,18.64,0.063,26.67,77.14,11.11,0.866,124.52,1
109.86,12.69,0.081,23.92,87.86,3.19,0.811,125.24,1
40.55,3.2,0.001,46.15,48.93,0.75,0.578,39.04,0
65.54,5.94,0.004,40.13,61.77,3.18,0.72,63.9,0
63.85,3.43,-0.047,33.49,64.35,1.64,0.63,65.89,0
51.1,5.77,-0.069,36.78,72.38,3.08,0.6,43.86,0
51.6,3.45,-0.085,29.5,63.08,1.07,0.455,54.56,0
155.82,23.05,0.244,23.65,78.94,6.0,0.978,141.03,1
70.35,14.34,0.206,48.18,83.03,6.87,0.906,70.85,1
50.44,5.72,-0.022,46.01,63.01,3.77,0.699,50.12,0
84.25,7.51,-0.01,27.32,70.22,3.18,0.698,81.46,0
65.24,5.77,-0.011,51.95,81.23,4.4,0.909,61.67,1
109.21,15.28,0.15,24.96,82.39,7.12,0.805,113.68,1
87.41,9.49,0.031,37.02,69.94,3.07,0.89,103.99,1
132.45,14.13,0.117,23.39,74.3,5.61,0.911,135.22,1
96.27,4.96,0.053,35.07,77.73,2.53,0.903,90.43,1
157.94,26.86,0.187,20.31,94.84,8.91,0.961,139.47,1
146.78,12.56,0.134,23.51,66.97,6.89,0.936,153.5,1
75.05,7.1,0.06,29.4,71.99,1.75,0.657,91.07,0
111.51,15.78,0.21,25.96,80.5,5.61,0.896,124.67,1
38.65,3.52,-0.09,31.85,53.55,1.18,0.392,43.42,0
91.65,17.74,0.072,29.81,80.97,9.88,0.767,98.98,1
79.16,6.26,-0.083,33.86,69.5,3.98,0.753,78.67,0
153.4,24.96,0.24,21.64,66.58,5.91,0.93,217.35,1
148.78,13.62,0.218,21.21,80.21,3.96,0.888,139.29,1
96.26,19.03,0.215,28.01,84.57,8.27,0.727,107.23,1
103.31,7.96,0.119,25.71,84.13,8.55,0.747,108.78,1
87.51,5.14,0.03,29.31,72.98,1.39,0.782,88.55,0
43.01,2.74,-0.146,39.01,59.27,1.54,0.474,40.61,0
95.26,4.79,0.07,30.58,71.94,3.13,0.837,100.07,0
62.06,6.19,-0.034,42.0,67.68,1.8,0.789,58.8,0
89.11,11.49,0.076,27.8,89.6,3.25,0.759,105.3,0
52.48,4.52,-0.042,47.83,66.79,3.4,0.812,45.21,0
148.22,22.54,0.277,22.52,91.34,10.44,0.887,166.56,1
110.36,10.76,0.201,29.58,80.41,6.78,0.88,105.96,1
63.22,12.22,0.189,35.02,82.09,6.52,0.705,78.44,1
43.77,1.33,-0.011,44.44,60.84,1.06,0.566,42.62,0
135.8,21.56,0.117,24.45,83.53,4.72,0.889,116.31,1
159.57,18.85,0.152,21.65,68.19,4.01,0.953,131.64,1
86.05,8.4,-0.031,36.03,68.76,3.33,0.859,82.35,0
105.69,14.63,0.081,23.19,71.8,4.59,0.774,94.4,1
101.25,17.24,0.148,22.1,86.02,11.33,0.698,100.99,1
78.19,7.21,-0.003,28.74,64.57,2.63,0.671,79.05,0
69.65,7.51,0.053,41.81,71.09,5.17,0.84,72.41,0
58.68,3.61,-0.007,38.18,61.69,2.97,0.72,59.19,0
36.55,4.52,-0.152,51.23,54.65,1.36,0.518,30.0,0
69.98,6.63,-0.009,36.57,70.21,2.9,0.73,79.17,0
37.16,2.44,-0.098,46.23,56.73,1.99,0.559,30.0,0
46.61,4.61,-0.135,26.01,55.37,1.94,0.358,54.95,0
41.36,4.01,-0.149,39.4,59.15,2.17,0.449,36.11,0
162.48,20.03,0.168,20.83,96.43,11.12,0.904,167.51,1
85.95,8.26,0.047,34.62,71.11,2.63,0.928,78.95,0
130.54,19.9,0.164,25.7,91.94,11.29,0.915,119.87,1
67.72,9.83,0.032,46.29,79.29,3.38,0.846,63.72,0
60.43,4.97,-0.009,42.43,72.38,2.81,0.796,62.26,1
84.31,8.69,0.017,38.97,72.29,4.46,0.894,83.94,1
80.29,6.89,0.001,38.26,80.97,3.11,0.845,87.86,1
58.42,3.49,-0.0,21.84,58.65,2.07,0.392,61.25,0
107.04,15.78,0.221,26.95,79.59,4.72,0.803,155.8,1
66.63,3.81,-0.068,28.48,67.36,3.58,0.617,61.21,0
73.31,12.57,0.205,35.47,72.62,4.43,0.777,67.63,1
97.78,11.11,0.033,27.66,89.63,5.77,0.828,82.31,1
79.05,6.65,-0.06,31.98,64.82,3.1,0.799,82.21,0
42.98,3.0,-0.105,41.88,56.28,0.61,0.51,35.34,0
83.22,11.44,0.066,29.33,74.03,11.18,0.724,86.74,1
67.46,6.99,0.006,49.48,70.45,3.6,0.933,61.21,0
45.83,4.17,-0.048,34.92,56.57,2.44,0.453,49.37,0
144.52,28.55,0.165,25.03,88.46,7.35,0.979,146.55,1
41.3,1.09,-0.153,42.29,64.62,0.81,0.515,38.98,0
70.31,7.4,0.051,35.76,95.97,4.29,0.811,64.78,1
155.35,26.17,0.17,19.93,83.57,10.58,0.888,107.7,1
63.29,7.83,-0.057,42.84,66.61,1.55,0.798,64.63,0
58.71,2.67,-0.007,26.26,57.71,2.2,0.414,65.76,0
35.07,2.01,-0.124,40.0,52.75,1.21,0.373,32.04,0
76.74,5.13,0.078,25.6,64.52,3.01,0.634,74.98,0
38.51,1.64,0.006,44.24,59.14,1.66,0.521,39.2,0
92.94,9.1,0.043,32.9,84.07,3.17,0.838,106.8,1
45.46,2.59,-0.042,44.11,56.67,2.44,0.535,49.13,0
76.5,8.92,0.031,43.23,65.93,4.01,0.892,84.34,1
137.2,20.02,0.185,23.09,91.01,8.75,0.915,156.72,1
84.12,10.73,0.066,37.3,70.2,6.51,0.858,65.94,1
70.72,8.21,0.184,38.07,84.89,4.23,0.754,78.19,1
56.2,5.7,-0.085,50.21,66.7,1.44,0.769,60.01,0
115.83,17.21,0.093,21.5,84.79,5.45,0.771,119.55,1
90.79,5.59,0.059,34.57,78.33,2.96,0.937,90.19,1
66.69,6.71,0.027,43.27,78.94,3.81,0.894,46.04,0
51.58,4.19,-0.116,36.83,50.5,1.25,0.511,50.02,0
145.12,23.1,0.273,19.59,76.23,4.66,0.914,173.63,1
76.91,8.74,0.071,38.55,65.87,3.85,0.945,78.72,0
69.87,6.79,-0.088,32.62,68.48,1.57,0.692,67.88,0
52.58,6.26,0.075,54.66,74.49,3.57,0.782,58.77,0
76.25,8.91,-0.023,40.86,81.11,2.01,0.828,104.03,1
100.09,11.27,0.169,30.67,74.42,10.35,0.844,95.48,1
67.94,12.26,0.081,45.44,86.03,4.09,0.877,60.97,1
108.26,13.82,0.113,26.65,75.58,6.9,0.853,139.21,1
58.21,2.15,-0.124,27.84,54.07,2.0,0.46,59.78,0
90.36,8.92,0.088,34.82,81.74,2.75,0.88,106.41,1
79.07,8.7,0.09,37.42,78.19,2.24,0.923,82.36,1
59.36,3.77,-0.068,25.45,48.75,1.3,0.442,55.49,0
70.34,5.93,-0.057,38.13,73.01,2.52,0.729,65.71,0
111.0,8.2,0.066,23.01,80.59,8.63,0.775,104.73,1
59.9,1.02,-0.052,35.52,59.43,1.29,0.567,57.93,0
95.74,6.6,0.036,36.63,81.7,3.57,0.955,89.0,1
56.59,4.05,0.018,41.9,59.62,2.33,0.712,49.89,0
59.68,4.41,-0.102,36.4,53.82,1.87,0.578,66.04,0
61.84,4.33,0.003,49.03,64.06,3.83,0.815,56.87,0
141.42,20.63,0.246,23.86,81.82,11.77,0.937,196.65,1
64.82,13.44,0.208,47.23,76.07,9.16,0.859,51.7,1
145.3,15.91,0.226,20.9,80.11,7.46,0.946,160.52,1
71.75,5.66,0.08,41.11,73.42,5.33,0.84,59.27,1
52.93,2.72,-0.176,32.79,58.74,0.81,0.512,42.54,0
92.43,8.95,0.064,33.45,66.22,3.22,0.871,71.15,0
88.11,9.79,0.018,34.98,74.17,2.53,0.909,95.82,1
80.16,19.74,0.142,30.77,73.45,7.21,0.728,84.48,1
35.55,2.78,0.018,49.51,60.92,0.83,0.518,37.84,0
67.25,6.75,0.038,44.19,79.11,2.81,0.892,65.46,1
81.68,5.64,-0.028,26.04,70.07,3.92,0.606,81.5,0
59.27,3.07,0.018,45.08,70.64,3.15,0.708,63.9,0
87.96,9.27,0.066,34.03,95.97,2.65,0.795,76.77,1
71.06,4.3,0.021,37.33,77.21,3.3,0.828,67.95,0
71.79,7.87,0.025,36.52,70.54,3.26,0.708,76.24,0
62.04,7.7,-0.049,48.74,74.28,1.61,0.804,57.88,0
63.43,5.31,0.017,53.83,73.31,3.93,0.959,59.14,0
65.37,15.38,0.081,38.81,85.99,8.13,0.731,48.26,1
129.88,12.96,0.165,23.17,82.91,4.3,0.903,144.0,1
165.92,28.35,0.269,18.17,95.61,9.44,0.925,197.16,1
76.66,9.91,0.075,34.88,71.14,10.94,0.717,91.84,1
57.34,7.51,-0.009,33.14,57.83,2.07,0.615,59.81,0
78.92,5.6,0.058,30.85,97.91,3.32,0.753,85.55,1
75.48,9.25,0.001,37.33,70.6,4.13,0.848,80.2,0
76.92,4.18,0.026,31.26,64.12,2.76,0.676,80.62,0
99.7,10.04,0.216,28.08,78.14,7.29,0.813,98.08,1
39.12,2.72,-0.098,44.64,51.27,2.16,0.53,42.05,0
141.27,16.0,0.17,22.56,76.9,4.33,0.89,138.73,1
83.19,4.87,-0.003,35.03,71.64,3.81,0.851,78.89,0
117.32,11.43,0.131,26.57,81.69,5.01,0.866,128.07,1
104.77,12.67,0.025,29.8,94.39,4.84,0.865,104.51,1
113.36,17.99,0.108,27.84,76.74,4.24,0.888,123.15,1
111.1,12.2,0.233,22.62,82.28,6.81,0.764,100.25,1
110.57,16.32,0.136,29.08,70.36,5.38,0.851,91.88,1
38.97,4.79,-0.015,46.75,51.05,1.01,0.593,43.58,0
67.12,8.75,-0.005,40.61,72.18,2.32,0.839,81.02,0
64.85,7.26,0.043,35.54,69.49,2.79,0.697,73.79,1
92.86,11.18,0.129,30.93,95.91,3.07,0.777,110.77,1
73.69,4.75,0.04,41.94,78.86,3.51,0.873,68.77,0
82.46,11.07,0.125,36.9,97.81,4.92,0.816,76.16,1
37.95,1.25,-0.118,35.17,56.94,1.59,0.384,33.77,0
39.42,3.18,-0.069,31.73,60.1,1.99,0.407,34.95,0
82.81,13.9,0.103,29.1,86.06,3.35,0.77,83.97,1
54.53,1.16,-0.118,29.47,54.96,1.14,0.493,52.13,0
54.94,4.9,-0.11,22.64,48.62,2.04,0.36,56.82,0
57.69,4.54,-0.022,27.8,53.24,1.56,0.469,62.68,0
157.46,17.61,0.248,19.92,91.78,8.15,0.93,170.13,1
86.96,7.25,0.027,33.08,85.43,5.96,0.835,85.04,1
61.56,6.29,-0.05,44.32,61.16,3.97,0.78,70.18,0
76.2,3.97,-0.036,28.34,67.27,2.16,0.658,71.6,0
58.3,5.05,-0.065,46.91,58.09,3.76,0.812,49.0,0
94.97,15.91,0.129,24.53,86.53,11.4,0.691,86.08,1
92.61,9.5,0.072,23.73,89.3,5.36,0.715,105.19,1
58.7,3.92,0.039,37.36,58.84,2.26,0.656,60.47,0
84.96,6.09,-0.027,27.11,74.08,1.52,0.718,82.23,0
45.53,1.2,-0.049,30.42,48.99,1.52,0.369,44.15,0
84.21,8.56,0.18,30.65,88.0,3.85,0.806,58.72,1
74.89,9.09,0.103,39.06,71.05,7.27,0.782,83.12,0
71.71,3.32,0.025,30.19,69.78,3.3,0.614,70.57,0
53.17,1.55,-0.112,34.41,56.55,2.44,0.586,51.36,0
46.94,1.25,-0.054,28.35,50.98,1.09,0.37,46.26,0
135.94,15.49,0.209,26.16,82.1,7.49,0.988,135.28,1
62.49,6.59,-0.064,40.55,60.31,2.46,0.701,61.97,0
111.06,10.43,0.091,25.28,81.18,6.73,0.803,132.93,1
88.72,15.47,0.217,34.23,68.03,6.05,0.844,88.8,1
88.63,4.49,-0.06,25.51,66.18,3.86,0.646,78.64,0
62.13,6.19,0.012,39.66,58.19,2.98,0.731,62.61,0
59.73,2.4,0.013,20.4,60.45,0.82,0.374,58.93,0
98.54,13.93,0.212,29.36,78.09,7.15,0.855,93.15,1
82.0,16.27,0.057,27.84,71.91,9.43,0.706,74.01,1
78.31,13.93,0.209,38.45,77.83,3.89,0.806,83.08,1
63.47,9.37,0.068,51.72,75.34,3.83,0.956,60.54,1
44.66,2.87,-0.053,48.07,58.13,2.23,0.583,36.17,0
158.78,21.24,0.162,20.67,98.89,7.23,0.922,168.81,1
106.27,15.43,0.147,29.01,77.73,6.96,0.822,143.97,1
71.25,3.27,0.071,39.02,57.98,3.95,0.774,69.66,0
151.25,23.56,0.166,21.53,81.4,9.62,0.942,165.28,1
82.48,16.88,0.177,38.58,70.87,6.93,0.853,98.79,1
108.75,17.41,0.131,29.19,76.31,4.16,0.896,87.43,1
66.24,7.0,0.084,41.56,85.1,3.87,0.734,76.24,0
102.03,11.16,0.212,26.61,78.2,8.84,0.809,98.55,1
88.76,10.28,0.142,32.63,93.47,4.52,0.772,74.84,1
44.63,4.6,-0.016,42.73,59.13,0.76,0.509,45.15,0
63.2,5.15,0.01,44.13,64.15,3.97,0.8,57.58,0
118.03,14.47,0.229,24.47,74.61,3.59,0.857,117.95,1
56.54,4.26,-0.034,33.79,66.69,2.9,0.615,64.18,0
66.09,5.07,-0.04,39.74,61.92,2.37,0.723,67.63,0
80.22,5.83,0.059,40.68,73.12,4.34,0.897,73.79,1
98.91,7.78,0.081,25.94,74.01,2.75,0.82,115.99,1
90.61,14.7,0.163,30.13,72.93,5.03,0.824,97.66,1
142.31,13.51,0.117,20.84,75.93,4.72,0.936,166.57,1
85.58,6.51,-0.089,27.96,59.82,2.08,0.747,80.55,0
54.39,3.59,-0.058,33.42,52.03,1.44,0.517,58.42,0
61.48,6.85,-0.021,38.77,64.11,3.86,0.747,65.69,0
143.75,19.49,0.131,19.08,80.98,3.63,0.859,159.12,1
96.71,16.44,0.204,28.47,71.6,6.06,0.891,71.29,1
52.76,6.57,-0.096,42.64,71.81,2.26,0.728,53.7,0
99.44,14.52,0.089,25.26,82.5,7.66,0.683,104.37,1
133.32,18.9,0.236,26.88,77.85,6.75,0.951,160.67,1
65.71,10.53,0.051,39.94,77.91,7.23,0.707,82.61,1
150.28,12.93,0.145,24.05,81.06,6.78,0.956,152.17,1
60.01,6.79,-0.046,42.21,65.68,3.42,0.777,61.92,0
87.94,14.33,0.21,29.9,86.86,10.52,0.733,100.47,1
69.76,5.14,0.08,44.68,68.62,4.15,0.922,79.48,0
68.73,13.91,0.098,31.48,78.41,9.45,0.699,45.75,1
66.38,6.26,0.042,35.13,94.85,4.04,0.737,62.69,0
65.52,10.87,0.186,39.76,72.88,8.52,0.753,70.32,1
82.78,5.1,0.128,35.02,92.06,3.7,0.842,83.45,1
65.49,6.5,0.005,31.4,67.86,3.12,0.618,78.83,0
92.56,7.03,0.01,34.01,68.92,2.9,0.948,88.98,0
168.68,28.14,0.183,20.17,84.91,11.66,0.975,161.39,1
148.38,14.9,0.274,23.27,78.85,3.87,0.933,147.33,1
51.7,4.46,0.011,27.18,49.64,2.13,0.381,42.19,0
76.11,4.53,-0.057,34.84,59.32,2.55,0.707,81.15,0
55.99,4.77,-0.019,29.32,61.8,2.35,0.439,49.66,0
66.79,6.47,0.174,41.95,95.68,4.13,0.792,75.41,1
61.33,10.25,0.124,43.67,73.09,10.32,0.806,49.41,1
81.82,5.01,0.02,35.59,55.41,1.23,0.806,88.33,0
85.86,5.76,0.024,35.21,68.27,3.49,0.826,104.03,1
108.06,11.01,0.169,29.7,73.65,8.28,0.852,103.47,1
109.24,7.23,0.031,24.2,88.36,4.04,0.754,107.31,1
94.0,4.56,-0.044,35.11,66.01,3.37,0.891,96.91,1
82.07,15.06,0.131,30.97,77.46,6.84,0.758,99.49,1
91.59,5.16,0.06,30.64,77.68,3.73,0.89,94.27,1
72.8,5.46,-0.007,36.92,72.9,2.47,0.793,90.61,0
117.52,14.49,0.127,24.89,78.66,6.06,0.84,157.0,1
73.0,5.34,0.074,35.59,82.99,5.35,0.786,74.3,1
119.46,24.19,0.102,23.65,83.53,4.54,0.904,101.39,1
85.14,12.98,0.111,30.15,82.22,6.99,0.829,79.56,1
92.72,11.69,0.193,27.9,71.81,9.62,0.823,85.96,1
60.2,3.89,-0.069,46.1,66.27,1.69,0.736,54.75,0
64.82,7.5,0.097,46.85,81.13,3.55,0.9,65.24,1
47.5,3.79,-0.106,40.84,48.5,1.44,0.566,38.5,0
67.1,5.42,0.024,43.38,69.76,2.16,0.77,72.27,0
103.19,7.6,0.051,26.76,89.24,5.48,0.763,100.03,1
156.71,18.97,0.166,21.5,82.72,10.2,0.955,176.11,1
55.26,1.56,-0.023,38.39,62.47,2.03,0.6,57.79,0
88.97,7.79,0.069,32.26,67.06,3.96,0.883,85.26,1
81.14,7.23,0.115,35.25,79.77,6.55,0.842,81.72,1
66.19,7.66,-0.093,36.14,72.02,3.89,0.75,47.3,0
96.57,8.44,0.165,27.39,82.24,3.96,0.771,104.71,1
94.47,7.88,0.059,26.88,94.1,4.92,0.726,95.85,1
72.04,15.63,0.189,42.3,77.98,4.72,0.914,86.23,1
78.31,4.0,-0.071,26.06,73.24,1.85,0.617,73.0,0
61.22,5.07,0.029,42.85,58.65,3.12,0.792,61.84,0
68.29,7.58,0.169,41.72,78.29,9.88,0.826,69.51,1
101.49,13.97,0.193,26.12,72.57,5.26,0.784,95.09,1
39.06,2.01,-0.137,45.83,56.0,1.95,0.533,39.37,0
108.94,19.79,0.164,28.64,79.14,11.17,0.853,117.66,1
41.48,2.42,-0.001,29.3,58.06,1.31,0.364,45.79,0
104.81,13.54,0.116,23.86,89.61,3.93,0.755,108.78,1
62.07,6.3,-0.043,38.35,56.05,3.98,0.695,54.1,0
131.09,22.58,0.281,26.01,93.32,7.67,0.965,147.66,1
85.71,4.38,-0.056,30.6,67.51,1.2,0.791,92.41,0
84.31,3.14,-0.099,26.95,73.28,3.72,0.662,75.0,0
41.09,4.26,-0.159,39.43,58.78,0.8,0.472,41.07,0
73.1,6.71,-0.058,29.24,66.39,3.95,0.665,69.4,0
128.58,24.76,0.119,22.99,65.12,5.85,0.923,126.72,1
135.83,19.72,0.266,24.67,84.37,7.04,0.892,178.7,1
76.06,3.72,0.007,28.63,63.02,2.79,0.629,79.17,0
64.76,4.21,0.07,52.69,66.39,2.45,0.922,65.74,0
75.64,11.23,0.038,32.76,83.15,4.93,0.725,53.76,1
140.89,23.43,0.233,20.29,84.69,4.83,0.91,93.09,1
95.18,13.59,0.121,29.61,80.85,4.57,0.845,105.54,1
60.73,7.1,0.03,41.01,58.4,1.41,0.792,62.37,0
98.84,6.14,0.094,31.04,80.76,2.63,0.825,91.62,1
67.53,14.48,0.052,39.88,89.86,3.83,0.761,69.83,1
53.04,1.35,-0.054,31.01,63.06,1.34,0.463,52.47,0
81.41,10.59,0.144,36.07,72.32,3.7,0.802,85.7,1
69.65,5.87,-0.048,39.14,65.05,2.14,0.746,88.95,0
100.02,12.12,0.194,32.13,79.66,7.57,0.864,121.26,1
58.08,3.55,0.01,24.12,49.03,1.75,0.373,54.43,0
95.14,8.52,0.118,30.88,73.74,3.67,0.792,118.53,1
62.69,4.32,0.038,54.89,73.98,5.07,0.944,64.42,0
73.79,10.02,0.192,37.81,72.94,5.17,0.825,81.26,1
52.46,3.52,0.008,35.42,57.47,1.01,0.549,45.14,0
104.67,16.38,0.243,25.36,76.96,3.57,0.853,76.57,1
101.87,13.36,0.181,25.45,72.72,7.31,0.83,89.16,1
116.94,11.11,0.167,23.62,69.21,5.22,0.769,126.27,1
83.93,11.89,0.234,34.13,76.77,4.45,0.895,64.95,1
107.93,7.03,0.149,23.75,97.77,3.79,0.774,114.05,1
113.69,16.19,0.178,23.78,83.6,10.8,0.793,119.41,1
74.79,5.69,0.001,36.05,62.11,1.78,0.796,74.76,0
109.69,15.03,0.195,20.05,86.22,9.51,0.713,87.15,1
85.32,9.71,-0.038,37.13,80.56,2.03,0.902,59.68,0
50.69,1.21,-0.029,23.08,53.22,1.56,0.351,49.59,0
42.69,4.32,0.007,49.58,56.88,2.28,0.568,34.51,0
53.93,5.4,0.07,42.43,68.35,1.52,0.723,50.99,0
85.55,19.37,0.111,34.93,72.17,9.59,0.855,74.58,1
107.75,6.54,0.026,28.03,90.46,5.45,0.807,103.34,1
89.62,19.09,0.173,27.46,86.71,9.84,0.733,72.34,1
64.57,8.31,0.074,43.96,68.89,5.35,0.922,82.54,1
73.31,5.56,-0.043,45.12,75.59,5.09,0.877,71.52,0
53.09,4.37,-0.087,35.38,56.21,1.33,0.546,58.58,0
77.03,6.63,-0.036,30.37,73.2,3.93,0.726,80.98,0
76.59,4.15,0.002,41.42,78.56,3.73,0.933,71.57,0
49.49,1.88,-0.075,25.28,56.08,1.24,0.353,45.04,0
50.29,4.26,0.014,44.14,57.15,3.01,0.616,58.35,0
86.08,12.9,0.241,36.9,73.23,6.74,0.911,90.57,1
99.86,12.68,0.1,28.96,86.18,2.93,0.859,108.59,1
172.46,22.01,0.245,19.63,82.52,8.87,0.949,155.06,1
122.12,16.9,0.197,27.04,69.55,6.11,0.88,122.28,1
86.18,14.88,0.124,32.61,79.44,6.71,0.908,100.8,1
71.72,5.57,0.037,40.78,65.56,3.99,0.919,88.69,0
77.02,14.23,0.133,36.4,74.12,6.09,0.825,77.95,1
100.72,10.34,0.136,25.6,75.92,8.86,0.791,107.37,1
35.15,1.86,-0.04,47.66,52.76,1.38,0.543,36.03,0
84.24,5.23,-0.011,39.25,68.55,3.17,0.934,79.58,1
90.86,12.99,0.203,27.91,83.35,7.3,0.724,93.02,1
78.97,7.1,-0.076,30.55,73.4,2.81,0.755,86.63,0
76.35,10.6,0.098,37.03,69.18,4.39,0.837,111.37,1
105.28,8.47,0.094,25.98,75.19,3.67,0.76,96.61,0
58.92,7.7,-0.012,41.44,70.61,3.2,0.698,57.53,0
82.34,4.9,0.051,25.64,60.79,3.1,0.657,87.42,0
59.17,4.53,0.022,46.41,68.49,3.52,0.796,49.16,0
40.51,2.87,-0.047,39.53,61.64,2.0,0.446,41.67,0
59.63,2.18,-0.051,31.76,57.85,2.1,0.564,57.01,0
114.22,17.4,0.198,26.4,73.35,6.66,0.819,120.78,1
65.85,4.32,0.001,37.46,68.03,2.55,0.693,64.09,0
73.18,6.62,0.094,40.02,71.48,4.29,0.871,78.24,1
88.05,7.47,-0.008,30.07,56.16,3.15,0.742,76.96,0
155.75,17.55,0.218,18.32,73.28,6.27,0.854,147.2,1
74.13,4.05,-0.025,40.24,66.33,3.73,0.804,72.84,0
84.83,6.41,-0.046,34.09,72.52,4.65,0.887,80.26,1
120.88,15.33,0.155,25.56,74.43,4.35,0.928,129.08,1
72.81,17.63,0.17,33.22,87.88,10.28,0.681,74.62,1
66.21,5.78,-0.054,29.16,71.72,3.71,0.608,69.91,0
69.81,12.48,0.122,41.3,85.08,6.97,0.832,84.56,1
90.47,8.72,-0.028,33.25,79.58,3.11,0.894,85.48,1
60.06,5.4,-0.037,51.77,76.78,2.75,0.833,64.56,0
47.91,2.84,-0.093,40.33,55.69,0.84,0.523,43.48,0
48.23,3.59,-0.125,38.35,59.39,1.84,0.55,45.19,0
108.29,7.74,0.112,21.76,93.92,2.67,0.762,107.95,1
73.65,7.65,0.055,40.13,68.15,5.35,0.848,86.84,1
75.6,8.81,0.029,41.55,68.51,3.39,0.854,63.06,0
92.26,8.83,0.036,31.14,92.93,4.88,0.816,98.94,1
87.51,13.75,0.158,29.65,81.79,9.43,0.818,79.42,1
86.79,6.8,-0.0,27.96,57.22,3.72,0.655,80.06,0
75.53,15.97,0.156,38.6,80.56,5.96,0.805,74.47,1
42.98,2.32,-0.08,35.14,55.55,1.3,0.421,39.97,0
93.19,15.5,0.086,25.99,70.38,7.04,0.745,97.78,1
109.92,6.01,0.151,24.43,92.72,4.75,0.724,108.22,1
135.13,19.42,0.164,24.5,97.32,10.75,0.925,162.15,1
46.24,1.6,-0.012,31.77,48.91,0.84,0.42,46.15,0
50.18,2.04,-0.035,39.22,63.65,1.71,0.543,47.47,0
62.41,5.39,-0.097,33.6,64.48,1.5,0.665,66.06,0
68.53,6.65,0.05,33.62,64.49,2.28,0.72,72.53,0
68.6,6.95,0.027,31.53,65.21,2.44,0.643,65.34,0
137.13,24.77,0.246,22.02,65.59,3.56,0.967,130.05,1
75.68,5.5,0.063,36.32,58.27,3.59,0.807,66.06,0
68.13,6.92,-0.083,44.01,68.42,3.65,0.794,58.94,0
69.16,11.21,0.068,43.47,75.34,11.38,0.843,71.05,1
66.94,6.86,0.02,47.2,74.11,2.11,0.889,79.42,0
104.84,10.0,0.058,25.41,87.6,8.73,0.821,105.23,1
38.92,2.15,-0.114,36.28,59.14,1.12,0.456,39.2,0
79.93,9.79,0.026,37.02,68.29,4.43,0.859,76.27,0
50.1,4.02,-0.035,24.07,61.64,1.61,0.361,60.38,0
38.74,2.67,-0.113,35.88,49.55,0.9,0.438,38.91,0
128.66,23.63,0.137,21.76,71.23,6.15,0.904,114.98,1
59.82,3.28,-0.152,25.39,50.85,0.84,0.418,54.39,0
79.83,7.79,-0.0,39.68,69.38,3.08,0.898,83.1,0
94.09,4.72,0.085,30.59,70.93,4.14,0.831,89.85,1
53.86,6.99,0.075,44.36,72.9,2.76,0.64,59.51,0
112.99,23.48,0.221,27.78,68.81,6.27,0.898,101.94,1
44.01,2.78,-0.015,32.98,49.52,2.33,0.435,39.93,0
105.38,7.18,0.122,27.9,82.56,5.4,0.876,102.8,1
159.61,20.21,0.254,17.47,80.42,11.55,0.908,155.11,1
89.61,16.22,0.115,35.41,76.46,4.96,0.897,99.45,1
127.07,16.51,0.232,25.5,69.02,6.23,0.89,199.25,1
52.4,3.04,-0.097,42.25,50.51,1.73,0.599,49.35,0
87.49,9.29,0.0,35.02,79.47,3.38,0.858,92.37,1
71.96,4.34,-0.011,36.12,55.24,2.98,0.753,68.6,0
74.91,12.53,0.069,37.6,89.54,4.87,0.755,71.78,0
133.01,25.62,0.217,24.81,86.12,11.05,0.958,105.42,1
87.74,3.39,-0.007,32.94,67.0,1.26,0.769,83.38,0
86.85,10.42,0.143,29.98,89.04,4.37,0.779,79.3,1
86.58,7.26,-0.018,22.43,73.02,1.55,0.6,83.42,0
110.14,13.8,0.243,26.19,76.26,7.41,0.789,109.22,1
89.14,5.13,0.065,34.09,74.02,4.13,0.869,95.93,1
133.08,21.4,0.25,23.05,85.95,7.6,0.913,170.07,1
119.34,10.85,0.17,24.51,68.23,7.1,0.876,117.12,1
63.82,7.24,-0.098,42.04,57.63,3.51,0.741,54.37,0
47.5,1.85,-0.053,30.91,51.23,1.79,0.389,46.92,0
71.54,7.99,-0.001,30.3,73.19,1.86,0.692,80.23,0
75.36,3.48,-0.033,29.61,65.95,3.98,0.693,70.73,0
74.3,6.64,-0.013,28.02,67.42,2.71,0.654,71.47,0
130.28,17.66,0.277,26.46,79.69,6.56,0.96,170.48,1
99.16,9.75,0.138,27.82,72.44,4.87,0.804,98.52,1
94.19,8.45,0.075,31.07,72.07,3.21,0.944,88.52,1
58.72,2.68,-0.017,27.07,53.08,1.73,0.421,62.89,0
135.88,24.17,0.242,22.44,73.72,4.55,0.953,116.07,1
76.03,14.89,0.031,41.81,87.69,3.97,0.869,95.04,1
37.27,2.42,0.01,43.71,60.83,2.04,0.525,37.35,0
81.57,9.11,0.145,26.76,92.57,2.5,0.703,68.69,0
76.33,9.05,-0.028,40.32,76.53,2.8,0.898,76.05,0
38.93,3.51,-0.062,28.94,49.54,0.9,0.357,41.42,0
70.38,6.72,0.006,46.17,75.41,5.07,0.945,69.86,1
92.88,5.16,-0.036,29.44,71.61,3.07,0.866,86.72,0
60.03,6.41,-0.031,39.88,65.73,2.74,0.739,56.08,0
131.59,19.44,0.133,22.22,69.39,3.28,0.883,134.7,1
113.84,11.6,0.128,26.19,81.67,11.25,0.811,124.51,1
104.92,11.24,0.176,22.88,89.03,5.92,0.72,90.4,1
89.58,4.18,0.054,32.69,71.51,2.07,0.951,92.26,0
64.27,4.33,0.071,52.6,67.05,3.06,0.933,68.59,1
88.64,14.57,0.097,31.54,90.16,5.8,0.835,78.02,1
94.11,6.99,0.003,31.06,67.26,2.02,0.896,84.78,0
50.13,3.85,-0.015,36.13,55.01,2.01,0.582,43.19,0
71.48,7.89,0.004,39.12,72.01,2.59,0.898,69.13,0
72.99,7.75,0.155,41.93,76.12,8.44,0.839,72.43,1
80.04,7.88,0.04,37.14,65.96,3.5,0.92,78.13,1
53.98,4.49,-0.124,22.8,52.31,0.8,0.374,53.93,0
81.97,9.86,0.078,27.06,73.47,10.31,0.715,83.96,1
89.9,5.61,-0.002,24.89,68.81,2.52,0.679,91.83,0
61.64,5.18,-0.037,35.74,58.72,1.73,0.619,59.89,0
66.26,6.91,0.028,34.08,66.26,3.28,0.642,79.2,0
52.27,6.66,-0.051,47.29,59.85,3.55,0.726,56.23,0
95.36,17.32,0.202,30.38,72.68,10.77,0.826,114.38,1
69.95,5.44,0.027,44.78,72.6,4.22,0.925,71.71,0
74.42,7.11,-0.068,33.32,70.75,2.45,0.753,63.29,0
126.8,18.48,0.226,26.82,72.85,5.65,0.95,100.69,1
124.85,13.26,0.261,27.42,77.96,3.24,0.938,148.43,1
158.73,24.44,0.254,19.7,82.71,3.3,0.851,170.24,1
61.21,6.05,-0.093,45.88,57.23,2.35,0.77,55.7,0
86.94,9.81,0.048,31.55,71.04,5.42,0.851,86.66,0
155.27,20.61,0.265,21.71,86.48,10.17,0.975,136.71,1
89.62,9.0,0.188,24.35,71.7,8.21,0.694,83.25,1
46.89,2.6,-0.036,46.84,60.81,0.94,0.588,44.4,0
45.54,2.12,-0.001,34.56,57.84,1.06,0.433,39.44,0
90.97,5.78,0.052,35.07,74.56,4.1,0.919,93.68,1
133.49,17.7,0.255,19.72,70.03,3.49,0.853,126.01,1
71.03,9.93,-0.009,48.44,67.01,4.11,0.913,80.2,0
99.9,7.53,-0.004,30.99,79.36,2.6,0.914,95.59,0
42.98,2.13,-0.008,34.1,53.76,1.75,0.455,43.12,0
83.42,7.95,0.029,31.13,95.07,5.48,0.804,69.09,1
92.98,18.13,0.119,30.25,86.25,7.54,0.866,84.75,1
86.31,7.66,-0.091,29.75,66.28,2.29,0.731,79.78,0
112.11,9.21,0.07,20.64,76.55,8.19,0.687,131.51,1
147.65,19.63,0.274,24.09,84.42,8.51,0.973,153.62,1
53.18,4.63,-0.019,43.45,58.6,2.39,0.641,54.19,0
73.11,5.23,-0.008,37.77,68.01,5.37,0.88,82.99,0
89.42,7.21,-0.024,28.18,68.43,1.8,0.763,108.46,0
89.86,13.15,0.125,32.1,77.82,9.21,0.78,95.75,1
101.64,15.23,0.182,31.96,77.83,3.61,0.859,103.57,1
75.26,8.97,0.215,35.46,81.62,4.59,0.822,75.1,1
73.82,15.01,0.189,32.82,76.83,11.37,0.77,31.28,1
53.93,4.34,-0.095,50.52,67.16,3.48,0.793,50.07,0
139.98,21.11,0.263,23.09,71.62,5.84,0.862,139.29,1
97.84,6.6,-0.021,34.11,66.78,4.55,0.951,95.93,1
53.51,4.69,-0.073,51.54,64.54,1.21,0.733,44.87,0
75.01,6.59,0.18,35.64,88.49,5.55,0.759,72.34,1
80.28,18.68,0.177,30.89,81.59,11.11,0.726,69.48,1
59.78,5.98,-0.05,48.34,63.11,2.48,0.811,60.97,0
136.21,16.97,0.114,22.71,82.35,5.74,0.928,142.51,1
157.09,17.05,0.231,17.94,75.05,6.35,0.903,156.96,1
71.21,4.07,-0.039,34.0,55.54,2.86,0.742,66.18,0
163.11,24.04,0.296,21.23,85.38,7.13,0.98,180.9,1
50.07,1.11,-0.155,31.4,63.5,2.32,0.496,46.33,0
68.77,6.77,0.042,38.51,56.92,2.27,0.71,68.65,0
59.18,4.6,0.034,44.13,73.24,2.29,0.761,64.18,0
148.47,22.81,0.124,19.92,73.66,3.09,0.953,149.32,1
95.51,8.72,0.159,28.36,82.35,4.9,0.847,118.37,1
84.91,5.28,0.046,32.42,63.29,2.6,0.772,78.42,0
61.25,9.34,0.065,51.9,81.68,2.63,0.855,75.18,0
92.82,15.36,0.106,28.07,69.7,6.96,0.796,81.1,1
52.36,4.28,0.0,25.82,63.18,0.97,0.377,52.14,0
131.0,23.94,0.165,26.64,74.19,6.86,0.972,90.49,1
105.61,8.36,0.15,24.04,75.36,9.62,0.709,108.99,1
82.61,4.47,0.025,38.7,65.9,4.66,0.92,80.1,0
167.5,18.05,0.275,19.62,87.67,7.96,0.89,180.79,1
86.55,9.65,0.093,36.15,65.1,3.26,0.912,77.0,1
152.46,23.45,0.294,23.46,82.07,8.28,0.977,142.75,1
97.88,11.72,0.096,24.06,96.22,4.87,0.74,111.05,1
105.24,15.41,0.231,26.15,84.81,4.11,0.788,92.57,1
69.0,7.45,0.016,32.38,57.57,1.22,0.709,85.54,0
157.81,21.93,0.274,19.62,78.6,3.18,0.855,142.41,1
82.72,5.68,0.049,36.81,76.99,5.47,0.912,82.11,0
68.61,7.02,0.004,28.21,71.86,1.34,0.608,55.18,0
38.16,3.63,-0.135,30.58,55.11,1.19,0.355,33.84,0
92.26,14.69,0.185,31.67,76.8,5.39,0.909,85.76,1
79.65,6.53,0.049,38.69,81.09,2.59,0.948,83.84,1
101.52,10.18,0.092,28.87,91.63,5.9,0.842,131.84,1
150.43,19.96,0.216,23.09,77.37,4.52,0.976,110.41,1
51.49,1.06,-0.087,35.22,56.48,2.08,0.536,49.57,0
89.38,8.49,0.059,33.8,88.03,4.71,0.834,81.82,1
80.44,4.88,0.002,28.74,72.42,3.66,0.699,86.11,0
142.84,16.31,0.22,23.66,78.04,3.63,0.972,108.33,1
89.8,18.32,0.11,30.46,80.78,9.12,0.765,93.64,1
64.87,5.89,0.049,45.8,70.25,4.46,0.842,62.02,0
69.1,10.77,0.044,41.0,89.35,2.88,0.75,76.06,0
83.19,7.97,-0.023,32.43,74.15,1.68,0.792,77.37,1
62.4,7.72,0.037,49.51,78.56,2.13,0.849,63.45,0
64.33,10.27,0.173,35.42,79.2,11.08,0.736,66.57,1
92.44,4.39,-0.031,33.54,81.9,2.63,0.837,98.46,0
65.71,3.81,-0.022,37.33,70.62,1.85,0.77,67.97,0
96.82,4.26,0.06,27.95,79.24,5.17,0.826,97.84,1
76.42,12.42,0.163,33.29,76.43,10.41,0.722,67.8,1
63.05,6.32,0.038,42.14,59.79,1.2,0.73,67.99,0
53.06,5.93,0.048,47.23,58.96,2.85,0.686,60.42,0
67.2,10.97,0.123,38.51,92.4,4.71,0.82,77.6,1
60.97,15.25,0.163,38.77,80.77,9.17,0.728,39.63,1
46.57,4.64,-0.095,33.98,48.6,0.75,0.507,41.11,0
59.1,6.74,-0.069,38.54,63.62,2.13,0.654,67.36,0
43.45,2.57,-0.007,45.62,62.07,2.24,0.571,45.72,0
81.42,5.76,-0.08,30.55,70.21,3.5,0.778,93.67,0
70.86,5.77,0.026,38.47,71.55,2.64,0.839,76.71,1
66.03,10.66,0.026,39.59,93.28,5.07,0.717,72.26,1
86.34,13.6,0.047,28.01,84.15,5.29,0.75,93.41,0
73.85,8.45,0.098,32.61,79.85,5.75,0.75,65.14,1
59.32,7.05,-0.01,47.75,64.06,1.87,0.754,50.18,0
82.33,11.28,0.086,34.88,85.86,7.5,0.867,86.61,1
90.49,5.25,0.039,36.2,76.12,4.47,0.918,90.69,1
169.54,15.31,0.193,19.16,92.37,7.48,0.885,178.48,1
102.33,8.29,0.202,32.22,79.24,3.62,0.897,98.96,1
43.22,2.92,-0.007,29.43,49.72,2.24,0.413,48.07,0
105.99,8.06,0.101,25.53,96.44,5.12,0.726,98.63,1
62.33,5.43,0.009,48.39,62.68,3.17,0.804,66.2,0
71.86,13.63,0.087,36.28,86.7,3.67,0.846,90.88,1
36.67,2.56,-0.046,33.03,56.31,1.44,0.377,36.71,0
62.01,7.84,-0.048,37.37,65.72,3.08,0.647,73.83,0
155.24,19.83,0.109,18.04,66.48,5.99,0.902,144.89,1
57.43,5.08,-0.017,39.93,64.27,3.2,0.689,45.82,0
79.45,14.98,0.133,35.07,80.09,10.52,0.825,90.19,1
69.64,6.35,-0.06,33.19,67.5,1.28,0.685,71.62,0
113.85,10.81,0.166,21.01,72.09,6.6,0.76,118.32,1
76.6,14.44,0.152,35.18,95.83,5.12,0.856,30.9,1
72.45,9.0,0.02,42.3,69.67,2.8,0.828,81.86,0
75.9,5.8,-0.009,36.57,70.1,2.75,0.743,79.23,0
66.18,7.3,0.064,38.32,71.62,2.34,0.799,69.18,0
43.35,4.07,-0.133,40.44,57.61,1.75,0.47,46.19,0
73.28,7.17,-0.053,31.25,73.53,3.14,0.646,77.7,0
86.03,8.77,0.109,29.02,89.28,4.09,0.724,92.61,1
142.61,23.49,0.2,22.71,66.4,3.53,0.932,150.09,1
129.79,22.38,0.198,24.86,84.45,3.59,0.965,100.13,1
74.69,17.58,0.217,38.54,79.43,8.71,0.835,101.41,1
85.46,13.54,0.085,37.71,83.58,9.9,0.861,80.1,1
102.18,14.98,0.113,24.02,94.49,2.76,0.712,100.41,1
61.1,7.58,-0.019,48.85,60.98,2.28,0.798,63.93,0
129.43,22.06,0.123,21.74,78.98,4.63,0.907,96.34,1
96.73,10.03,0.022,29.64,96.72,2.89,0.823,93.63,1
71.13,12.64,0.215,36.05,82.22,6.13,0.777,77.8,1
47.9,4.86,-0.137,30.65,58.62,0.86,0.475,42.77,0
65.36,5.94,0.009,47.12,71.73,3.74,0.952,65.13,0
60.01,9.4,-0.038,60.15,67.22,4.12,0.955,56.7,0
149.02,12.42,0.224,21.44,69.73,3.64,0.86,137.46,1
67.22,4.24,0.038,46.5,71.9,2.42,0.868,59.5,0
56.86,5.97,0.04,41.76,55.52,1.8,0.669,66.59,0
174.51,15.19,0.196,18.92,86.01,8.95,0.887,200.84,1
47.84,1.16,0.009,24.16,58.16,2.27,0.371,47.45,0
82.16,8.95,0.098,40.02,69.73,4.45,0.921,92.61,1
37.18,1.43,-0.052,59.12,55.92,2.43,0.588,36.92,0
105.63,14.1,0.164,25.81,93.12,2.59,0.864,87.63,1
149.67,18.35,0.126,21.08,71.77,5.8,0.965,176.32,1
70.0,7.08,-0.072,43.3,56.4,2.7,0.815,72.33,0
112.1,18.31,0.243,30.65,68.76,4.95,0.923,101.53,1
74.69,6.61,-0.039,28.01,60.11,2.69,0.641,88.3,0
146.72,14.14,0.235,22.52,65.24,3.24,0.937,157.64,1
81.1,8.9,0.058,30.19,87.24,10.14,0.712,83.92,1
99.91,10.67,0.15,22.81,77.28,6.67,0.709,110.3,1
36.87,2.55,-0.011,41.31,62.14,1.85,0.444,37.02,0
132.44,24.64,0.243,25.86,84.57,9.07,0.929,135.06,1
102.65,14.41,0.069,24.97,82.3,5.8,0.777,118.2,1
71.06,5.83,-0.068,32.39,73.36,2.76,0.71,68.35,0
61.71,11.37,0.147,40.43,80.98,9.12,0.689,33.49,1
88.62,3.8,-0.003,23.64,65.55,2.75,0.671,90.24,0
143.06,20.25,0.239,19.03,70.95,5.6,0.862,137.7,1
43.37,4.39,-0.025,40.47,62.8,1.95,0.511,43.75,0
109.09,11.95,0.116,21.98,96.44,3.53,0.782,109.01,1
72.76,8.96,0.048,39.76,78.41,3.76,0.844,72.32,1
44.05,4.46,-0.116,29.96,53.15,1.96,0.374,41.2,0
76.43,6.38,-0.034,35.71,74.56,1.78,0.785,75.15,0
35.13,3.85,-0.097,35.6,60.79,2.14,0.398,32.7,0
85.04,8.76,0.032,37.1,78.6,3.85,0.901,82.61,1
70.65,7.4,-0.058,31.26,57.56,3.49,0.658,71.34,0
75.41,13.38,0.219,40.21,73.99,4.86,0.814,40.33,1
51.95,5.23,-0.052,51.42,56.92,2.35,0.797,49.46,0
75.8,3.67,0.072,31.87,67.53,2.41,0.73,78.61,0
74.57,11.04,0.173,38.65,96.13,3.02,0.772,61.77,1
46.57,3.87,-0.036,33.09,56.89,0.66,0.47,38.76,0
127.3,19.26,0.2,26.75,79.34,3.94,0.942,138.03,1
136.36,17.68,0.224,23.0,69.47,5.47,0.855,130.15,1
82.15,7.59,0.103,34.49,88.72,5.57,0.824,100.95,1
80.99,17.76,0.134,37.65,68.32,7.04,0.841,73.89,1
119.77,24.13,0.157,29.2,81.38,5.96,0.94,106.46,1
75.45,6.67,-0.004,27.38,71.83,3.89,0.616,67.99,0
40.62,1.08,-0.133,44.7,63.5,0.78,0.525,36.57,0
72.8,6.58,0.051,30.88,69.96,2.04,0.7,81.31,0
70.3,11.67,0.056,32.62,81.74,9.74,0.737,79.23,1
42.96,2.67,-0.037,25.85,52.7,0.87,0.352,36.75,0
117.95,11.77,0.17,27.14,68.81,4.46,0.875,116.53,1
146.87,25.6,0.194,18.83,84.89,8.86,0.893,180.59,1
133.93,21.62,0.192,19.9,73.8,5.84,0.859,133.49,1
67.8,9.61,0.037,40.03,76.98,3.31,0.86,62.05,0
40.93,3.57,-0.17,36.29,51.54,0.98,0.418,39.89,0
95.52,18.91,0.06,25.11,77.46,8.36,0.713,115.49,1
80.32,9.5,0.167,40.33,74.66,3.67,0.908,72.27,1
43.11,3.9,-0.016,36.31,53.48,1.19,0.497,38.96,0
58.33,3.55,-0.175,32.26,55.6,2.45,0.516,57.14,0
134.28,14.43,0.226,24.13,65.61,5.59,0.921,124.86,1
71.48,8.49,0.114,31.91,95.64,2.6,0.728,74.52,1
94.11,12.25,0.099,27.63,71.23,7.9,0.842,81.09,1
110.69,16.59,0.135,28.95,81.42,3.65,0.885,89.82,1
97.33,12.44,0.102,33.94,77.68,7.02,0.904,117.2,1
63.19,5.24,-0.028,46.45,79.66,3.85,0.936,64.25,1
97.17,5.2,-0.048,30.44,65.52,4.9,0.866,94.33,0
75.67,5.06,-0.038,28.47,70.41,3.15,0.649,75.95,0
80.58,6.61,0.074,40.35,71.54,2.56,0.891,77.3,0
91.69,8.2,0.16,29.14,84.6,11.09,0.765,110.29,1
94.84,13.94,0.233,30.18,69.67,6.26,0.784,105.66,1
152.52,20.34,0.25,19.68,66.75,6.05,0.941,143.88,1
72.58,5.93,-0.025,42.87,65.33,3.66,0.861,62.14,0
113.11,16.2,0.151,27.41,72.89,3.72,0.874,138.09,1
100.81,9.57,0.225,27.83,81.73,6.6,0.857,111.7,1
73.73,9.77,0.096,39.58,75.81,7.13,0.791,90.72,1
70.81,13.01,0.166,38.73,93.29,3.02,0.771,56.66,1
50.86,3.75,0.028,52.75,67.82,2.54,0.757,52.27,0
87.79,7.44,-0.032,33.64,78.94,4.81,0.843,89.41,0
45.97,1.1,-0.115,31.07,56.26,2.37,0.455,40.66,0
89.6,7.31,-0.021,31.66,65.28,1.67,0.82,92.03,0
69.05,7.82,0.091,41.89,69.64,3.04,0.93,66.08,1
87.48,12.08,0.14,25.51,87.44,3.51,0.712,86.39,1
146.31,19.19,0.245,21.14,88.64,10.58,0.977,150.29,1
85.48,13.52,0.248,36.32,74.47,5.8,0.885,89.93,1
102.02,12.36,0.111,26.19,93.93,2.97,0.834,116.73,1
76.37,9.88,-0.018,37.56,71.43,5.26,0.878,81.39,1
93.54,9.87,0.169,35.59,73.17,6.74,0.896,97.66,1
41.38,1.7,-0.06,47.25,54.71,0.67,0.526,39.97,0
79.23,4.36,-0.011,26.26,61.79,2.66,0.606,82.38,0
61.95,5.9,-0.051,37.68,59.15,2.97,0.694,56.14,0
60.64,4.17,0.021,49.24,74.95,3.43,0.846,61.26,0
54.68,4.01,0.004,24.67,62.06,2.32,0.404,57.78,0
42.85,4.81,-0.054,33.11,61.46,1.18,0.445,54.79,0
83.03,5.29,0.047,26.87,66.51,1.78,0.668,93.48,0
168.59,18.02,0.272,19.44,80.66,7.53,0.911,191.74,1
77.97,4.73,-0.015,28.2,73.95,2.1,0.689,70.51,0
74.62,8.02,0.055,43.1,79.99,3.01,0.949,78.66,1
63.49,5.22,0.062,38.9,64.61,3.73,0.679,65.86,0
82.17,11.25,0.14,37.55,84.98,6.6,0.905,106.35,1
74.27,5.4,0.07,29.12,69.24,2.35,0.605,67.12,0
77.01,3.05,-0.049,26.93,58.34,3.24,0.642,70.04,0
83.21,8.32,-0.0,38.82,79.02,2.33,0.904,81.57,0
43.08,1.49,-0.071,29.55,61.96,0.68,0.407,46.2,0
53.25,2.04,-0.012,37.98,56.48,2.05,0.588,54.48,0
52.78,4.63,-0.084,50.57,59.58,2.98,0.818,44.71,0
54.63,1.44,-0.001,32.91,59.54,0.73,0.56,55.67,0
56.48,1.49,-0.149,29.9,52.66,1.02,0.486,51.76,0
71.39,4.94,0.032,29.23,67.41,2.42,0.623,69.98,0
72.78,7.4,0.194,35.5,82.26,11.24,0.745,63.29,1
116.7,14.82,0.193,23.0,82.37,6.35,0.822,108.67,1
83.98,6.58,-0.049,36.69,67.09,3.78,0.933,80.61,0
89.88,5.04,-0.067,25.32,59.73,1.5,0.735,75.73,0
111.14,17.61,0.177,29.25,80.68,3.52,0.874,106.38,1
88.52,4.54,-0.019,23.62,69.57,2.56,0.663,88.54,0
37.61,3.9,-0.133,33.34,56.49,2.13,0.384,38.59,0
77.39,14.17,0.242,36.49,69.05,4.78,0.893,73.39,1
58.73,4.94,-0.133,28.15,62.31,1.04,0.517,55.9,0
85.98,7.51,-0.077,26.26,63.16,3.39,0.645,82.98,0
80.55,7.55,-0.036,37.81,81.87,2.31,0.887,83.09,0
138.69,19.51,0.253,23.56,75.33,3.04,0.901,100.75,1
70.38,8.9,-0.01,38.41,67.63,5.45,0.822,69.73,0
88.02,7.14,0.103,25.68,88.88,4.59,0.728,89.93,1
147.94,19.24,0.186,20.31,91.18,10.03,0.946,130.45,1
48.51,2.84,-0.114,35.42,49.6,2.45,0.547,43.92,0
80.92,4.84,0.056,28.75,62.49,2.14,0.616,85.55,0
56.17,3.84,0.078,40.52,57.52,1.8,0.7,67.91,0
80.44,6.01,0.018,38.8,70.55,2.25,0.843,85.33,1
73.98,6.85,-0.006,40.11,79.36,3.0,0.918,67.82,1
144.07,14.54,0.215,18.81,77.4,5.05,0.862,135.75,1
74.77,8.53,0.099,30.11,97.32,4.83,0.718,97.42,1
111.14,11.23,0.181,24.8,80.47,6.39,0.797,104.02,1
65.31,3.73,-0.039,37.1,71.62,2.13,0.751,60.78,0
105.8,18.58,0.12,19.91,82.51,10.42,0.685,143.45,1
147.04,25.5,0.214,22.7,89.83,8.19,0.954,203.37,1
100.53,19.66,0.115,25.79,87.78,9.62,0.693,95.85,1
38.35,4.34,-0.004,43.18,51.17,0.84,0.475,34.41,0
95.32,14.95,0.132,28.89,68.36,5.94,0.818,101.95,1
44.97,2.05,0.001,27.8,53.56,2.39,0.354,46.61,0
71.31,4.02,0.05,28.7,59.97,1.74,0.645,72.88,0
50.95,4.82,-0.134,23.48,58.18,1.56,0.351,51.32,0
73.09,12.54,0.129,36.12,71.78,4.83,0.797,77.51,1
109.15,14.91,0.077,23.23,97.34,4.63,0.789,123.4,1
52.23,1.82,-0.112,28.78,52.16,0.61,0.407,48.88,0
53.48,5.78,0.079,40.95,56.99,2.43,0.632,53.31,0
71.78,5.82,0.014,38.87,80.56,2.15,0.864,75.21,0
54.46,7.87,0.025,38.39,64.12,2.03,0.66,58.91,0
42.28,3.32,-0.015,36.75,53.91,1.49,0.441,38.81,0
83.45,6.34,0.057,37.38,69.37,3.49,0.843,93.4,1
91.53,19.55,0.068,30.74,77.54,9.5,0.772,103.77,1
51.04,4.8,-0.103,39.21,63.67,1.53,0.558,54.33,0
44.43,1.64,-0.063,28.05,55.78,2.26,0.399,43.34,0
63.24,5.09,-0.027,31.49,55.07,3.72,0.619,60.39,0
131.3,24.64,0.249,23.44,75.17,5.92,0.864,128.68,1
72.92,9.65,0.124,42.32,83.13,2.73,0.822,93.64,1
71.83,7.94,0.143,37.77,84.9,4.14,0.782,82.51,1
61.39,6.31,-0.08,38.96,69.82,1.83,0.686,59.09,0
77.67,9.03,0.169,35.88,69.93,7.17,0.865,78.53,1
39.24,1.36,-0.02,40.18,54.6,2.41,0.474,38.34,0
78.35,10.74,0.121,37.74,72.96,5.56,0.835,90.14,1
120.28,13.51,0.198,24.0,66.7,5.11,0.876,139.79,1
107.81,11.14,0.246,28.25,68.98,5.54,0.879,112.44,1
134.17,16.78,0.149,23.06,71.35,3.25,0.973,176.2,1
103.58,10.87,0.145,26.52,95.17,4.43,0.862,109.55,1
44.16,3.23,-0.08,40.57,48.55,0.66,0.501,38.2,0
119.66,20.48,0.198,28.63,81.71,4.65,0.978,116.99,1
53.35,3.49,-0.083,26.97,61.65,1.12,0.394,47.87,0
84.46,6.24,-0.044,35.06,80.11,4.86,0.853,99.55,0
46.66,3.58,-0.119,43.88,59.93,1.23,0.56,42.19,0
47.18,1.7,-0.164,39.29,62.71,2.13,0.525,45.78,0
98.47,5.45,0.064,33.28,65.54,3.9,0.9,97.11,0
61.04,7.49,-0.057,33.96,58.2,3.54,0.617,61.25,0
79.22,8.84,0.014,41.96,66.71,4.23,0.932,94.65,0
114.95,10.24,0.183,22.62,74.51,3.93,0.824,124.74,1
44.56,4.31,-0.164,37.81,62.76,2.19,0.506,44.77,0
53.63,2.71,-0.012,31.36,61.0,0.75,0.483,60.44,0
104.78,17.18,0.214,26.36,82.04,3.99,0.787,129.48,1
85.31,3.51,0.053,30.48,65.08,2.06,0.776,83.02,0
74.81,12.63,0.068,37.01,90.01,4.31,0.897,78.48,1
108.04,6.74,0.106,25.5,88.65,4.75,0.779,110.15,1
103.48,12.76,0.078,23.91,73.82,7.13,0.743,86.43,1
89.34,5.73,0.117,32.71,97.43,5.4,0.899,82.73,1
93.35,8.66,0.063,33.18,68.73,4.55,0.934,96.49,1
95.01,6.22,0.133,29.65,82.7,2.83,0.894,84.84,0
82.28,5.37,-0.013,33.2,62.24,2.19,0.758,78.35,0
81.2,3.07,-0.074,28.21,62.03,2.02,0.647,78.08,0
90.96,11.78,0.136,27.61,86.08,7.46,0.804,100.38,1
85.09,6.36,-0.026,37.14,74.5,3.05,0.836,74.29,0
94.59,10.18,0.134,26.4,78.16,10.48,0.777,91.89,1
109.74,17.29,0.107,22.59,75.03,8.16,0.716,105.95,1
115.46,15.34,0.251,29.29,69.55,6.49,0.93,110.93,1
147.68,23.02,0.212,21.45,72.48,3.9,0.915,158.01,1
96.78,6.14,0.054,30.3,76.4,4.26,0.911,104.61,1
55.74,7.89,-0.092,45.68,63.5,2.21,0.703,57.67,0
89.77,13.64,0.232,32.38,84.48,6.37,0.919,98.35,1
50.93,7.13,0.051,49.33,60.6,2.99,0.764,33.52,0
115.68,10.34,0.178,26.13,79.27,5.76,0.811,108.02,1
69.57,7.21,0.143,39.25,84.65,4.26,0.774,73.21,1
66.59,7.82,0.122,37.77,95.24,4.87,0.74,81.98,1
86.62,4.96,-0.058,28.46,66.47,2.14,0.746,76.11,0
78.41,6.26,-0.021,27.37,62.3,1.99,0.688,72.24,0
70.73,5.93,0.032,47.98,71.73,5.31,0.928,81.36,1
38.24,3.89,-0.06,42.85,59.79,1.44,0.477,44.81,0
129.92,21.33,0.258,27.44,80.72,3.06,0.959,149.66,1
57.88,5.2,0.035,44.23,63.32,3.1,0.741,56.51,0
61.03,6.23,-0.063,41.3,55.06,2.74,0.753,60.91,0
51.13,4.86,-0.013,31.92,56.14,1.35,0.529,39.66,0
87.95,16.48,0.145,29.24,72.62,4.6,0.828,71.53,1
100.3,13.47,0.216,29.01,81.11,5.5,0.878,139.23,1
87.34,3.27,-0.073,28.36,67.28,1.22,0.692,83.01,0
45.59,3.08,-0.148,28.82,52.92,1.95,0.377,53.02,0
79.2,7.43,0.034,38.05,66.66,5.14,0.863,76.83,1
80.26,5.92,-0.09,30.97,61.11,1.59,0.796,91.8,0
97.42,12.04,0.132,31.78,87.58,4.46,0.883,109.48,1
110.84,8.29,0.093,25.52,78.08,5.91,0.762,125.59,1
68.7,3.34,-0.062,33.1,70.53,3.48,0.602,66.26,0
59.39,5.94,0.073,37.13,57.43,3.16,0.623,60.46,0
141.27,26.38,0.169,22.97,83.82,7.39,0.982,148.38,1
87.47,6.95,0.049,36.35,65.47,5.41,0.871,77.1,1
68.3,9.49,0.122,34.69,91.25,4.37,0.738,75.4,1
43.06,1.98,-0.032,44.09,52.7,2.26,0.534,41.07,0
73.83,6.56,0.059,39.68,72.97,4.29,0.85,82.44,0
39.98,2.64,-0.074,51.28,59.12,1.41,0.545,45.52,0
64.31,5.24,0.001,42.23,75.63,2.14,0.852,70.77,0
169.41,26.18,0.177,20.25,80.57,8.49,0.942,136.76,1
68.27,3.75,-0.021,31.22,62.86,2.57,0.644,68.3,0
56.07,4.04,-0.048,28.05,48.04,1.77,0.474,58.51,0
37.94,2.78,-0.033,57.15,54.36,1.63,0.59,34.34,0
61.28,7.5,-0.071,40.99,64.29,3.57,0.672,56.16,0
67.03,7.66,-0.071,30.23,73.99,2.63,0.635,79.45,0
55.67,4.46,-0.066,36.71,56.67,1.75,0.567,54.01,0
83.4,7.96,0.11,31.56,73.46,7.24,0.805,80.19,1
87.97,9.06,-0.047,36.21,81.07,3.35,0.853,83.08,1
60.97,4.09,-0.061,38.03,72.93,3.94,0.619,60.48,0
143.05,22.74,0.138,22.25,77.82,6.5,0.9,150.0,1
55.98,2.9,-0.037,36.52,50.61,2.36,0.595,58.24,0
148.43,20.86,0.229,22.16,89.44,8.4,0.882,161.2,1
53.51,5.3,0.071,48.66,69.03,2.85,0.798,50.26,0
149.31,16.21,0.22,21.84,74.29,5.22,0.896,149.08,1
80.56,11.99,0.102,29.39,78.28,4.26,0.763,83.78,1
67.4,7.69,0.07,36.34,82.03,9.71,0.774,77.57,1
158.51,20.67,0.22,22.53,86.32,7.71,0.968,145.94,1
78.26,6.42,0.044,28.23,62.05,1.55,0.64,71.78,0
143.17,24.65,0.15,22.92,88.22,11.6,0.887,143.45,1
77.03,3.68,-0.046,24.85,64.5,1.78,0.612,75.16,0
66.45,4.76,-0.003,35.44,57.25,3.42,0.765,78.36,0
88.28,5.87,-0.071,25.89,62.92,2.54,0.714,77.23,0
80.03,4.9,0.062,39.54,66.33,5.11,0.903,79.73,1
75.29,4.87,0.063,30.31,55.78,3.86,0.608,75.94,0
71.39,15.16,0.118,39.35,82.77,3.9,0.869,72.57,1
91.51,6.97,0.014,32.42,74.66,2.44,0.822,75.88,1
74.18,15.76,0.16,39.87,74.81,7.84,0.803,99.94,1
79.71,15.49,0.145,32.81,81.19,10.57,0.693,90.31,1
61.19,7.96,0.012,44.74,75.44,2.43,0.821,54.03,0
69.71,4.8,-0.001,30.15,67.71,3.59,0.653,62.03,0
70.32,6.24,0.002,32.19,67.84,1.28,0.68,67.37,0
70.31,6.27,0.037,29.52,74.81,2.9,0.625,71.24,0
41.23,3.29,-0.004,38.89,59.25,1.28,0.48,45.11,0
64.37,3.95,-0.034,45.44,69.77,2.14,0.788,58.76,0
52.99,3.25,-0.077,41.23,56.76,3.05,0.626,56.72,0
164.06,17.9,0.243,17.85,97.93,8.12,0.944,191.67,1
102.67,15.4,0.128,25.9,69.01,7.34,0.847,88.97,1
79.79,7.49,-0.053,30.27,55.85,2.28,0.738,77.29,0
81.43,14.45,0.102,41.09,79.3,6.34,0.896,84.84,1
47.38,2.34,-0.037,33.58,63.86,1.05,0.485,48.55,0
72.64,8.84,-0.035,40.83,72.27,2.26,0.884,64.04,0
95.49,17.59,0.246,33.25,76.76,4.64,0.84,100.91,1
70.97,6.72,-0.05,42.41,66.21,4.6,0.869,56.34,0
92.6,4.02,0.0,33.99,80.43,2.82,0.912,95.35,0
154.21,27.24,0.158,19.02,83.47,7.1,0.927,163.88,1
115.66,19.56,0.157,27.53,73.8,4.69,0.9,131.87,1
108.42,11.29,0.237,28.24,68.69,3.56,0.91,91.66,1
82.97,14.78,0.182,31.16,83.04,6.22,0.778,98.11,1
104.18,9.13,0.16,23.68,68.7,4.85,0.779,123.15,1
55.95,3.12,0.043,39.17,61.88,2.58,0.6,60.94,0
83.54,6.62,-0.056,31.36,59.93,1.8,0.758,79.56,0
36.5,4.14,-0.008,49.21,55.29,2.21,0.501,37.06,0
83.18,5.92,-0.02,36.24,69.88,3.19,0.879,85.88,0
65.82,6.89,0.062,49.52,71.14,3.66,0.888,63.16,0
89.62,6.16,0.043,23.38,72.61,3.87,0.603,91.08,0
142.88,26.93,0.24,23.69,92.52,11.11,0.944,200.78,1
120.56,18.07,0.276,27.07,83.76,6.25,0.922,97.22,1
93.95,9.33,0.148,30.98,86.99,4.96,0.852,85.44,1
72.93,6.48,0.084,38.36,69.89,3.23,0.87,65.61,0
150.87,14.93,0.208,20.97,84.57,4.82,0.866,157.66,1
54.22,3.85,-0.015,25.09,59.53,1.11,0.375,52.58,0
80.04,8.59,0.067,33.17,87.86,9.34,0.757,72.49,1
46.78,3.65,0.011,40.12,49.11,1.54,0.497,53.21,0
65.87,8.84,0.199,42.2,75.5,8.44,0.74,51.8,1
53.38,7.09,-0.039,46.48,74.84,2.18,0.787,56.19,0
117.25,15.39,0.137,28.12,66.49,6.43,0.896,109.29,1
130.65,19.96,0.216,25.49,75.41,5.04,0.947,111.24,1
43.26,2.08,-0.07,37.25,57.19,1.37,0.44,45.13,0
62.93,7.43,0.036,45.29,72.16,4.8,0.874,74.39,0
157.58,22.35,0.295,20.25,82.93,8.38,0.911,181.31,1
67.41,9.45,0.012,43.22,69.24,3.1,0.939,66.87,1
157.31,17.06,0.215,17.89,65.94,5.01,0.906,126.81,1
114.18,15.53,0.144,27.47,69.9,6.31,0.859,106.59,1
60.55,5.61,0.074,49.35,62.19,3.38,0.803,67.68,0
60.44,7.15,-0.052,40.99,58.98,2.62,0.676,50.33,0
60.07,5.81,0.005,44.95,56.54,3.31,0.727,60.72,0
88.08,16.34,0.205,29.81,82.14,10.11,0.809,114.77,1
61.85,7.49,0.012,41.05,67.46,2.33,0.693,64.58,0
79.29,9.41,0.026,41.32,81.96,2.51,0.912,81.34,1
83.86,9.63,0.08,34.0,67.33,4.1,0.83,83.8,0
78.43,9.29,0.176,35.05,82.85,6.73,0.758,83.69,1
127.12,16.48,0.124,25.05,77.93,3.41,0.938,129.91,1
160.02,21.91,0.251,22.27,93.03,9.96,0.97,159.0,1
66.93,8.91,-0.018,49.46,65.39,5.22,0.95,75.42,1
102.61,12.18,0.219,26.42,74.76,6.76,0.726,135.62,1
97.81,18.37,0.163,25.88,82.79,10.25,0.792,90.21,1
75.48,8.75,0.144,36.47,78.47,7.33,0.835,80.37,1
139.9,23.61,0.295,21.02,89.64,7.25,0.894,190.94,1
74.82,7.21,0.031,33.79,73.18,2.05,0.702,83.63,0
54.94,4.61,-0.137,32.22,60.55,2.01,0.517,51.85,0
110.56,15.4,0.158,32.53,81.82,3.42,0.961,107.5,1
68.61,9.16,0.062,42.27,76.59,2.65,0.869,56.11,0
80.74,10.09,0.199,31.05,75.04,7.71,0.816,89.22,1
123.89,21.11,0.174,24.07,83.78,4.05,0.891,73.47,1
44.56,1.96,-0.137,33.91,62.69,2.06,0.426,43.14,0
123.36,12.97,0.16,24.09,66.15,3.35,0.914,78.72,1
74.68,6.36,-0.032,37.57,69.45,2.24,0.852,75.56,0
75.44,5.96,-0.031,41.34,68.96,5.45,0.852,71.82,1
70.76,14.17,0.124,36.67,80.0,4.03,0.768,87.74,1
158.88,22.21,0.239,21.32,65.17,5.94,0.896,218.82,1
45.15,4.94,-0.152,34.14,50.9,1.5,0.424,46.19,0
81.79,6.79,0.068,33.27,78.15,2.85,0.834,80.96,0
91.98,14.02,0.113,32.98,94.43,3.41,0.83,73.55,1
80.76,7.46,0.057,32.58,84.89,4.84,0.757,79.1,1
94.18,8.44,0.143,26.51,91.14,3.46,0.726,107.8,1
57.28,3.97,-0.145,27.32,63.63,1.43,0.419,51.31,0
65.7,7.76,0.067,42.16,55.18,2.32,0.745,65.98,0
65.97,7.18,0.004,37.48,71.53,3.74,0.786,67.24,0
67.99,8.08,0.209,37.77,71.16,8.11,0.775,78.05,1
77.58,3.11,0.064,26.03,67.58,1.37,0.647,81.83,0
50.38,5.83,0.013,38.0,60.81,3.58,0.611,48.02,0
167.9,18.57,0.3,19.43,87.34,7.59,0.919,142.45,1
41.09,3.52,-0.135,34.5,62.56,2.0,0.447,45.14,0
134.08,21.52,0.189,21.87,94.76,7.76,0.931,172.51,1
77.12,14.52,0.14,32.12,88.42,3.4,0.704,89.09,1
72.04,14.64,0.169,38.46,77.33,9.93,0.845,74.61,1
67.42,7.48,0.071,34.62,62.49,3.5,0.758,71.49,0
42.28,4.81,-0.093,36.8,59.53,2.06,0.457,36.24,0
74.63,12.73,0.071,37.03,92.11,2.82,0.735,77.89,1
68.01,7.53,0.056,37.46,71.49,9.06,0.773,68.75,1
80.1,11.36,0.046,35.4,91.31,5.7,0.853,81.67,1
59.34,1.11,-0.034,33.97,48.9,1.7,0.554,59.05,0
90.86,7.83,0.168,24.06,84.71,6.72,0.692,101.93,1
113.7,8.53,0.074,21.82,85.05,8.84,0.754,101.0,1
90.25,7.61,0.084,30.63,94.87,5.73,0.767,93.82,1
66.88,16.71,0.151,45.71,73.61,10.3,0.86,30.0,1
74.62,15.68,0.207,42.69,82.95,6.74,0.864,54.46,1
79.36,9.16,0.089,37.03,72.01,3.6,0.878,92.96,1
47.07,1.68,-0.171,29.2,59.54,0.76,0.397,42.95,0
75.72,4.6,-0.024,35.73,70.6,4.62,0.869,73.04,1
56.51,4.26,-0.027,23.82,61.99,0.95,0.427,58.67,0
70.9,9.45,0.086,50.13,73.43,5.03,0.949,69.87,1
72.98,6.51,0.058,40.59,77.81,2.26,0.862,71.24,0
41.47,4.36,-0.141,42.99,61.5,1.55,0.552,35.09,0
59.08,5.32,-0.098,42.14,74.06,1.63,0.717,59.03,0
42.73,4.56,0.008,36.61,54.03,1.39,0.474,44.69,0
71.68,15.04,0.146,34.33,71.73,10.48,0.773,79.65,1
129.93,12.78,0.164,23.39,77.3,4.45,0.95,119.77,1
50.79,4.55,-0.051,40.36,56.87,1.96,0.553,50.89,0
149.4,27.66,0.243,23.97,80.75,10.16,0.976,158.78,1
66.97,7.97,0.074,44.11,71.89,3.99,0.86,65.8,0
59.83,6.71,0.003,42.27,56.4,2.56,0.768,56.16,0
56.25,3.83,-0.006,23.49,60.25,1.63,0.362,70.45,0
62.07,8.01,-0.009,43.86,66.13,5.35,0.823,67.23,0
107.74,19.48,0.21,25.19,86.11,7.95,0.856,107.46,1
69.44,11.78,0.11,42.44,91.75,4.51,0.873,103.44,1
46.57,4.82,-0.152,32.35,59.15,1.42,0.462,37.93,0
43.6,4.49,-0.079,34.9,54.54,0.8,0.41,37.86,0
76.33,9.88,0.002,37.85,69.36,2.27,0.937,57.45,0
67.74,7.09,-0.055,36.05,71.91,2.58,0.668,74.28,0
64.98,4.99,-0.07,41.32,72.94,3.96,0.802,61.59,0
68.17,7.15,-0.068,31.66,61.29,3.41,0.648,77.51,0
79.7,19.98,0.115,28.47,81.22,10.51,0.73,72.44,1
136.32,15.34,0.155,24.95,83.54,5.84,0.911,141.3,1
86.4,4.04,-0.01,34.76,75.94,5.44,0.947,81.61,1
126.33,15.28,0.18,26.38,71.23,3.32,0.933,104.32,1
68.36,5.78,-0.018,39.91,66.17,3.79,0.796,61.45,0
80.89,7.18,0.053,37.34,76.2,4.73,0.851,70.27,0
69.27,7.96,-0.027,32.16,71.43,1.79,0.623,65.04,0
75.33,9.98,0.21,39.32,81.9,6.86,0.881,66.72,1
169.04,22.36,0.221,19.12,84.06,10.79,0.959,147.64,1
111.19,10.09,0.237,27.62,83.25,5.72,0.863,107.32,1
74.78,7.16,0.05,36.4,67.65,3.78,0.73,80.24,0
98.83,10.89,0.115,28.1,83.9,3.71,0.88,82.91,1
51.05,4.22,-0.022,32.56,63.09,1.01,0.53,56.49,0
139.1,24.52,0.243,24.53,66.21,3.43,0.941,156.17,1
67.93,4.17,0.087,43.04,68.71,4.73,0.945,73.84,0
90.53,4.06,-0.001,31.47,81.98,4.35,0.85,83.43,0
73.78,13.99,0.189,40.67,72.91,7.43,0.889,61.1,1
95.98,17.37,0.205,30.23,70.77,4.1,0.848,72.56,1
53.22,4.0,-0.135,24.33,54.54,2.34,0.375,44.95,0
70.94,9.73,0.147,44.74,90.03,3.09,0.894,60.07,1
80.27,3.36,0.053,34.83,64.45,2.77,0.782,79.86,0
89.55,12.73,0.075,31.31,89.08,3.82,0.85,114.9,1
113.07,17.04,0.053,24.01,83.96,7.25,0.871,133.8,1
93.91,10.59,0.126,25.46,70.91,9.08,0.722,77.55,1
97.14,17.47,0.104,27.57,69.31,5.35,0.75,95.66,1
74.16,5.86,0.006,42.43,67.85,4.7,0.906,93.23,1
41.73,3.0,0.013,29.95,51.39,1.45,0.355,45.1,0
78.11,17.78,0.114,34.97,86.41,6.96,0.731,87.38,1
68.34,7.96,-0.003,40.28,55.14,2.59,0.767,63.2,0
76.76,6.51,-0.034,38.74,78.72,3.05,0.882,79.51,0
88.44,3.16,0.006,30.94,70.22,3.2,0.764,88.77,0
54.57,1.38,-0.178,37.91,60.11,1.38,0.554,49.87,0
108.33,17.68,0.238,27.98,80.83,6.18,0.832,102.55,1
40.84,2.06,-0.016,49.46,56.42,1.7,0.553,41.54,0
79.07,5.5,0.097,34.68,94.65,3.78,0.883,87.97,1
76.6,5.13,-0.078,38.11,60.52,1.83,0.8,77.7,0
59.53,3.64,-0.055,25.13,48.35,0.96,0.43,58.85,0
80.48,7.62,-0.001,41.19,72.55,4.45,0.942,67.96,1
37.93,3.49,-0.07,47.25,62.97,0.89,0.575,43.29,0
58.73,4.13,-0.022,36.72,56.49,1.45,0.621,64.21,0
82.9,7.94,0.071,31.86,88.58,3.21,0.741,89.08,1
57.81,1.56,-0.145,24.83,52.16,1.19,0.413,56.64,0
61.55,11.97,0.092,43.83,87.73,9.09,0.801,81.18,1
36.8,4.84,-0.096,41.01,64.56,2.38,0.428,31.55,0
50.74,6.74,-0.04,48.58,58.17,2.67,0.685,51.53,0
73.76,5.66,0.123,37.78,97.25,5.19,0.87,75.54,1
89.11,7.6,-0.071,30.58,66.11,2.44,0.723,89.19,0
40.13,3.11,-0.024,37.01,54.69,2.41,0.412,37.54,0
72.91,4.11,-0.023,37.37,71.41,1.88,0.77,65.04,0
53.16,6.65,-0.01,47.85,68.28,3.24,0.775,55.06,0
74.48,14.81,0.084,39.73,79.41,7.63,0.843,67.95,1
72.78,5.54,0.064,32.98,74.68,2.53,0.769,60.04,0
112.55,7.05,0.182,20.37,83.7,11.19,0.686,109.66,1
134.59,14.22,0.221,23.02,71.46,4.85,0.898,126.53,1
65.68,8.25,0.082,41.75,68.07,4.66,0.859,68.48,0
121.99,14.23,0.277,26.57,83.07,3.71,0.888,119.88,1
70.08,3.39,0.032,38.41,58.26,3.23,0.796,74.08,0
131.2,17.5,0.221,22.99,86.5,10.02,0.983,156.17,1
52.78,3.41,-0.037,41.23,50.49,1.1,0.576,54.03,0
97.63,11.83,0.056,26.91,92.66,3.15,0.743,88.01,0
79.7,6.32,-0.005,44.75,73.64,3.96,0.953,82.27,1
54.25,7.23,-0.04,48.12,72.11,1.96,0.778,54.49,0
106.3,8.99,0.208,25.13,83.55,4.61,0.769,106.74,1
83.18,9.87,0.02,35.87,82.12,5.21,0.878,76.78,1
48.1,1.83,-0.059,31.3,50.79,1.05,0.484,48.45,0
62.65,4.71,-0.076,41.68,61.84,3.09,0.727,55.04,0
91.31,7.76,0.101,28.06,96.45,5.18,0.75,93.82,1
79.78,5.95,0.107,36.54,95.87,4.62,0.872,85.59,1
159.26,25.67,0.212,21.25,92.93,11.21,0.932,170.72,1
81.38,14.6,0.204,37.99,84.1,7.55,0.862,89.8,1
134.55,27.52,0.172,24.48,91.59,10.73,0.953,142.68,1
82.24,8.2,0.179,35.95,93.37,4.34,0.818,82.83,1
80.08,6.29,0.08,29.16,69.12,3.43,0.701,85.34,0
35.81,2.34,-0.083,31.76,63.29,1.14,0.35,34.03,0
105.12,10.61,0.162,25.09,84.26,10.41,0.844,105.38,1
71.8,13.0,0.147,38.84,73.08,5.44,0.845,66.82,1
39.88,3.6,-0.045,49.68,62.87,1.94,0.557,36.49,0
64.22,3.73,-0.065,38.03,60.24,2.46,0.771,65.93,0
160.51,25.2,0.204,21.59,84.56,10.32,0.966,157.06,1
64.91,5.02,0.0,50.85,80.36,2.68,0.878,62.34,0
92.41,9.29,0.089,34.33,78.41,3.53,0.925,92.22,1
61.68,8.58,0.036,49.04,66.28,4.17,0.934,68.88,0
86.13,3.55,0.052,23.73,55.5,1.86,0.619,83.14,0
67.49,4.02,0.054,33.59,62.12,2.97,0.61,70.14,0
84.72,7.48,-0.089,30.43,70.6,3.73,0.785,81.26,1
50.85,2.7,-0.094,33.65,54.05,2.11,0.487,51.54,0
97.94,10.0,0.215,26.41,73.55,10.25,0.812,102.79,1
82.14,5.13,0.002,43.77,69.85,2.54,0.952,77.69,0
76.63,15.84,0.089,34.76,76.95,11.31,0.79,90.2,1
159.46,13.32,0.25,18.89,76.9,4.5,0.9,166.34,1
56.35,5.86,-0.002,40.7,65.83,3.92,0.642,62.33,0
90.89,6.35,0.108,26.89,94.28,5.89,0.736,92.74,1
77.4,6.53,-0.007,44.08,75.5,2.22,0.931,88.44,0
113.89,16.48,0.244,29.86,83.09,5.3,0.912,88.88,1
89.3,5.27,0.002,30.59,59.43,3.61,0.784,86.91,0
99.48,8.11,0.149,29.1,86.39,5.83,0.802,104.46,1
119.28,11.64,0.19,23.41,79.69,3.65,0.854,120.9,1
88.43,4.07,0.08,31.64,70.53,2.31,0.753,94.12,0
48.64,3.72,-0.161,37.5,62.94,0.94,0.508,46.78,0
66.34,9.82,0.063,36.79,82.29,2.68,0.795,58.72,0
92.86,10.6,0.057,32.68,96.15,3.47,0.829,91.3,1
65.01,5.54,0.032,33.96,74.65,3.12,0.663,66.13,0
74.85,9.81,0.163,35.71,81.05,6.4,0.834,74.61,1
65.94,6.82,-0.028,37.61,74.52,2.9,0.784,65.86,0
82.09,5.09,0.116,38.28,92.08,5.25,0.864,81.62,1
84.85,6.27,-0.048,35.32,74.0,2.81,0.817,89.07,0
123.07,17.41,0.133,26.43,74.92,3.85,0.918,97.16,1
62.79,4.29,-0.039,32.63,63.07,3.73,0.636,53.02,0
77.38,3.71,-0.036,30.83,73.74,2.4,0.671,72.03,0
58.49,2.38,-0.171,25.49,53.71,0.78,0.425,55.92,0
43.67,3.52,-0.179,48.76,50.9,1.85,0.596,38.16,0
66.73,8.04,0.013,42.7,65.8,5.01,0.895,60.93,0
64.41,3.36,-0.075,40.07,68.85,3.1,0.746,62.94,0
84.72,10.22,0.067,29.9,75.67,9.12,0.79,93.79,1
55.95,5.0,-0.116,33.13,62.84,2.49,0.561,48.92,0
74.99,6.52,0.033,27.68,71.97,2.38,0.646,81.48,0
71.7,7.32,0.074,33.22,55.11,1.58,0.765,71.06,0
43.46,1.45,-0.004,38.9,61.54,1.31,0.504,41.95,0
42.94,2.75,-0.058,37.45,62.24,2.31,0.473,44.41,0
89.82,4.46,-0.04,29.73,67.51,3.47,0.841,96.15,0
94.18,7.47,0.005,31.67,75.05,2.41,0.83,96.09,0
65.98,8.72,-0.004,42.23,73.0,5.23,0.851,80.43,0
96.22,4.32,-0.037,30.12,68.24,3.11,0.918,89.13,1
106.82,15.02,0.242,30.21,79.81,6.28,0.873,94.81,1
42.41,2.2,-0.032,31.46,63.5,1.62,0.407,39.88,0
98.53,9.9,0.05,31.16,69.47,3.8,0.836,112.02,1
138.32,16.46,0.161,21.74,96.81,7.2,0.936,159.44,1
92.3,8.71,-0.031,33.15,81.74,5.46,0.876,97.3,1
96.92,14.51,0.092,26.73,92.7,5.86,0.727,92.87,1
53.86,3.84,0.077,44.97,55.24,3.88,0.709,61.52,0
105.99,14.13,0.067,27.78,87.95,6.67,0.803,97.87,1
80.5,18.68,0.136,29.84,84.72,6.74,0.769,52.01,1
60.87,8.13,0.029,56.37,73.48,2.78,0.943,64.84,1
141.27,17.35,0.224,20.15,80.69,9.38,0.886,142.33,1
35.23,2.18,-0.085,45.47,50.3,1.7,0.449,30.98,0
38.44,3.0,-0.002,45.45,51.33,0.78,0.467,44.21,0
100.87,11.07,0.1,30.44,73.2,9.18,0.859,96.61,1
72.53,18.72,0.139,43.18,80.0,11.22,0.843,72.92,1
47.07,2.27,-0.06,35.17,56.47,2.16,0.519,49.28,0
59.87,5.2,0.073,44.13,73.98,3.22,0.738,54.42,0
49.8,1.57,-0.076,26.77,64.98,1.11,0.413,48.67,0
50.85,3.65,0.046,45.04,57.92,2.5,0.706,62.06,0
72.3,19.45,0.112,30.92,87.47,10.47,0.689,98.97,1
74.3,7.4,0.03,36.27,75.87,3.66,0.876,72.56,1
82.58,3.57,-0.016,31.63,69.11,2.35,0.728,83.81,0
83.05,7.45,0.004,27.77,58.27,2.17,0.669,75.32,0
39.91,4.81,-0.001,29.05,57.55,2.1,0.358,30.0,0
57.86,6.07,0.079,43.41,66.05,2.12,0.68,64.04,0
113.23,9.79,0.233,22.87,69.62,6.11,0.776,142.77,1
132.38,19.1,0.219,24.98,80.93,7.42,0.909,146.54,1
110.13,8.98,0.092,27.05,87.18,8.0,0.81,118.47,1
38.41,4.89,-0.092,55.74,55.8,1.61,0.588,36.62,0
146.13,20.05,0.175,22.72,83.96,3.04,0.953,158.57,1
104.05,18.64,0.178,28.86,87.37,10.82,0.823,127.45,1
64.75,10.11,0.145,41.68,75.46,6.97,0.822,72.98,1
96.52,6.27,0.006,30.15,71.39,4.33,0.877,99.01,0
50.81,5.2,-0.06,40.4,64.42,1.78,0.606,54.07,0
89.64,5.74,0.016,29.21,62.48,1.67,0.802,79.43,0
45.07,3.58,-0.179,46.79,49.29,2.31,0.563,43.36,0
58.13,7.49,-0.043,36.98,73.35,1.24,0.672,50.48,0
66.88,6.5,0.017,38.39,72.6,1.54,0.747,73.67,0
77.93,4.1,-0.041,36.14,70.83,2.41,0.837,83.86,0
73.04,12.79,0.159,36.7,90.18,5.84,0.778,76.09,1
60.91,9.83,0.095,50.92,81.22,2.49,0.874,76.2,1
39.8,1.99,-0.024,36.0,48.12,1.39,0.444,36.94,0
167.9,18.74,0.209,18.51,92.23,7.49,0.913,185.55,1
126.72,23.49,0.113,24.23,68.35,3.35,0.958,130.41,1
114.35,7.45,0.128,24.53,76.11,8.16,0.757,108.39,1
130.85,25.85,0.188,22.04,87.98,8.46,0.922,123.9,1
92.87,4.81,0.061,29.5,80.02,3.5,0.86,90.29,1
174.36,17.47,0.235,19.83,87.08,11.57,0.943,159.93,1
54.14,2.52,-0.142,31.93,63.74,0.93,0.471,51.0,0
66.73,3.68,0.053,40.72,60.83,2.05,0.813,71.01,0
66.23,4.65,0.057,45.0,73.96,1.96,0.802,61.9,0
79.48,3.77,0.01,27.66,69.17,3.25,0.606,81.63,0
39.47,4.79,-0.045,32.23,51.18,1.86,0.374,32.23,0
106.81,10.81,0.192,25.65,77.24,7.33,0.78,116.98,1
89.29,10.83,0.08,27.21,85.45,10.86,0.716,80.92,1
75.18,16.84,0.163,37.72,74.93,4.96,0.825,63.22,1
57.42,2.27,-0.064,23.66,60.81,0.79,0.425,62.52,0
104.07,9.38,0.156,27.64,79.41,7.44,0.874,101.72,1
106.18,15.77,0.165,29.56,73.39,5.56,0.883,129.55,1
56.72,4.37,0.017,44.7,64.87,3.43,0.744,58.89,0
79.16,8.95,0.127,34.92,84.86,4.3,0.879,87.73,1
61.18,6.43,-0.086,39.2,73.02,3.91,0.746,60.96,0
53.65,5.07,0.065,37.63,73.68,2.68,0.645,55.66,0
132.49,16.24,0.151,21.7,74.67,4.93,0.92,133.82,1
82.84,7.12,-0.043,22.76,73.22,3.33,0.601,94.06,0
88.07,4.12,-0.046,37.58,66.63,5.38,0.894,84.5,1
126.24,16.83,0.187,25.85,76.55,4.74,0.872,133.7,1
107.13,10.65,0.123,24.2,85.57,5.65,0.728,113.38,1
58.37,2.38,-0.143,32.63,55.84,1.39,0.586,51.77,0
57.29,4.38,-0.099,19.74,55.59,0.94,0.358,50.91,0
58.94,1.19,-0.1,22.89,59.71,0.75,0.391,56.62,0
108.66,17.5,0.199,22.69,69.5,6.43,0.767,121.16,1
92.8,9.08,0.079,36.92,77.65,3.26,0.907,93.89,1
41.99,3.36,-0.124,31.33,57.65,1.27,0.378,46.07,0
135.55,21.16,0.272,24.84,88.43,9.37,0.915,198.3,1
86.22,4.6,0.08,39.16,77.81,3.63,0.936,97.31,1
85.2,7.45,-0.018,31.99,57.03,1.49,0.789,83.46,0
86.07,4.92,0.021,34.76,75.24,4.99,0.833,92.63,1
95.14,14.89,0.151,29.45,87.87,4.89,0.804,107.78,1
50.73,2.37,-0.094,30.35,62.27,2.05,0.49,52.23,0
78.24,7.76,0.064,27.43,59.96,1.34,0.613,60.6,0
99.08,11.01,0.195,24.41,87.97,6.5,0.771,111.82,1
98.04,6.49,0.095,30.3,72.07,4.81,0.908,96.18,1
70.63,7.94,0.009,42.13,66.14,4.76,0.839,79.29,0
76.43,8.26,0.086,41.19,73.69,4.38,0.938,76.19,1
51.18,2.03,-0.093,28.95,48.65,1.72,0.402,54.23,0
56.85,3.28,-0.007,48.55,55.7,2.18,0.78,54.81,0
65.23,5.42,0.03,48.94,69.88,3.71,0.953,73.39,0
89.52,6.49,-0.032,27.71,62.03,2.89,0.691,90.62,0
55.49,2.67,-0.037,36.72,63.65,1.94,0.579,50.48,0
66.8,13.31,0.077,36.75,81.62,9.13,0.795,70.47,1
132.6,16.59,0.173,23.1,86.55,8.4,0.989,164.25,1
69.65,18.95,0.186,34.51,78.75,8.79,0.726,102.01,1
150.88,13.42,0.175,19.31,74.37,6.45,0.906,158.35,1
56.95,3.37,-0.023,35.59,62.22,1.93,0.648,53.12,0
155.22,15.38,0.295,19.28,93.21,10.89,0.918,173.86,1
59.65,7.96,-0.096,38.69,70.6,1.74,0.648,62.66,0
168.5,28.43,0.221,20.09,87.82,8.05,0.987,153.01,1
155.51,20.83,0.229,22.84,89.5,8.22,0.985,212.09,1
80.19,13.16,0.029,33.78,83.51,2.8,0.766,95.91,1
153.24,19.13,0.258,19.69,95.19,10.09,0.949,151.61,1
103.52,11.92,0.159,29.09,74.12,5.95,0.907,105.22,1
73.88,5.04,-0.03,38.5,55.59,2.03,0.78,67.87,0
96.82,6.47,0.083,32.49,68.76,4.96,0.848,96.68,1
108.07,13.1,0.157,27.98,83.13,3.86,0.849,104.96,1
58.17,1.85,-0.012,31.52,48.25,1.04,0.525,65.44,0
81.6,14.75,0.125,31.26,74.27,6.19,0.816,89.25,1
139.25,17.81,0.166,22.92,91.53,10.51,0.903,128.47,1
88.36,3.84,0.02,29.79,68.96,1.81,0.801,88.6,0
61.66,14.97,0.154,48.06,70.2,10.59,0.825,57.76,1
141.93,18.45,0.121,19.32,80.63,3.62,0.861,124.04,1
151.55,19.96,0.209,22.62,76.38,5.41,0.912,139.28,1
132.57,24.21,0.232,22.2,86.93,7.86,0.892,117.86,1
98.05,8.1,-0.049,29.64,65.18,4.5,0.855,110.71,0
161.72,18.41,0.23,18.74,88.57,7.86,0.941,168.13,1
75.46,7.13,0.206,38.52,82.41,9.36,0.817,79.19,1
78.5,4.8,0.054,32.9,73.05,1.22,0.789,80.66,0
65.36,6.72,0.024,48.12,77.3,2.94,0.856,62.15,0
93.0,11.05,0.032,34.44,91.57,5.54,0.869,78.92,1
71.84,7.55,0.053,38.35,72.01,3.5,0.811,64.17,1
87.05,14.86,0.161,28.93,70.4,6.48,0.764,107.78,1
87.84,12.67,0.14,30.01,83.57,4.57,0.733,85.02,1
84.81,7.72,-0.018,23.53,60.15,1.85,0.617,75.05,0
94.69,13.83,0.101,35.89,78.54,5.89,0.901,107.28,1
75.74,10.12,0.138,31.8,74.08,10.0,0.782,80.81,1
87.63,6.74,0.053,38.13,81.61,3.17,0.887,90.2,1
46.36,4.29,-0.022,38.14,49.61,2.16,0.55,43.65,0
35.64,1.87,-0.084,52.97,51.72,0.81,0.536,34.06,0
77.64,5.81,0.041,38.61,65.88,2.37,0.815,79.92,0
158.49,13.68,0.204,21.24,75.67,4.64,0.953,148.64,1
89.69,6.18,0.057,28.33,68.05,3.55,0.778,81.24,1
101.86,13.91,0.186,26.71,72.71,4.65,0.779,93.3,1
51.44,4.99,0.05,50.15,59.73,1.94,0.801,46.29,0
64.0,7.02,0.016,38.93,66.66,1.92,0.773,68.06,0
64.09,16.91,0.058,39.9,77.93,8.88,0.701,76.86,1
95.58,6.53,0.056,28.4,83.98,3.51,0.757,101.76,0
46.74,2.29,-0.098,42.02,56.79,0.61,0.527,43.42,0
62.64,9.63,-0.046,46.11,74.09,3.77,0.928,70.49,1
57.28,3.12,-0.109,19.75,59.6,1.13,0.365,52.42,0
86.63,6.91,-0.048,35.52,76.89,2.22,0.836,80.91,0
99.19,10.24,0.069,26.17,82.34,4.82,0.781,97.33,1
52.85,3.51,-0.05,34.65,58.73,1.4,0.548,53.05,0
80.44,4.23,0.055,30.25,64.57,1.25,0.73,79.59,0
75.63,3.45,-0.017,37.27,69.33,2.73,0.819,76.15,0
114.95,14.7,0.133,27.56,69.16,5.78,0.918,126.3,1
130.79,25.42,0.178,22.77,86.75,8.63,0.971,107.79,1
52.48,2.13,0.018,35.12,60.5,2.45,0.588,52.41,0
75.4,10.29,0.062,41.9,71.08,10.78,0.874,74.77,1
50.24,4.02,-0.011,46.47,66.71,3.36,0.701,49.83,0
56.41,7.0,-0.04,43.71,70.29,3.82,0.663,55.7,0
65.11,19.49,0.087,39.37,86.0,11.34,0.719,40.32,1
116.05,18.32,0.247,29.33,67.65,3.69,0.924,161.85,1
146.79,22.45,0.297,19.65,92.82,7.83,0.916,159.3,1
109.18,16.44,0.194,23.25,72.09,7.14,0.777,101.76,1
87.58,7.57,-0.092,29.8,58.39,1.8,0.769,93.48,0
91.7,11.24,0.148,26.73,70.4,9.36,0.714,108.91,1
85.9,5.3,-0.098,30.58,68.5,2.66,0.739,92.44,0
86.18,9.49,0.193,31.27,75.76,5.47,0.792,85.62,1
89.59,6.58,-0.023,23.57,56.6,3.08,0.642,89.76,0
75.33,8.8,0.115,35.64,92.32,5.52,0.834,69.38,1
71.92,5.92,-0.061,32.18,71.54,1.62,0.686,72.6,0
87.31,5.52,0.031,32.3,59.08,1.81,0.782,81.7,0
151.45,17.48,0.267,21.62,80.61,5.67,0.98,122.34,1
36.68,3.29,-0.108,42.98,59.69,1.48,0.438,30.24,0
78.45,9.71,0.07,34.07,71.65,5.25,0.849,76.18,1
60.16,4.31,0.003,35.93,56.6,2.96,0.69,61.06,0
47.34,1.27,-0.052,33.81,54.99,1.73,0.458,50.08,0
35.38,1.5,-0.133,52.77,57.8,2.04,0.519,32.08,0
63.8,7.16,-0.057,36.87,58.89,3.76,0.701,71.39,0
120.62,21.0,0.144,26.68,72.35,5.66,0.973,135.84,1
54.08,7.62,0.012,51.2,68.69,1.77,0.791,58.02,0
134.09,24.74,0.211,24.76,98.61,11.33,0.897,158.2,1
102.75,9.06,0.233,30.28,80.71,7.21,0.9,118.37,1
77.91,9.81,0.02,41.79,71.34,4.23,0.91,81.51,1
85.01,14.44,0.234,32.91,70.28,3.98,0.751,130.16,1
86.51,9.71,0.037,34.1,78.47,2.56,0.885,65.51,0
80.42,8.02,0.084,30.75,84.33,7.41,0.747,79.09,1
52.6,5.79,0.01,47.47,71.38,2.0,0.79,50.87,0
55.47,5.43,-0.063,47.52,66.46,2.92,0.777,54.9,0
122.8,19.66,0.229,23.16,75.1,6.36,0.898,78.87,1
145.14,12.24,0.221,20.95,66.3,5.9,0.863,158.57,1
154.75,18.76,0.195,19.63,71.47,3.15,0.942,142.08,1
97.74,8.83,0.09,34.01,72.37,2.79,0.96,87.1,1
108.46,13.05,0.136,21.59,77.57,8.43,0.707,112.29,1
88.1,5.12,0.048,35.11,67.37,2.44,0.943,93.1,1
66.47,4.66,0.052,45.13,76.34,5.02,0.85,68.58,1
65.75,4.72,-0.043,41.64,69.85,1.57,0.804,59.29,0
85.91,17.78,0.246,31.88,73.99,5.9,0.804,104.32,1
63.37,6.27,-0.031,42.45,68.36,2.62,0.754,54.24,0
68.44,3.58,-0.067,31.77,56.26,3.19,0.654,64.96,0
122.37,13.97,0.183,29.59,68.77,5.27,0.965,157.97,1
75.48,5.2,0.029,35.51,66.81,3.64,0.781,91.65,0
50.24,4.13,-0.015,25.32,60.47,2.09,0.357,50.08,0
52.84,1.17,-0.092,36.49,63.88,1.04,0.555,51.88,0
140.94,12.24,0.23,22.73,79.46,6.06,0.951,156.51,1
99.75,8.62,0.037,33.04,80.44,4.85,0.951,79.45,1
70.04,7.07,0.037,41.95,80.68,3.95,0.854,73.5,1
83.96,7.75,0.2,30.82,81.56,9.54,0.743,75.55,1
75.43,13.81,0.184,35.94,73.67,6.94,0.766,80.9,1
66.93,3.63,0.021,35.99,65.18,2.06,0.646,65.51,0
108.18,8.19,0.123,26.25,83.77,4.7,0.763,96.43,1
84.89,15.14,0.154,29.95,81.07,7.8,0.763,107.78,1
80.67,11.35,0.054,31.56,92.37,5.17,0.751,79.4,1
63.4,7.55,-0.076,44.67,68.8,3.13,0.759,53.46,0
127.67,17.08,0.106,27.21,66.47,5.8,0.969,151.72,1
93.75,7.32,0.059,34.13,77.67,3.2,0.862,90.59,1
69.95,6.88,0.035,31.49,57.88,2.05,0.646,63.2,0
81.56,6.57,0.049,37.88,81.09,2.91,0.88,70.68,0
45.29,2.46,-0.146,35.06,54.57,0.94,0.469,44.65,0
45.55,1.53,-0.154,35.09,60.01,2.39,0.512,46.62,0
82.19,17.37,0.167,34.77,72.48,6.79,0.877,97.93,1
35.48,4.73,-0.119,43.61,53.41,1.07,0.488,38.75,0
98.86,7.35,0.03,30.98,79.28,2.16,0.825,85.78,0
81.55,5.01,0.018,37.0,70.19,2.94,0.959,77.09,1
54.15,4.68,0.006,24.17,57.49,0.78,0.377,55.34,0
166.67,22.53,0.281,17.81,85.25,10.02,0.968,134.24,1
87.48,5.03,0.018,28.43,70.46,3.26,0.761,84.47,0
77.44,5.75,0.008,25.33,60.17,3.81,0.6,68.54,0
55.54,4.04,-0.0,50.06,61.52,2.11,0.802,54.28,0
64.27,7.55,-0.032,38.18,65.67,3.39,0.708,59.2,0
58.44,4.21,-0.175,29.16,58.04,1.59,0.555,53.22,0
100.14,6.98,0.136,22.68,94.74,2.58,0.703,96.82,1
151.65,18.97,0.299,20.88,90.76,8.06,0.944,146.51,1
54.96,6.81,-0.04,44.33,62.43,3.97,0.765,55.27,0
68.86,10.4,0.166,37.72,84.67,5.35,0.701,77.41,1
96.82,14.92,0.034,30.35,92.96,4.96,0.809,93.48,1
62.36,11.71,0.164,35.54,84.58,7.6,0.723,75.19,1
80.32,8.36,0.002,35.98,72.45,2.6,0.925,72.17,1
86.51,5.7,-0.037,27.22,57.63,2.86,0.677,96.08,0
82.0,4.01,-0.048,28.45,60.91,2.4,0.621,86.66,0
79.65,6.45,0.061,34.69,91.33,3.7,0.751,85.76,1
114.37,11.46,0.17,22.73,73.5,11.09,0.811,106.5,1
64.68,5.28,0.056,30.23,56.09,2.33,0.631,73.86,0
77.5,6.8,0.054,36.79,73.33,3.3,0.764,78.58,0
159.7,20.86,0.258,17.02,82.44,5.79,0.854,129.88,1
61.41,10.38,0.206,49.48,86.55,8.73,0.814,47.75,1
136.81,28.91,0.2,24.28,80.16,8.37,0.898,134.61,1
89.37,15.22,0.207,32.95,85.09,8.12,0.783,97.2,1
76.42,3.96,-0.03,33.04,56.89,2.84,0.669,74.02,0
97.98,13.45,0.087,29.15,76.72,7.44,0.774,108.54,1
89.87,11.85,0.13,29.69,82.4,5.8,0.858,63.58,1
46.9,4.68,-0.082,24.37,51.9,1.7,0.366,35.09,0
92.61,4.66,0.052,33.13,74.99,2.72,0.877,89.14,0
95.33,5.7,0.152,31.91,83.02,4.61,0.872,98.75,1
87.33,6.38,-0.095,22.27,69.44,2.75,0.617,89.07,0
93.77,17.53,0.178,28.76,74.65,11.34,0.729,117.34,1
78.09,9.97,0.111,31.8,82.53,5.82,0.765,73.93,1
168.19,26.24,0.165,20.24,93.71,10.44,0.951,155.29,1
56.1,4.59,-0.124,20.91,62.62,1.32,0.356,48.55,0
63.88,5.08,-0.032,42.36,56.58,3.92,0.725,56.22,0
72.47,8.99,0.135,39.64,84.89,5.24,0.836,82.32,1
77.81,3.9,0.068,32.32,60.53,3.82,0.716,91.52,0
98.67,6.55,0.158,33.25,91.07,4.89,0.892,97.63,1
80.61,19.91,0.166,29.79,82.19,9.11,0.765,91.12,1
54.9,1.62,-0.072,36.33,64.8,2.28,0.542,56.14,0
69.9,9.03,-0.025,38.06,66.87,5.0,0.848,65.04,1
82.91,9.28,0.013,34.13,67.83,2.93,0.896,76.77,0
66.4,5.95,-0.049,36.38,74.62,1.54,0.786,61.18,0
127.66,17.13,0.265,23.48,65.81,3.06,0.936,144.38,1
77.5,13.3,0.192,29.4,76.78,8.15,0.743,70.36,1
87.07,14.32,0.036,31.88,82.36,5.2,0.788,81.02,1
96.49,9.72,0.165,27.84,90.23,4.93,0.782,93.02,1
63.69,6.6,0.041,43.39,75.72,5.13,0.837,56.72,1
121.1,23.61,0.225,24.77,73.16,5.7,0.864,157.43,1
100.91,8.2,0.133,28.81,88.24,5.27,0.898,123.12,1
77.69,14.35,0.024,33.62,89.73,3.91,0.743,85.43,0
138.1,19.82,0.199,20.45,80.29,3.35,0.882,88.25,1
79.58,4.4,-0.011,31.89,65.14,2.17,0.672,86.24,0
108.86,15.29,0.146,22.58,78.94,10.54,0.794,84.9,1
85.41,5.93,0.053,25.24,72.39,1.54,0.602,98.86,0
75.13,3.82,-0.007,27.44,66.21,3.27,0.661,71.3,0
70.63,6.09,-0.047,35.97,65.41,1.71,0.81,53.68,0
138.66,15.43,0.235,25.55,82.69,9.89,0.946,156.92,1
158.91,23.55,0.245,19.35,68.13,4.78,0.877,151.7,1
86.58,11.47,0.091,31.07,85.6,5.95,0.791,96.14,1
88.97,7.19,0.102,25.85,85.24,3.47,0.751,74.16,1
114.93,8.41,0.087,24.99,70.15,3.51,0.901,128.98,1
151.19,22.44,0.161,19.21,75.14,6.62,0.937,142.37,1
75.66,5.15,0.055,42.57,74.31,4.44,0.915,79.4,1
81.06,4.2,-0.023,27.8,63.59,3.16,0.633,75.49,0
76.49,4.84,0.07,32.79,67.06,3.3,0.676,84.34,0
84.09,11.69,0.123,27.91,81.77,11.16,0.745,99.48,1
69.51,9.94,0.158,39.71,90.23,2.59,0.88,74.36,1
73.47,3.62,-0.073,32.86,70.01,3.56,0.77,74.11,0
53.03,4.22,0.018,37.05,56.85,1.19,0.566,51.16,0
95.12,11.36,0.181,25.1,84.03,6.66,0.699,81.91,1
57.37,4.33,0.007,32.49,60.52,0.95,0.569,57.84,0
87.36,10.89,0.145,27.08,84.05,4.19,0.745,99.16,1
163.35,15.89,0.295,16.66,86.18,10.26,0.88,202.51,1
63.33,4.46,0.037,49.4,74.44,4.11,0.945,66.0,1
64.49,6.67,-0.037,33.57,59.04,3.5,0.667,64.87,0
77.74,14.99,0.072,33.54,97.84,3.79,0.785,69.71,1
72.86,12.5,0.169,30.59,76.73,8.23,0.689,90.01,1
86.17,5.74,0.041,32.9,68.69,2.93,0.891,88.04,0
160.28,17.32,0.242,22.12,81.41,9.35,0.988,153.39,1
36.15,4.11,0.016,32.57,61.98,1.32,0.372,32.59,0
80.88,4.12,0.059,36.46,72.8,2.69,0.888,82.01,0
73.18,12.35,0.052,38.8,86.47,4.8,0.823,100.95,1
130.79,22.68,0.231,24.23,82.54,6.32,0.92,113.7,1
52.74,5.83,-0.036,48.32,67.94,3.01,0.719,47.07,0
70.54,15.2,0.119,40.86,72.25,7.46,0.833,78.84,1
95.04,10.66,0.149,27.64,68.63,3.88,0.756,92.8,1
51.36,6.54,0.054,38.5,62.71,1.64,0.63,57.3,0
51.2,4.87,-0.044,37.35,55.38,2.31,0.596,52.4,0
128.57,16.13,0.221,25.18,76.45,4.2,0.893,119.96,1
62.5,5.67,-0.096,39.83,67.41,1.74,0.774,64.06,0
71.93,4.37,0.025,38.57,55.87,2.37,0.796,64.11,0
73.46,3.1,-0.062,26.52,66.38,3.01,0.614,67.65,0
150.99,14.53,0.199,20.65,81.59,5.67,0.952,133.95,1
102.04,12.42,0.133,26.15,82.69,4.93,0.713,113.63,1
89.97,10.96,0.165,30.39,82.16,11.23,0.822,99.79,1
51.59,7.54,-0.071,53.42,72.46,2.07,0.753,59.97,0
73.49,14.55,0.195,40.7,79.68,7.19,0.834,66.59,1
118.06,12.49,0.17,22.34,84.76,3.72,0.795,108.61,1
110.47,11.78,0.206,22.73,85.39,9.11,0.765,92.97,1
132.47,17.52,0.147,23.52,68.73,4.34,0.888,167.1,1
59.67,2.51,-0.087,21.08,54.67,1.98,0.391,55.5,0
73.19,8.76,0.151,35.71,97.32,5.67,0.825,75.06,1
48.05,3.06,-0.153,29.69,48.8,2.22,0.381,43.16,0
64.63,5.28,-0.037,47.83,81.3,2.92,0.943,64.16,1
77.3,5.52,0.071,26.81,70.97,2.14,0.622,63.66,0
78.35,7.65,0.029,35.46,70.02,2.1,0.771,80.53,1
71.47,6.8,0.047,30.46,71.03,3.48,0.674,84.51,0
105.85,9.87,0.096,29.27,83.45,3.64,0.848,121.28,1
83.74,7.38,0.038,30.34,58.52,2.05,0.785,84.69,0
98.41,6.54,0.049,28.13,93.29,5.56,0.876,87.18,1
60.39,5.71,0.007,42.67,74.63,3.34,0.833,55.56,0
52.6,3.92,-0.013,30.98,64.47,2.34,0.471,54.84,0
111.56,14.73,0.219,24.15,87.16,8.14,0.851,146.48,1
81.87,6.93,-0.062,32.1,66.64,1.51,0.768,80.73,0
91.55,4.17,0.059,36.68,73.49,3.18,0.953,96.59,1
106.23,6.77,0.085,25.74,89.95,4.39,0.731,120.06,1
85.41,4.61,0.021,30.71,61.61,1.66,0.767,75.04,0
43.92,2.07,0.015,40.46,62.56,0.97,0.476,45.64,0
65.59,5.43,0.007,43.78,71.98,1.42,0.774,69.31,0
156.87,19.71,0.134,22.23,75.97,6.27,0.956,164.26,1
94.16,17.46,0.13,29.63,83.25,4.09,0.785,80.64,1
78.5,10.68,0.119,33.35,97.6,2.96,0.783,105.82,1
90.36,8.97,0.241,29.21,73.83,5.29,0.821,84.05,1
54.01,3.74,-0.07,41.85,63.4,2.95,0.643,58.88,0
66.72,8.9,-0.026,44.93,73.34,4.08,0.866,53.54,1
65.62,12.48,0.207,40.9,80.63,9.36,0.854,60.18,1
47.2,3.93,-0.088,29.1,55.47,0.91,0.382,41.8,0
56.66,5.41,0.025,35.56,56.52,2.78,0.65,66.84,0
63.17,5.44,0.067,39.77,74.93,1.64,0.704,67.89,0
86.1,9.23,-0.036,33.6,67.25,5.27,0.859,82.47,0
135.69,19.15,0.24,23.2,87.32,11.39,0.973,152.54,1
52.34,3.94,-0.125,25.28,54.21,0.69,0.357,45.48,0
62.96,8.81,0.034,46.01,78.25,3.43,0.915,72.14,1
81.8,5.27,0.049,30.61,59.34,1.68,0.696,70.94,0
152.15,22.69,0.186,20.72,85.56,8.86,0.922,195.89,1
39.33,2.57,-0.103,37.75,64.97,0.74,0.422,38.38,0
96.57,6.41,0.074,29.27,67.38,3.11,0.855,95.41,1
82.88,8.73,0.086,34.67,85.93,2.57,0.842,77.36,1
71.02,10.1,0.058,41.69,84.77,2.57,0.876,71.19,0
99.45,7.8,0.003,29.16,73.24,2.72,0.822,84.77,0
52.76,6.78,0.005,46.82,60.2,3.03,0.785,57.39,0
61.67,6.28,0.049,36.0,70.98,3.1,0.671,62.84,0
75.93,5.48,-0.019,38.26,60.89,1.3,0.787,82.56,0
83.0,4.83,-0.067,28.16,56.58,2.39,0.749,79.55,0
85.17,8.04,0.023,33.66,66.72,3.1,0.845,86.36,0
75.69,3.01,0.028,36.66,63.89,2.16,0.757,78.99,0
53.5,5.06,-0.016,48.0,67.5,1.68,0.697,51.72,0
89.83,14.04,0.02,33.06,88.6,4.27,0.826,78.67,1
161.64,22.3,0.185,17.68,88.73,10.32,0.933,148.36,1
99.34,14.06,0.207,28.43,75.48,4.87,0.901,94.52,1
55.07,4.23,-0.097,27.81,50.01,2.22,0.415,52.12,0
41.66,3.49,-0.128,30.9,48.36,1.7,0.406,43.76,0
139.12,27.43,0.193,20.51,84.14,8.22,0.916,102.61,1
61.79,7.3,0.024,41.37,57.1,2.48,0.793,53.95,0
45.01,2.62,-0.026,29.72,50.68,1.79,0.385,41.09,0
77.7,16.52,0.136,36.19,75.15,4.79,0.812,51.75,1
115.22,11.08,0.199,25.29,75.4,4.44,0.809,110.3,1
106.86,8.22,0.09,28.98,83.11,5.52,0.907,105.49,1
76.15,5.38,0.034,29.2,66.85,2.76,0.607,78.62,0
51.92,4.52,-0.003,32.12,50.34,1.8,0.452,52.44,0
135.17,15.38,0.252,22.03,91.41,11.12,0.955,125.9,1
54.21,7.32,-0.009,43.3,69.76,3.7,0.66,48.11,0
77.99,13.64,0.118,30.81,90.39,4.9,0.747,95.15,1
94.47,5.42,0.069,32.63,84.39,3.28,0.835,95.76,1
80.54,11.41,0.178,32.8,76.19,5.14,0.776,112.22,1
54.22,3.53,0.074,53.12,63.52,3.41,0.815,54.19,0
62.55,5.98,0.004,47.53,70.8,3.6,0.803,57.85,0
110.06,11.33,0.117,28.26,79.72,5.05,0.847,113.47,1
132.83,22.96,0.104,21.92,81.91,5.93,0.867,149.43,1
154.44,16.57,0.214,22.46,68.69,4.14,0.932,149.93,1
46.99,1.37,-0.001,29.04,58.48,1.25,0.375,46.26,0
73.59,4.94,0.077,29.71,66.56,3.97,0.615,67.76,0
117.3,16.28,0.167,28.47,82.33,5.99,0.947,101.4,1
99.47,12.38,0.096,28.93,86.52,4.88,0.767,113.53,1
110.71,22.33,0.254,27.22,83.68,5.36,0.932,120.09,1
58.63,5.78,0.063,33.02,67.09,3.36,0.616,57.8,0
83.69,9.98,0.114,32.9,78.38,6.25,0.772,75.64,1
88.96,14.53,0.161,36.17,88.22,5.57,0.892,79.12,1
95.72,6.36,0.067,29.15,92.88,5.74,0.8,94.73,1
86.86,5.86,0.053,34.47,79.57,3.37,0.881,97.15,1
58.84,2.31,-0.085,28.08,63.22,1.54,0.526,56.35,0
88.43,13.5,0.151,33.37,68.63,6.25,0.782,95.32,1
83.66,4.28,0.012,26.98,69.14,3.92,0.613,86.71,0
81.38,8.73,0.092,38.57,78.49,2.94,0.85,74.7,0
137.11,22.78,0.275,23.06,95.98,10.88,0.91,157.68,1
75.86,3.2,-0.034,28.76,58.0,2.29,0.658,77.71,0
110.22,8.89,0.06,24.45,70.02,10.44,0.787,127.8,1
69.52,4.81,-0.033,34.22,55.32,1.43,0.695,71.27,0
77.35,5.98,0.058,32.84,82.57,3.0,0.771,74.76,0
143.97,26.21,0.276,22.78,82.35,10.04,0.901,198.71,1
55.71,1.25,-0.044,24.05,49.27,1.53,0.422,53.97,0
53.43,3.97,-0.012,28.25,48.23,1.09,0.444,48.8,0
81.44,7.15,-0.025,39.63,72.47,4.83,0.907,93.96,1
37.79,2.96,-0.04,33.67,61.47,1.02,0.372,37.38,0
84.08,5.07,0.041,36.14,89.9,3.77,0.816,88.96,0
126.62,18.98,0.202,26.94,74.55,4.35,0.919,164.3,1
86.26,4.41,0.067,38.14,76.17,4.7,0.892,74.1,1
65.69,7.06,-0.053,35.5,57.05,1.26,0.745,52.29,0
89.46,4.28,-0.017,37.02,71.51,2.46,0.877,94.42,0
77.8,12.21,0.055,37.21,88.2,5.65,0.876,79.04,1
48.12,1.48,-0.133,39.05,48.62,1.53,0.546,45.0,0
104.44,8.37,0.18,26.71,72.51,5.5,0.751,107.37,1
103.46,11.75,0.186,30.42,84.78,4.91,0.92,106.15,1
115.23,8.92,0.157,25.35,73.01,7.48,0.814,130.62,1
69.59,7.36,-0.052,30.5,59.95,2.71,0.649,65.13,0
71.62,14.95,0.164,40.95,96.26,5.77,0.827,93.45,1
49.19,1.51,-0.107,34.62,63.9,1.85,0.461,47.15,0
80.3,4.55,0.029,28.03,63.16,3.46,0.643,77.92,0
147.49,14.63,0.198,20.4,76.13,3.54,0.906,164.13,1
95.01,10.59,0.108,28.02,97.1,5.77,0.802,106.65,1
37.39,2.21,-0.134,34.55,58.85,1.33,0.406,30.0,0
85.5,7.37,0.055,26.14,56.14,1.5,0.686,90.3,0
89.45,7.08,0.031,28.49,70.4,3.85,0.729,87.43,0
56.18,3.82,0.005,42.51,73.2,2.91,0.673,56.28,0
67.25,6.53,-0.031,45.1,68.4,3.05,0.815,64.93,0
59.88,1.79,-0.018,22.89,55.77,0.79,0.391,64.33,0
87.12,7.72,-0.006,40.56,74.38,3.71,0.937,81.93,1
77.76,10.28,0.129,30.12,87.67,5.31,0.725,108.87,1
103.56,15.28,0.227,25.84,80.01,6.43,0.817,105.92,1
108.57,13.65,0.066,28.32,93.48,4.01,0.835,127.47,1
40.52,2.63,-0.093,43.2,58.51,0.76,0.533,42.73,0
151.29,25.31,0.262,20.02,82.22,8.41,0.934,138.23,1
85.57,15.72,0.214,36.99,87.15,10.09,0.88,99.82,1
101.76,18.21,0.212,26.72,77.5,8.8,0.769,115.9,1
85.09,11.72,0.217,27.23,74.0,10.08,0.726,94.17,1
129.97,15.8,0.13,22.79,72.47,4.85,0.925,118.45,1
73.71,5.51,0.015,44.56,74.0,5.39,0.885,81.14,1
74.38,3.19,0.01,30.52,69.21,2.29,0.62,74.12,0
93.03,13.9,0.114,35.21,75.36,4.17,0.908,105.92,1
74.86,6.44,0.11,35.03,91.11,4.8,0.834,60.11,1
108.8,5.5,0.068,25.43,97.74,5.39,0.888,107.73,1
82.45,6.4,0.071,31.86,68.35,3.71,0.828,90.96,1
52.61,2.76,-0.004,22.68,52.43,1.53,0.384,54.36,0
53.83,4.99,0.07,47.38,64.32,1.6,0.8,47.72,0
114.15,20.76,0.205,26.55,80.58,6.1,0.888,105.05,1
74.83,17.18,0.194,37.23,78.38,5.12,0.792,45.06,1
89.44,7.68,-0.038,30.21,70.19,3.51,0.829,61.63,0
76.06,3.98,0.027,37.99,57.49,3.02,0.77,83.61,0
52.08,6.74,-0.014,47.34,71.18,2.67,0.759,65.67,0
117.08,14.09,0.256,27.25,72.69,4.34,0.866,124.84,1
98.17,13.51,0.036,27.35,84.17,4.12,0.751,98.77,1
69.3,8.69,0.154,37.19,78.63,6.76,0.726,94.24,1
71.02,5.67,0.07,40.55,74.86,4.2,0.921,76.42,1
112.81,15.7,0.18,30.15,70.87,6.25,0.906,93.57,1
58.13,7.49,0.034,42.52,60.68,3.26,0.675,72.38,0
97.21,11.4,0.056,30.7,93.99,4.31,0.871,115.25,1
89.69,9.14,0.026,34.19,79.53,2.81,0.907,93.07,1
84.83,9.49,-0.048,32.69,68.99,3.14,0.85,94.58,0
101.85,10.42,0.227,30.55,71.72,4.95,0.857,109.13,1
146.95,19.5,0.126,22.9,71.15,6.09,0.954,129.79,1
38.27,1.97,-0.148,46.41,58.18,1.71,0.504,33.68,0
104.81,18.88,0.089,26.87,71.41,7.1,0.798,143.32,1
67.03,3.64,0.057,34.83,58.78,1.98,0.618,67.8,0
76.67,7.01,0.065,44.58,79.3,3.7,0.909,74.35,1
44.53,4.72,-0.043,36.03,60.88,1.67,0.505,51.03,0
62.77,5.79,-0.097,34.46,70.12,1.66,0.696,63.5,0
67.06,8.84,0.049,47.32,71.4,2.55,0.867,79.71,0
47.73,3.23,-0.003,22.86,49.14,0.91,0.354,52.36,0
68.43,4.9,-0.028,45.87,76.79,4.05,0.953,76.29,0
131.65,13.16,0.28,24.65,77.43,5.35,0.948,124.02,1
48.74,1.28,-0.165,30.86,63.64,2.34,0.49,44.3,0
65.91,14.58,0.194,42.34,85.49,9.89,0.871,62.44,1
89.57,8.27,-0.038,39.21,73.87,5.17,0.947,89.82,0
73.87,8.81,0.042,37.15,90.07,5.75,0.855,69.14,0
73.54,3.9,-0.095,30.5,60.32,3.41,0.674,72.59,0
79.32,3.08,-0.097,26.74,59.39,2.25,0.606,78.5,0
81.61,3.62,-0.076,26.97,72.14,1.79,0.625,82.75,0
47.9,3.18,-0.141,32.71,48.73,2.49,0.509,44.57,0
83.27,4.29,-0.015,23.21,56.58,2.9,0.604,81.17,0
96.24,12.85,0.156,27.31,89.29,5.81,0.727,99.47,1
156.12,17.72,0.251,18.12,67.14,3.59,0.914,139.18,1
70.74,18.62,0.161,37.63,81.19,8.43,0.828,74.58,1
86.65,14.96,0.081,31.44,95.8,3.31,0.871,102.65,1
59.39,2.7,-0.18,29.89,58.53,2.07,0.475,53.7,0
82.01,5.09,0.065,23.68,71.04,1.58,0.609,79.85,0
69.09,4.98,-0.012,37.19,68.15,2.01,0.807,60.84,0
74.05,4.33,0.038,26.94,66.21,2.95,0.622,63.3,0
93.04,7.69,0.047,31.89,80.46,4.43,0.89,102.01,1
66.82,6.55,0.094,46.66,75.1,5.22,0.833,67.1,1
83.84,7.28,0.017,26.6,69.61,3.94,0.648,88.45,0
77.62,4.04,0.029,29.8,67.25,2.06,0.729,70.5,0
94.29,14.62,0.107,29.49,76.25,8.95,0.739,106.52,1
87.81,13.84,0.085,31.49,77.59,10.21,0.824,96.66,1
54.34,3.87,0.046,42.71,60.29,3.8,0.657,58.24,0
147.64,15.57,0.257,18.48,69.15,6.88,0.864,123.71,1
169.97,24.86,0.161,18.47,89.86,11.47,0.933,143.9,1
75.57,4.05,-0.086,38.64,60.39,1.59,0.819,73.19,0
82.87,3.32,-0.081,26.06,55.94,3.05,0.62,81.54,0
92.7,7.28,0.088,32.31,78.44,3.43,0.888,112.95,1
152.45,13.4,0.202,20.96,80.01,5.37,0.944,162.88,1
128.49,22.39,0.106,22.54,71.91,5.69,0.88,124.36,1
36.03,1.7,-0.128,36.7,51.46,2.06,0.394,34.35,0
67.87,7.64,-0.046,35.29,62.93,2.73,0.688,66.14,0
82.41,15.94,0.164,29.54,78.05,6.69,0.751,82.32,1
97.66,7.89,0.084,32.75,65.48,2.23,0.93,104.53,1
55.18,5.31,0.072,42.33,64.78,2.28,0.665,52.69,0
152.94,22.55,0.242,20.74,74.19,5.92,0.95,136.45,1
69.53,8.93,0.045,37.16,86.76,4.6,0.778,71.63,1
110.57,8.18,0.167,24.16,87.11,8.36,0.814,132.37,1
118.62,15.45,0.19,26.32,70.69,3.63,0.959,115.3,1
76.11,14.05,0.02,32.99,96.66,4.28,0.82,89.14,1
68.75,9.53,-0.047,43.33,78.43,4.93,0.875,73.79,1
83.19,10.55,0.217,31.85,68.09,4.85,0.776,69.77,1
78.2,6.91,0.019,31.47,68.31,1.96,0.738,73.38,0
78.29,9.06,0.105,37.79,93.49,4.16,0.797,82.23,1
65.21,5.63,-0.099,33.23,72.33,2.13,0.668,57.75,0
88.92,8.04,0.081,33.55,92.59,4.06,0.858,91.36,1
80.67,6.73,-0.067,25.34,61.96,1.73,0.666,82.99,0
48.65,2.37,-0.058,34.16,54.03,1.49,0.535,46.12,0
73.88,4.78,-0.022,31.55,67.65,2.8,0.693,73.62,0
56.99,4.08,0.016,21.81,51.78,1.62,0.385,56.71,0
66.55,9.02,0.066,35.66,97.25,3.33,0.753,70.35,1
97.17,6.29,0.055,30.15,86.39,5.94,0.849,96.16,1
67.68,9.15,-0.002,40.49,70.57,4.69,0.86,63.78,0
83.07,4.7,-0.055,29.0,69.1,3.48,0.728,81.46,0
55.31,2.86,-0.16,37.92,57.31,1.74,0.562,51.67,0
56.77,2.14,-0.08,23.81,53.05,1.9,0.401,55.21,0
75.09,7.12,-0.039,33.3,70.55,3.2,0.725,62.63,0
131.66,16.53,0.226,21.55,84.35,6.12,0.866,101.95,1
51.7,6.56,0.032,58.41,60.07,1.43,0.812,59.26,0
52.43,6.8,-0.077,44.33,65.65,3.88,0.753,43.06,0
42.3,1.28,-0.004,40.21,57.09,0.85,0.498,39.72,0
80.89,3.31,0.016,31.51,73.15,3.29,0.781,77.66,0
84.02,4.85,-0.032,33.95,79.47,2.24,0.909,74.99,0
100.59,10.15,0.1,30.58,82.66,6.24,0.843,106.67,1
60.65,7.43,-0.032,42.16,64.42,1.95,0.788,52.99,0
58.25,2.09,-0.113,24.43,48.05,1.92,0.408,56.31,0
82.39,3.21,0.067,29.36,73.26,1.5,0.673,76.61,1
53.17,6.02,-0.095,50.42,67.08,3.25,0.71,58.75,0
60.4,4.61,-0.039,47.13,73.64,3.93,0.761,62.5,0
164.25,17.36,0.157,17.72,94.8,10.03,0.904,164.4,1
107.1,9.41,0.22,30.68,84.53,4.1,0.885,100.82,1
93.42,14.27,0.249,30.52,83.75,4.52,0.852,67.77,1
80.18,5.94,0.097,39.04,73.14,4.63,0.922,82.33,0
85.01,9.89,-0.044,36.71,66.67,2.52,0.892,79.96,0
69.26,8.5,0.027,45.21,73.39,2.0,0.851,73.09,1
103.52,7.52,0.051,26.88,95.16,3.77,0.825,105.23,1
70.2,6.53,0.111,34.69,85.23,3.32,0.721,72.41,0
87.15,3.12,0.014,27.81,61.25,1.57,0.784,85.1,0
85.76,7.31,-0.016,39.34,77.5,2.97,0.936,92.33,1
64.74,8.15,-0.014,43.15,67.93,4.54,0.9,53.29,0
118.27,14.39,0.107,29.46,84.62,6.11,0.947,127.08,1
103.04,11.74,0.105,23.22,74.17,6.36,0.776,105.8,1
94.09,9.65,0.083,33.48,65.26,5.42,0.948,93.07,1
46.16,1.18,-0.172,43.63,61.78,1.61,0.586,43.11,0
107.44,11.42,0.21,26.34,78.84,7.36,0.832,123.31,1
57.56,4.97,-0.07,27.14,52.09,0.66,0.436,55.15,0
59.34,6.03,0.065,49.94,55.09,2.09,0.809,70.59,0
56.33,2.77,-0.108,29.79,59.1,1.3,0.464,54.71,0
105.68,7.82,0.174,25.29,96.05,2.86,0.825,98.13,1
56.87,7.34,-0.025,49.29,66.67,1.59,0.812,46.98,0
89.74,5.83,-0.1,30.79,59.7,3.13,0.805,79.42,0
156.44,23.86,0.192,19.41,67.05,3.63,0.884,132.88,1
62.31,3.21,-0.018,43.91,72.83,2.84,0.764,61.71,0
89.19,8.37,0.014,35.39,80.71,4.21,0.896,66.56,1
91.38,4.69,0.028,36.48,71.15,3.03,0.954,93.62,0
38.89,3.32,-0.06,38.55,54.51,1.07,0.455,31.83,0
87.41,10.22,0.183,28.77,74.85,6.99,0.822,74.69,1
35.31,2.44,0.012,46.05,62.58,0.88,0.522,36.87,0
60.46,9.73,-0.005,48.02,71.71,4.56,0.884,62.21,0
92.2,13.51,0.165,34.64,72.54,4.18,0.887,95.7,1
90.78,17.14,0.19,33.12,69.2,6.42,0.846,67.02,1
107.6,8.22,0.044,31.14,93.94,3.95,0.897,116.46,1
53.64,3.44,0.023,39.09,73.34,3.55,0.639,57.08,0
56.38,2.42,-0.143,22.02,56.75,1.73,0.403,53.75,0
83.61,13.3,0.091,31.9,97.28,3.43,0.734,80.16,1
79.62,7.0,0.027,34.33,73.77,3.69,0.851,69.11,0
114.35,18.25,0.201,26.09,72.88,9.34,0.817,118.26,1
81.79,9.76,0.114,37.47,83.02,8.0,0.877,77.42,1
73.57,14.94,0.202,36.98,83.2,8.77,0.791,94.43,1
86.38,9.86,0.073,36.25,79.37,2.98,0.929,94.77,1
72.58,5.31,0.053,25.9,59.18,3.67,0.606,69.43,0
101.29,14.28,0.212,23.19,85.7,7.91,0.726,84.79,1
79.94,4.43,0.008,36.32,67.72,5.01,0.87,80.21,1
74.07,7.09,0.059,36.8,55.7,2.55,0.737,63.3,0
145.7,23.31,0.221,18.51,84.36,6.67,0.856,152.94,1
147.85,16.97,0.125,21.84,71.75,4.41,0.916,130.07,1
95.42,7.35,0.053,31.86,74.37,3.09,0.912,101.36,1
55.67,3.32,0.002,36.73,63.77,1.02,0.572,54.74,0
74.37,6.67,-0.053,36.77,63.2,3.54,0.753,68.66,0
99.48,14.16,0.145,28.89,85.39,7.69,0.831,93.34,1
151.45,23.35,0.152,19.35,69.66,6.78,0.864,148.25,1
52.04,6.34,0.006,50.89,57.21,2.19,0.727,51.88,0
39.37,4.53,-0.156,32.85,56.12,2.4,0.392,41.61,0
117.48,15.23,0.267,23.41,78.9,6.86,0.874,154.93,1
65.97,4.12,-0.06,33.67,67.99,3.29,0.626,59.2,0
69.28,4.85,0.023,49.39,81.23,2.45,0.937,62.14,0
167.11,20.45,0.167,20.17,92.46,11.71,0.989,135.25,1
59.59,2.01,-0.175,28.22,54.41,1.1,0.478,54.65,0
88.21,12.02,0.084,34.47,70.08,4.36,0.85,77.0,0
49.44,1.86,-0.126,34.83,60.58,2.01,0.505,45.81,0
68.17,6.94,-0.065,33.19,68.29,2.35,0.633,59.91,0
109.32,12.48,0.15,21.59,73.22,6.68,0.701,94.94,1
99.56,9.24,0.045,30.09,75.1,3.29,0.941,88.27,1
148.78,26.56,0.169,19.48,84.26,9.65,0.894,169.64,1
95.16,11.02,0.166,30.12,84.66,5.47,0.797,97.29,1
59.55,5.55,0.023,38.81,56.64,1.25,0.701,72.72,0
56.01,7.53,-0.068,41.74,69.24,3.48,0.687,49.46,0
66.76,4.82,-0.037,31.82,73.27,1.28,0.629,61.39,0
89.21,6.3,-0.036,25.16,74.28,1.24,0.632,80.16,0
56.86,3.22,-0.03,27.24,48.65,1.0,0.497,63.22,0
54.27,3.08,-0.024,40.91,72.11,3.3,0.639,47.54,0
79.0,7.85,0.067,36.44,77.04,4.6,0.831,79.63,1
74.64,10.39,0.1,34.0,89.37,2.89,0.795,73.8,1
76.86,7.45,0.054,36.15,95.1,3.64,0.847,74.73,1
102.98,11.24,0.067,30.89,87.51,4.55,0.843,109.98,1
43.02,3.16,-0.088,45.77,49.04,1.79,0.546,40.52,0
68.89,3.53,-0.056,37.69,72.91,2.38,0.75,65.82,0
80.16,11.56,0.178,33.45,85.07,4.52,0.863,63.95,1
69.88,5.03,0.0,42.08,73.49,5.27,0.915,61.27,1
40.9,4.97,-0.103,45.01,54.64,0.99,0.585,32.06,0
107.06,7.42,0.214,22.51,74.45,9.59,0.764,117.06,1
69.72,7.8,0.113,40.6,83.78,9.01,0.781,47.13,1
64.62,4.38,-0.026,44.27,77.91,2.49,0.928,68.48,0
53.85,1.81,-0.063,32.91,52.35,1.6,0.539,53.53,0
72.41,19.6,0.205,34.46,72.46,10.14,0.769,67.13,1
96.49,8.97,0.177,27.98,83.16,7.18,0.753,88.02,1
85.66,10.31,0.176,33.24,72.85,8.83,0.866,75.12,1
112.35,10.36,0.134,24.03,78.57,10.82,0.87,93.53,1
112.42,9.44,0.217,21.45,78.0,8.04,0.715,128.51,1
65.5,8.95,0.031,48.36,72.2,2.68,0.957,51.99,0
53.42,3.64,-0.024,21.63,57.87,2.37,0.368,54.13,0
79.18,11.59,0.107,36.81,96.22,4.87,0.897,74.23,1
83.1,16.82,0.18,35.11,75.65,3.91,0.884,95.86,1
96.52,5.88,0.119,29.77,93.16,4.29,0.875,95.06,1
85.48,5.11,0.054,32.51,71.32,3.97,0.772,86.58,1
51.13,5.36,0.062,51.49,73.88,1.83,0.765,47.7,0
125.93,18.42,0.2,24.55,69.67,5.82,0.855,93.63,1
83.23,5.96,0.173,36.52,83.05,3.08,0.874,90.24,1
121.62,24.15,0.236,24.5,65.12,6.2,0.886,86.95,1
67.86,15.78,0.127,38.38,72.48,9.4,0.727,87.6,1
84.19,15.35,0.111,31.22,80.66,6.14,0.808,80.91,1
85.06,12.9,0.06,30.31,83.45,4.13,0.809,79.46,1
120.56,16.77,0.237,25.62,73.3,3.47,0.947,147.44,1
118.41,14.37,0.14,23.71,73.72,6.0,0.868,121.48,1
83.35,8.75,0.151,38.72,81.41,6.74,0.855,86.22,1
70.85,7.02,-0.052,32.19,61.28,3.95,0.615,62.41,0
75.81,9.26,-0.045,36.5,77.36,2.78,0.864,78.46,0
109.51,6.35,0.077,23.07,96.08,3.39,0.762,118.65,1
55.71,6.88,-0.057,35.19,63.7,2.3,0.615,52.39,0
61.76,6.39,0.026,44.41,71.61,1.95,0.772,68.78,0
55.4,5.55,0.01,38.58,56.53,1.75,0.636,56.15,0
79.94,3.87,-0.081,30.17,61.28,2.73,0.653,82.96,0
67.04,5.59,-0.099,30.89,56.68,3.16,0.607,67.64,0
81.78,4.53,0.046,36.33,69.87,4.41,0.927,75.76,1
147.84,23.85,0.18,18.26,72.98,4.0,0.882,140.89,1
68.42,8.33,0.05,37.79,76.22,5.26,0.83,70.62,1
66.63,6.65,0.02,36.56,58.26,3.4,0.65,72.48,0
52.26,4.64,-0.148,36.38,51.34,0.65,0.554,50.24,0
79.32,5.44,0.177,35.11,96.43,6.0,0.833,77.99,1
70.61,6.03,-0.015,30.29,58.37,2.44,0.685,66.12,0
107.58,7.61,0.115,20.44,83.95,8.06,0.7,117.61,1
105.89,7.5,0.135,21.5,84.11,4.25,0.706,109.17,1
103.9,19.1,0.051,26.01,77.91,9.32,0.727,111.45,1
60.3,6.92,-0.064,42.08,55.12,2.8,0.812,65.78,0
83.34,11.35,0.13,38.05,91.49,3.38,0.857,80.21,1
83.06,7.86,0.015,28.27,67.13,2.16,0.662,86.99,0
137.24,24.08,0.211,20.83,79.5,4.2,0.878,140.52,1
118.46,13.32,0.211,22.55,80.69,5.77,0.794,122.57,1
88.83,5.47,0.018,24.5,61.03,3.69,0.603,95.3,0
69.45,5.83,-0.031,39.82,61.38,2.28,0.736,69.42,0
54.45,3.53,-0.092,42.54,62.96,1.46,0.67,59.02,0
108.92,11.19,0.038,20.93,94.44,4.78,0.718,116.43,1
60.13,6.75,0.002,43.8,59.2,2.96,0.729,62.86,0
98.82,14.73,0.162,27.83,83.0,5.63,0.789,111.62,1
89.6,7.93,0.006,22.15,62.92,3.82,0.607,95.62,0
76.49,14.49,0.119,31.94,88.14,5.02,0.746,126.44,1
108.38,9.15,0.095,24.72,71.88,8.0,0.709,109.28,1
74.94,15.05,0.177,38.94,70.16,9.76,0.83,76.16,1
88.47,11.93,0.186,28.58,74.14,8.05,0.749,99.26,1
85.37,5.98,-0.02,31.74,69.96,2.23,0.775,75.55,0
53.25,1.98,-0.107,22.49,64.79,0.76,0.376,53.77,0
81.01,12.69,0.128,38.1,95.52,2.55,0.828,82.64,1
83.17,7.69,0.043,31.35,59.06,2.09,0.793,86.95,0
65.45,4.32,0.066,50.46,77.99,4.89,0.947,63.98,1
57.19,2.99,0.018,22.86,61.76,1.82,0.376,60.23,0
84.52,3.88,-0.065,25.56,57.64,1.94,0.604,85.54,0
46.89,4.03,-0.083,37.59,49.89,2.08,0.489,40.0,0
120.98,22.58,0.234,23.78,69.78,3.69,0.929,92.73,1
51.82,3.94,-0.082,48.61,62.16,2.45,0.722,56.06,0
83.04,16.1,0.236,36.05,68.29,7.1,0.804,113.56,1
36.27,1.02,-0.017,43.15,63.55,1.01,0.425,35.8,0
108.79,7.31,0.041,26.38,83.88,2.84,0.871,107.84,1
75.41,6.55,0.059,34.99,62.87,2.2,0.719,80.4,0
158.2,15.9,0.195,21.71,68.28,3.21,0.932,167.21,1
136.78,19.42,0.2,23.56,67.91,5.46,0.948,141.88,1
87.72,4.77,0.074,30.09,66.69,2.19,0.793,94.67,0
148.64,19.55,0.172,19.61,79.66,3.09,0.933,147.74,1
149.21,26.25,0.203,19.57,89.18,11.78,0.882,144.45,1
112.87,8.32,0.079,26.91,79.02,10.33,0.825,122.66,1
93.42,18.2,0.123,22.69,80.34,11.29,0.69,71.45,1
59.61,4.58,0.038,34.83,59.78,3.02,0.671,58.55,0
87.78,11.47,0.098,32.18,81.57,5.16,0.811,73.41,1
39.09,1.28,-0.004,39.53,53.96,2.27,0.433,40.22,0
37.64,4.83,0.002,38.6,61.67,1.38,0.409,44.12,0
137.45,22.54,0.169,24.19,84.63,9.17,0.939,134.28,1
83.75,5.56,0.055,33.46,65.17,2.08,0.746,90.64,0
101.04,8.81,0.047,31.51,97.84,3.48,0.856,93.68,1
76.75,15.36,0.151,41.95,83.79,9.2,0.864,102.9,1
139.64,23.05,0.251,23.59,66.35,5.34,0.969,59.61,1
167.69,19.46,0.219,16.91,84.78,10.17,0.902,155.13,1
57.51,5.64,-0.092,36.14,72.27,3.57,0.628,59.25,0
35.65,3.32,-0.061,51.79,64.18,1.28,0.547,33.7,0
86.85,9.8,0.084,35.04,79.56,2.3,0.913,98.63,1
50.82,3.66,-0.159,33.47,55.72,1.84,0.516,48.91,0
49.54,2.7,-0.068,28.03,54.73,1.31,0.387,49.88,0
75.28,4.57,0.041,29.73,58.87,3.29,0.709,77.57,0
69.8,16.86,0.181,42.99,75.28,10.83,0.838,83.9,1
98.98,9.09,0.201,30.29,73.31,6.44,0.867,112.04,1
72.38,4.84,-0.079,27.4,70.38,1.96,0.648,74.17,0
91.99,12.99,0.176,32.3,90.93,3.77,0.872,98.81,1
83.67,7.27,0.052,26.77,64.54,2.07,0.731,77.9,0
43.24,4.37,-0.17,45.58,48.02,2.38,0.582,44.72,0
65.62,15.76,0.202,37.82,82.44,11.4,0.768,59.01,1
91.32,10.82,0.156,28.9,73.16,5.28,0.751,105.88,1
95.05,14.59,0.1,31.64,77.06,7.58,0.869,111.09,1
47.68,2.63,0.006,24.3,58.46,1.25,0.372,46.05,0
71.76,15.16,0.055,36.82,87.22,10.48,0.798,70.88,1
89.65,17.72,0.248,33.21,70.53,7.14,0.82,70.71,1
95.56,11.65,0.156,29.05,71.14,6.73,0.903,98.7,1
81.34,8.03,0.175,30.4,78.73,4.62,0.792,92.85,1
135.25,19.34,0.181,21.22,76.79,5.11,0.91,129.93,1
104.66,13.29,0.153,26.35,73.54,5.77,0.886,102.53,1
107.22,14.95,0.216,27.79,80.89,6.88,0.9,119.8,1
171.16,22.68,0.205,20.06,86.14,7.74,0.975,170.84,1
62.34,11.93,0.187,43.24,86.76,11.28,0.739,66.36,1
82.77,9.02,0.024,38.15,75.45,4.3,0.877,86.52,1
95.07,12.46,0.128,25.81,84.16,5.25,0.796,99.83,1
74.5,3.28,0.001,32.1,62.39,2.49,0.661,74.73,0
70.12,5.37,-0.046,36.96,59.97,1.93,0.719,66.47,0
87.18,14.39,0.218,34.32,80.69,5.22,0.914,88.98,1
116.48,20.16,0.192,26.34,69.74,4.29,0.938,107.9,1
140.42,12.67,0.199,20.23,68.52,3.45,0.858,151.47,1
63.75,7.13,-0.059,31.77,67.07,3.12,0.619,74.23,0
73.9,7.15,-0.028,36.33,81.68,3.05,0.823,77.7,0
88.93,6.64,0.005,26.35,69.2,3.34,0.754,75.84,0
133.18,20.78,0.242,23.49,85.8,10.07,0.9,120.46,1
169.1,26.08,0.295,20.5,93.27,11.13,0.946,175.06,1
83.66,16.77,0.212,35.91,70.39,4.76,0.892,124.5,1
106.11,18.61,0.098,26.27,71.4,8.55,0.817,116.7,1
80.18,10.28,0.124,31.26,97.77,5.57,0.766,85.88,1
95.4,10.31,0.167,31.66,69.45,6.98,0.866,104.5,1
38.32,2.34,-0.003,39.14,54.82,2.32,0.48,39.74,0
78.92,7.91,0.041,37.8,74.58,4.48,0.857,69.13,0
102.48,9.5,0.178,23.79,88.09,3.13,0.705,115.68,1
75.94,12.37,0.161,32.45,84.57,5.56,0.742,57.59,1
67.01,4.16,0.02,36.27,70.76,2.08,0.71,65.71,0
122.98,24.15,0.194,21.85,70.46,3.33,0.873,66.58,1
88.55,3.86,0.043,27.51,59.47,3.91,0.67,90.94,0
85.22,8.18,0.099,37.51,66.73,2.23,0.903,99.28,1
69.9,14.45,0.108,41.14,82.56,5.86,0.83,85.61,1
90.35,14.44,0.169,25.31,96.9,5.08,0.744,85.21,1
99.14,15.01,0.116,33.51,82.38,6.04,0.892,74.98,1
82.52,4.11,0.044,30.2,57.75,3.94,0.81,91.0,1
81.62,6.67,-0.005,31.77,69.0,2.58,0.743,82.52,0
112.32,11.13,0.169,22.79,79.69,4.28,0.751,80.04,1
91.26,10.09,0.241,26.19,83.16,6.45,0.751,88.86,1
68.89,7.94,0.016,33.16,64.15,2.51,0.628,58.35,0
109.82,10.59,0.161,26.57,93.56,3.5,0.785,99.68,1
78.21,8.82,-0.012,39.37,71.89,2.11,0.917,65.55,0
73.28,9.65,0.075,34.32,89.37,2.99,0.788,76.72,0
106.65,9.12,0.163,26.19,87.43,6.83,0.764,107.66,1
60.55,5.04,-0.043,37.74,73.33,2.21,0.68,59.66,0
54.03,4.18,-0.163,31.65,56.2,0.85,0.526,50.11,0
74.05,11.97,0.149,41.11,80.9,9.89,0.826,70.92,1
113.69,16.61,0.106,22.0,76.54,4.93,0.793,96.6,1
65.29,12.19,0.086,39.55,97.5,5.22,0.721,40.38,1
112.68,12.3,0.172,20.17,82.55,6.57,0.721,112.81,1
85.41,13.8,0.156,28.97,73.26,9.57,0.7,87.95,1
131.17,22.57,0.268,25.16,87.85,8.57,0.888,121.18,1
95.94,5.98,0.03,30.23,81.74,4.89,0.825,89.49,0
62.43,4.45,0.032,50.47,75.59,4.09,0.86,66.2,1
91.09,6.94,0.075,30.36,77.48,5.3,0.838,78.83,0
64.65,3.42,0.015,40.81,55.81,3.31,0.722,65.37,0
92.63,16.76,0.148,29.04,78.46,4.99,0.861,113.43,1
50.86,5.14,-0.013,52.1,63.29,1.99,0.781,48.8,0
115.65,16.15,0.102,23.85,80.75,3.94,0.879,114.1,1
117.45,14.22,0.09,20.13,78.41,5.66,0.761,91.05,1
82.51,9.34,0.148,35.28,68.83,7.46,0.907,107.82,1
66.35,3.23,0.005,35.63,68.33,2.72,0.706,62.59,0
45.9,4.16,-0.152,38.98,63.1,1.39,0.584,43.4,0
54.74,4.52,-0.145,38.44,63.54,1.5,0.579,62.82,0
72.79,4.96,0.062,36.27,74.85,5.03,0.82,63.69,0
43.32,3.35,-0.131,41.8,54.23,1.71,0.562,40.54,0
99.33,8.45,0.095,26.28,81.59,6.01,0.833,95.02,1
154.38,23.93,0.158,20.64,74.85,6.77,0.93,191.06,1
149.18,21.52,0.255,21.43,77.72,4.84,0.941,137.73,1
83.28,11.2,0.085,26.96,83.7,5.74,0.729,83.22,1
60.52,5.03,-0.079,32.57,71.01,3.33,0.629,53.24,0
143.39,19.92,0.228,21.16,70.4,5.65,0.912,137.24,1
148.16,18.19,0.154,21.53,82.63,4.73,0.958,121.14,1
74.51,3.29,0.024,31.92,62.95,1.69,0.772,69.65,0
85.88,8.86,0.048,30.26,89.35,4.68,0.802,95.4,1
58.59,7.07,0.026,45.66,57.47,1.83,0.77,58.1,0
89.51,10.03,0.138,32.64,85.6,11.2,0.857,84.68,1
148.48,24.32,0.213,18.44,93.68,8.35,0.885,142.83,1
58.76,2.87,-0.164,30.5,49.5,0.78,0.488,49.92,0
124.47,20.82,0.192,23.37,75.36,3.28,0.879,89.51,1
103.01,8.52,0.162,29.74,75.31,7.0,0.872,107.59,1
173.13,18.98,0.291,18.9,94.16,11.33,0.947,181.88,1
83.97,6.67,-0.028,38.46,81.62,4.76,0.897,92.34,1
95.38,11.52,0.079,27.7,70.11,9.87,0.725,90.87,1
43.39,2.17,-0.09,31.65,53.78,2.32,0.416,40.95,0
81.42,6.13,-0.039,29.79,66.9,1.22,0.78,78.16,0
45.14,1.58,-0.149,39.83,62.09,1.66,0.549,45.19,0
171.97,23.74,0.269,16.91,88.56,11.18,0.88,202.44,1
68.37,17.07,0.069,43.91,87.84,11.29,0.826,95.68,1
136.73,20.77,0.231,19.08,67.05,5.39,0.851,140.78,1
122.89,17.12,0.253,27.45,67.32,6.11,0.971,146.36,1
49.64,4.12,-0.135,30.5,53.43,0.78,0.483,48.48,0
54.23,5.85,0.006,45.4,67.53,3.96,0.799,47.38,0
52.6,1.11,-0.034,26.94,58.39,1.19,0.446,52.57,0
57.34,7.6,-0.075,44.82,74.19,1.61,0.762,58.32,0
63.5,4.94,0.036,40.52,74.37,1.72,0.745,69.06,0
60.42,9.94,0.022,52.04,71.12,4.98,0.908,59.68,1
76.51,6.24,-0.034,29.59,71.15,2.01,0.617,63.73,0
49.86,3.58,-0.039,37.4,50.72,2.39,0.556,54.23,0
84.42,4.1,-0.095,26.97,61.49,3.96,0.726,84.46,1
47.64,2.4,-0.162,31.05,51.13,2.02,0.408,40.35,0
164.97,28.57,0.283,19.83,87.88,11.4,0.935,189.44,1
114.57,18.04,0.098,28.15,87.67,7.66,0.871,78.61,1
169.74,15.56,0.25,18.4,92.82,11.39,0.914,188.95,1
98.96,4.37,0.088,30.41,70.73,4.67,0.832,99.92,0
79.03,3.2,-0.076,37.34,56.63,1.42,0.806,72.27,0
69.11,18.49,0.218,36.53,79.97,7.81,0.69,102.39,1
63.84,6.57,-0.003,41.33,72.16,2.52,0.719,55.19,0
68.22,5.49,-0.014,39.11,66.29,3.69,0.778,64.93,0
58.99,3.65,0.056,34.93,57.35,1.38,0.612,58.41,0
47.89,2.58,-0.025,37.43,59.64,1.5,0.557,47.47,0
83.88,4.71,-0.036,36.11,74.51,3.71,0.802,85.43,0
61.75,7.76,0.058,39.61,64.78,1.4,0.653,69.63,0
90.77,7.45,0.067,33.76,91.85,3.97,0.896,95.08,1
43.98,3.26,-0.165,42.4,52.99,0.74,0.586,50.73,0
53.82,3.89,-0.025,52.82,60.45,2.42,0.762,57.75,0
68.68,9.32,0.128,36.93,86.25,6.75,0.727,63.89,1
50.11,1.26,-0.033,30.7,60.29,2.17,0.467,46.84,0
58.06,3.0,0.073,39.23,55.26,1.23,0.697,59.13,0
110.7,16.87,0.111,25.91,78.39,6.63,0.855,124.68,1
72.46,4.32,0.016,33.93,55.11,2.54,0.697,75.46,0
35.35,3.49,-0.049,40.74,55.33,2.43,0.39,30.0,0
64.96,4.21,-0.005,48.53,81.3,4.84,0.952,59.56,0
55.75,5.98,0.016,45.08,68.83,3.29,0.693,66.61,0
71.27,14.8,0.12,42.15,69.55,4.27,0.796,73.88,1
82.85,19.06,0.078,30.66,80.04,8.25,0.721,113.92,1
45.79,3.29,-0.116,37.44,59.13,1.35,0.526,42.2,0
100.71,17.43,0.103,33.01,77.23,5.6,0.886,126.83,1
80.58,5.5,0.054,38.74,79.3,2.69,0.949,84.1,1
47.92,3.29,-0.141,31.16,60.9,1.99,0.408,44.35,0
112.98,14.66,0.243,26.28,72.58,6.32,0.796,125.34,1
82.98,6.64,-0.03,32.4,71.02,3.31,0.758,83.44,0
79.13,9.77,0.041,37.28,81.9,2.33,0.905,75.51,0
51.4,2.26,-0.111,36.62,57.85,0.8,0.573,49.47,0
66.93,9.14,0.037,40.86,70.11,4.16,0.828,59.06,0
70.53,7.55,-0.037,29.77,71.4,2.09,0.674,59.8,0
97.11,9.41,0.058,31.85,75.86,7.04,0.845,100.11,1
54.06,3.74,0.002,28.74,50.18,0.72,0.472,54.44,0
60.58,6.66,-0.023,47.56,76.48,3.23,0.872,53.22,0
99.63,8.31,0.027,28.2,75.54,2.09,0.901,87.38,0
67.49,7.98,0.041,45.94,85.25,3.0,0.883,81.82,0
96.1,13.76,0.154,28.88,81.24,4.38,0.829,84.18,1
65.92,7.7,0.027,39.94,87.8,2.57,0.731,60.86,0
103.76,12.35,0.217,28.8,83.39,7.46,0.816,124.49,1
125.26,18.18,0.118,24.45,66.23,5.24,0.873,145.82,1
86.64,5.71,-0.053,25.41,72.7,2.54,0.613,85.53,0
73.03,4.18,0.066,41.3,70.66,4.82,0.892,72.63,1
60.19,19.28,0.093,47.81,84.7,7.31,0.846,59.41,1
162.89,18.32,0.168,20.72,90.2,10.24,0.936,158.28,1
144.79,22.99,0.14,21.55,72.2,6.85,0.924,145.66,1
67.74,5.63,-0.047,39.77,70.89,3.44,0.799,79.08,0
52.84,6.42,-0.033,52.32,70.61,1.61,0.791,57.06,0
80.56,5.37,-0.015,39.6,65.32,4.73,0.928,91.77,1
107.13,14.97,0.126,22.87,89.6,3.21,0.782,133.27,1
70.47,6.52,0.033,50.01,67.36,2.83,0.947,73.79,0
61.58,7.94,0.046,45.1,72.96,4.99,0.874,63.19,1
82.54,14.47,0.207,33.23,74.14,8.01,0.863,59.34,1
87.11,4.99,-0.019,30.09,65.26,1.54,0.777,95.17,0
142.27,13.55,0.155,20.54,82.6,3.19,0.945,159.01,1
85.74,7.29,-0.027,35.39,81.57,4.21,0.897,80.92,0
66.57,5.64,-0.009,44.85,60.85,1.36,0.803,70.17,0
68.68,6.27,0.03,48.47,74.1,3.57,0.957,72.61,0
106.26,15.98,0.162,22.76,81.55,10.19,0.768,100.21,1
41.43,1.78,-0.012,44.88,55.66,2.17,0.52,45.2,0
58.3,4.64,-0.025,44.79,64.87,2.58,0.775,58.27,0
140.29,27.92,0.198,24.93,82.83,9.08,0.942,128.67,1
63.09,6.22,-0.011,44.18,69.03,1.9,0.769,56.4,0
112.37,13.98,0.238,27.44,78.12,7.12,0.883,80.22,1
114.14,9.23,0.16,25.24,77.43,6.11,0.841,120.94,1
70.27,9.14,0.049,47.82,69.69,4.23,0.94,84.33,1
70.13,13.95,0.184,42.6,78.71,4.17,0.841,66.35,1
63.43,5.26,-0.04,37.84,67.43,3.55,0.704,61.76,0
104.44,11.47,0.15,25.6,73.0,4.34,0.846,79.48,1
64.1,3.24,0.005,35.01,62.55,1.95,0.639,65.69,0
89.41,11.69,0.025,26.32,83.52,2.84,0.725,103.98,1
48.3,1.46,0.007,42.86,64.52,0.68,0.564,51.02,0
72.56,8.76,0.1,46.54,69.04,3.9,0.906,76.07,1
54.3,7.35,0.042,42.37,55.44,2.7,0.609,51.92,0
65.45,4.94,0.032,34.96,57.96,3.29,0.675,70.4,0
53.07,6.95,0.005,47.03,68.47,2.62,0.708,55.7,0
76.38,6.07,-0.004,28.11,61.71,3.14,0.638,83.42,0
82.34,16.87,0.051,32.75,78.81,8.38,0.816,73.17,1
65.66,5.19,0.021,34.07,70.93,2.99,0.7,59.89,0
123.86,13.03,0.27,29.24,66.7,5.3,0.965,128.39,1
140.85,18.91,0.26,25.59,90.05,7.58,0.966,184.11,1
112.24,9.41,0.09,23.4,72.83,4.63,0.841,101.17,1
56.78,3.39,-0.01,27.48,56.51,1.15,0.467,61.44,0
72.71,7.74,0.008,28.9,55.14,3.58,0.632,82.2,0
112.0,16.72,0.08,25.59,83.67,11.03,0.758,101.18,1
70.46,7.11,-0.092,28.81,62.43,3.93,0.663,72.42,0
42.67,1.9,-0.034,40.3,56.03,2.4,0.536,41.54,0
115.67,15.56,0.143,28.61,70.26,4.02,0.887,102.65,1
107.47,19.0,0.132,23.31,79.7,7.63,0.765,104.68,1
65.55,12.8,0.154,43.36,83.3,10.12,0.866,93.93,1
61.8,7.96,-0.048,39.04,64.68,2.1,0.648,72.31,0
84.8,9.1,0.12,28.73,94.11,5.19,0.716,88.25,1
77.81,7.62,0.02,33.54,55.5,3.24,0.695,83.24,0
68.81,4.7,-0.007,40.86,55.01,3.68,0.76,62.8,0
143.59,13.79,0.191,21.97,76.78,4.27,0.862,149.3,1
82.0,7.99,-0.054,23.86,63.86,1.43,0.614,96.06,0
51.73,5.21,-0.005,41.31,72.44,1.65,0.659,62.07,0
38.92,1.47,-0.004,37.91,60.28,1.41,0.419,35.24,0
143.62,24.35,0.117,24.4,69.07,4.52,0.95,126.73,1
90.02,7.88,0.136,31.47,79.52,7.33,0.838,94.82,1
106.49,15.86,0.095,25.55,74.39,4.06,0.849,119.62,1
102.96,9.1,0.103,25.85,70.88,8.81,0.737,112.36,1
78.61,4.15,0.045,28.79,67.21,1.46,0.706,87.37,1
90.93,5.34,-0.036,34.83,74.31,4.13,0.904,63.37,0
86.97,5.67,0.011,26.22,72.42,1.27,0.659,88.09,0
44.6,3.42,-0.108,43.43,48.35,1.37,0.529,44.23,0
62.57,4.42,0.039,43.77,71.97,4.91,0.855,63.33,0
145.96,18.56,0.263,24.06,74.7,5.34,0.976,127.12,1
59.12,2.73,-0.18,29.16,58.19,0.92,0.559,53.17,0
61.66,7.64,0.068,38.28,71.72,2.44,0.668,64.87,0
61.75,3.31,-0.075,39.31,74.53,3.9,0.664,51.97,0
59.3,5.21,-0.021,35.96,55.9,2.7,0.685,62.76,0
127.64,20.41,0.142,22.26,71.28,6.19,0.884,154.45,1
82.51,5.2,-0.007,37.0,75.97,3.84,0.853,77.82,0
69.85,5.83,0.062,46.39,68.13,4.09,0.908,73.48,1
81.39,10.2,0.165,33.63,71.4,9.83,0.802,75.75,1
60.33,5.72,-0.013,40.55,69.92,2.78,0.685,64.17,0
66.13,8.37,0.019,42.26,68.99,2.09,0.825,68.23,0
80.04,8.84,-0.01,34.93,71.68,2.6,0.898,81.89,1
97.91,8.98,0.202,33.26,70.76,5.38,0.907,106.59,1
169.98,16.45,0.154,17.99,98.17,9.03,0.987,168.75,1
94.04,10.81,0.209,31.8,81.69,7.92,0.839,58.92,1
80.52,7.33,-0.036,31.21,64.41,2.11,0.699,99.65,0
88.72,18.88,0.161,26.95,72.97,8.36,0.722,63.87,1
89.13,3.73,0.017,22.56,63.14,2.07,0.603,87.85,0
47.45,3.4,-0.063,38.42,62.36,2.28,0.508,46.54,0
70.7,4.25,0.036,35.89,68.3,2.96,0.793,72.35,0
64.31,6.62,-0.097,35.89,70.33,2.14,0.741,59.96,0
74.83,8.24,0.073,46.15,74.02,3.67,0.941,78.96,1
98.15,13.79,0.154,27.41,76.17,4.96,0.813,88.43,1
139.54,23.84,0.242,22.2,82.18,6.68,0.959,107.47,1
78.33,6.31,0.007,38.8,71.83,4.16,0.911,70.5,0
92.15,7.61,0.096,36.03,73.26,2.85,0.937,81.7,1
53.17,2.86,-0.134,32.33,52.32,2.39,0.489,47.21,0
52.92,3.83,-0.061,35.54,58.27,1.28,0.504,48.49,0
93.96,8.2,0.139,25.28,74.18,5.93,0.772,99.6,1
71.81,5.87,0.02,39.49,65.07,2.09,0.855,79.07,0
66.83,7.29,0.196,34.01,79.06,7.4,0.735,65.89,1
51.03,5.94,-0.098,41.77,60.78,2.09,0.696,51.66,0
59.11,3.07,-0.065,31.54,61.56,1.76,0.517,50.05,0
92.93,9.19,-0.029,35.96,76.62,2.29,0.896,83.09,0
70.8,6.23,-0.068,31.74,57.42,1.94,0.658,70.4,0
41.11,1.18,-0.056,40.31,64.73,2.08,0.455,41.78,0
65.55,12.78,0.051,39.34,89.16,4.5,0.817,58.35,0
36.02,3.63,0.01,46.73,55.98,0.71,0.544,36.01,0
77.89,17.76,0.148,42.92,79.99,5.92,0.893,75.38,1
84.59,5.76,-0.056,28.39,70.06,1.24,0.646,72.88,0
50.74,6.15,0.009,50.67,64.49,3.59,0.727,48.31,0
52.0,3.14,-0.074,45.93,64.88,3.31,0.747,51.5,0
80.18,18.55,0.209,40.08,84.73,9.94,0.864,62.65,1
58.6,7.26,-0.009,45.95,57.35,2.36,0.816,59.64,0
88.39,15.23,0.162,28.34,71.6,6.68,0.68,72.91,1
46.26,4.4,-0.177,28.91,59.65,2.43,0.38,35.12,0
74.36,13.76,0.216,39.68,76.72,8.42,0.786,94.61,1
59.28,5.8,-0.036,35.94,72.91,2.27,0.653,66.42,0
106.93,6.97,0.139,27.71,96.73,5.41,0.831,109.31,1
117.22,8.23,0.215,20.99,71.15,4.43,0.793,101.86,1
159.6,23.31,0.194,21.67,76.13,6.25,0.943,156.94,1
75.39,7.89,0.023,39.17,71.92,2.83,0.797,61.16,0
44.44,2.52,-0.024,29.03,53.2,1.76,0.384,53.58,0
53.12,2.83,-0.142,36.98,60.54,1.07,0.537,50.99,0
93.75,10.07,0.161,28.91,74.77,10.74,0.727,99.59,1
69.55,4.7,-0.041,39.71,71.55,5.25,0.854,68.03,0
80.1,16.54,0.101,36.6,77.78,7.48,0.817,69.97,1
77.19,5.3,0.007,35.5,62.47,3.82,0.731,63.93,0
73.27,3.36,-0.012,31.18,64.66,1.73,0.641,75.34,0
57.92,1.99,0.007,24.67,64.33,2.45,0.447,55.48,0
167.4,17.71,0.184,17.97,82.97,10.03,0.889,157.68,1
108.59,5.5,0.03,26.41,96.2,5.28,0.84,116.4,1
123.48,12.17,0.192,26.47,71.88,5.31,0.912,111.94,1
73.41,3.74,-0.078,33.37,68.87,3.35,0.773,75.86,0
115.73,9.33,0.228,22.33,69.79,4.65,0.81,127.57,1
79.75,11.12,0.163,33.09,87.8,5.97,0.826,82.83,1
70.93,6.98,-0.1,34.65,60.33,1.68,0.754,66.09,0
80.03,14.7,0.197,34.51,83.52,9.5,0.873,79.51,1
113.7,19.75,0.197,28.41,71.45,3.16,0.96,65.03,1
127.34,19.74,0.196,23.84,76.47,3.58,0.935,120.24,1
102.85,11.63,0.092,22.2,82.12,3.59,0.737,123.15,1
61.42,7.24,0.027,36.08,67.89,1.62,0.628,61.32,0
55.71,4.96,0.002,37.22,58.07,2.1,0.611,54.0,0
145.64,21.66,0.194,22.31,84.88,10.71,0.949,158.26,1
37.16,3.51,-0.066,39.21,48.19,0.98,0.435,37.29,0
97.05,13.56,0.124,28.04,91.74,5.95,0.838,77.73,1
76.98,6.26,0.098,35.03,86.32,4.19,0.719,86.41,1
113.77,17.1,0.189,21.37,69.55,7.16,0.784,111.36,1
143.32,21.82,0.153,25.81,85.46,7.14,0.98,165.75,1
68.14,6.32,-0.057,32.37,60.15,3.86,0.711,64.2,0
60.99,7.47,-0.014,36.88,68.03,1.4,0.732,59.8,0
44.51,3.73,-0.133,39.07,55.79,2.23,0.533,42.73,0
68.15,8.99,-0.001,43.5,78.49,4.22,0.878,76.97,1
57.22,7.64,-0.073,45.49,63.48,1.72,0.777,48.65,0
58.86,3.68,-0.057,41.16,57.12,3.92,0.791,61.75,0
111.37,8.87,0.169,20.84,76.35,10.16,0.701,119.05,1
125.67,13.51,0.112,24.5,82.51,3.04,0.865,134.01,1
79.23,6.26,-0.018,30.47,73.83,3.92,0.684,90.07,0
57.89,5.24,-0.011,47.02,68.36,2.64,0.767,61.57,0
115.7,13.49,0.106,30.36,77.09,4.45,0.968,99.35,1
50.65,3.48,-0.083,24.58,52.39,0.81,0.352,47.67,0
43.84,1.57,0.012,45.4,49.44,2.17,0.583,41.04,0
80.95,3.76,-0.076,36.25,72.96,2.5,0.796,74.8,0
86.45,9.36,0.212,38.18,77.29,6.12,0.917,96.81,1
58.97,4.68,-0.026,42.12,72.01,1.91,0.731,56.68,0
153.08,17.02,0.231,20.8,84.5,11.08,0.964,161.62,1
67.63,6.79,0.081,40.7,70.57,4.29,0.83,67.56,0
92.84,9.81,-0.044,29.71,66.79,4.38,0.9,85.7,1
50.59,6.88,-0.087,41.89,74.16,3.96,0.667,64.19,0
78.1,9.55,0.063,40.49,69.58,3.52,0.927,101.25,1
78.45,5.95,0.04,30.44,85.26,3.35,0.736,83.93,1
76.99,18.79,0.144,36.64,86.64,7.32,0.837,30.0,1
83.83,11.61,0.052,36.38,72.01,11.48,0.843,68.94,1
95.77,10.61,0.123,34.12,74.47,5.3,0.891,101.6,1
114.39,19.73,0.204,26.87,81.6,6.77,0.905,121.94,1
99.77,15.68,0.088,24.44,87.09,7.81,0.693,42.88,1
105.56,10.9,0.158,22.43,87.46,6.79,0.702,127.72,1
38.03,2.76,-0.12,40.51,61.24,0.61,0.428,36.24,0
55.26,4.61,-0.055,28.97,55.26,2.44,0.433,57.94,0
82.92,7.51,0.023,35.72,72.84,1.46,0.789,82.87,0
80.01,9.4,0.147,34.65,96.29,3.9,0.833,82.5,1
88.96,5.81,0.019,34.12,78.14,2.21,0.851,85.88,0
75.16,4.25,0.078,41.74,75.19,4.56,0.888,81.3,1
139.46,16.75,0.144,21.79,84.4,4.43,0.967,158.24,1
121.13,20.72,0.131,24.09,83.46,6.85,0.951,119.73,1
145.0,24.44,0.13,22.47,74.45,6.87,0.867,124.34,1
59.12,4.6,0.063,41.42,74.45,3.7,0.762,62.52,0
108.02,14.6,0.028,24.71,89.75,5.58,0.732,129.82,1
88.57,6.09,-0.054,25.48,59.46,3.09,0.606,93.15,0
65.8,4.54,-0.008,34.55,73.28,2.51,0.697,63.62,0
83.7,7.99,0.017,24.38,59.78,1.36,0.655,102.41,0
84.01,3.86,-0.021,27.17,60.12,2.05,0.655,82.89,0
60.66,6.45,-0.022,50.41,74.91,5.04,0.955,57.5,0
69.77,16.9,0.18,41.48,84.06,7.23,0.879,99.35,1
46.29,1.51,-0.022,35.76,64.06,1.72,0.482,48.16,0
93.24,14.59,0.058,28.23,88.54,4.4,0.809,88.26,1
79.91,7.75,-0.038,38.93,77.01,5.08,0.924,78.57,1
55.5,6.24,-0.092,46.12,56.66,1.21,0.682,48.34,0
99.85,7.33,-0.014,32.76,80.69,4.99,0.948,83.12,1
75.76,7.03,0.032,34.76,59.63,1.94,0.735,70.38,0
110.13,9.16,0.112,27.53,74.61,5.75,0.866,119.55,1
71.2,7.25,-0.031,41.83,79.37,3.05,0.938,75.7,0
52.8,5.87,-0.084,52.41,68.56,2.92,0.75,56.76,0
35.92,1.45,-0.098,45.53,48.55,1.68,0.498,33.55,0
95.49,7.2,0.038,33.95,77.99,3.53,0.952,86.42,0
114.43,16.05,0.24,27.4,67.62,3.88,0.883,130.05,1
74.56,6.44,-0.042,40.07,64.04,2.64,0.798,74.2,0
78.83,8.15,0.109,35.07,89.03,5.59,0.821,87.55,1
77.3,5.08,0.175,40.76,91.85,5.41,0.865,79.76,1
137.74,13.28,0.274,24.27,80.78,4.82,0.978,153.57,1
83.95,10.81,0.14,30.67,87.85,8.62,0.691,74.36,1
81.1,17.96,0.211,32.03,69.15,6.29,0.792,107.27,1
74.96,12.35,0.129,39.34,97.08,4.88,0.796,68.61,1
115.23,15.96,0.275,30.65,80.21,5.08,0.975,103.18,1
72.14,3.02,-0.01,33.04,60.31,1.77,0.732,68.28,0
78.81,5.11,-0.036,36.43,65.12,2.26,0.778,80.26,0
44.21,4.44,-0.079,28.79,58.42,1.14,0.402,41.73,0
100.51,17.89,0.196,25.62,81.9,7.65,0.734,98.65,1
108.8,7.53,0.217,28.09,83.71,9.96,0.845,124.06,1
43.42,4.88,0.0,36.65,61.28,2.33,0.492,34.21,0
98.97,12.82,0.211,25.84,80.05,5.11,0.814,103.75,1
86.88,4.76,0.042,37.49,67.5,3.41,0.904,84.81,1
35.42,1.59,0.019,55.26,55.89,1.8,0.533,34.91,0
152.11,23.93,0.161,24.02,88.22,8.78,0.984,181.52,1
54.73,3.2,0.023,41.74,70.29,1.39,0.685,58.19,0
40.68,2.83,-0.016,49.4,60.28,1.42,0.579,37.43,0
104.48,16.75,0.231,31.28,81.78,4.09,0.908,113.11,1
106.62,10.09,0.125,24.71,91.16,4.16,0.702,111.12,1
57.54,4.19,-0.169,25.29,59.83,0.66,0.451,54.71,0
107.59,13.35,0.176,26.62,89.0,5.81,0.851,101.52,1
74.0,6.69,0.072,47.51,71.08,3.62,0.948,58.06,1
46.17,2.67,-0.029,45.21,56.35,2.18,0.582,43.02,0
63.23,5.94,0.02,33.68,62.92,3.98,0.605,55.14,0
80.47,12.02,0.113,30.4,74.19,5.93,0.773,71.34,1
51.77,3.17,-0.052,40.83,65.79,2.48,0.642,50.81,0
114.58,15.84,0.275,29.14,70.09,3.67,0.977,144.27,1
86.48,12.33,0.14,31.34,72.07,9.35,0.726,95.52,1
149.71,19.12,0.278,19.38,91.08,9.13,0.93,138.15,1
73.8,5.09,-0.084,35.89,55.2,1.78,0.731,72.76,0
172.74,17.4,0.213,18.3,88.56,9.98,0.943,169.99,1
65.94,4.53,0.062,40.06,79.41,4.6,0.853,63.67,1
73.78,7.05,-0.089,30.65,62.52,1.71,0.655,64.18,0
46.95,2.27,-0.077,32.25,53.83,1.1,0.439,41.7,0
35.32,1.6,-0.171,42.74,51.83,1.4,0.458,31.41,0
89.21,12.24,0.097,26.88,82.28,3.25,0.712,89.43,1
95.48,4.54,0.092,30.69,79.14,5.02,0.94,95.65,1
56.05,3.67,-0.08,38.8,71.6,1.91,0.672,51.55,0
88.01,10.95,0.224,35.48,78.99,4.02,0.837,96.26,1
62.9,6.53,0.072,37.81,65.15,1.53,0.712,66.23,1
91.05,13.46,0.106,32.15,72.87,5.04,0.787,102.92,1
64.7,5.62,-0.071,44.06,66.21,2.43,0.762,65.39,0
110.7,14.34,0.191,21.88,71.56,11.47,0.762,127.64,1
73.83,9.12,0.107,30.96,80.82,11.48,0.738,71.24,1
60.79,7.83,0.081,51.59,70.81,2.59,0.845,65.46,0
60.81,5.22,0.061,40.25,73.66,3.79,0.722,52.96,0
89.62,4.39,0.041,25.85,61.26,1.49,0.669,92.77,0
73.47,8.93,0.089,30.96,79.07,8.43,0.73,90.93,1
72.97,7.87,-0.082,36.74,65.11,2.66,0.781,73.06,0
63.01,4.62,0.014,32.1,66.78,3.23,0.61,59.61,0
37.05,1.36,-0.147,36.17,52.53,1.18,0.355,33.05,0
99.67,5.12,-0.018,29.85,67.53,3.76,0.889,105.31,0
93.12,9.93,-0.017,37.58,74.14,4.07,0.944,86.47,0
111.84,16.45,0.109,24.58,81.07,10.64,0.778,91.93,1
52.02,7.62,-0.084,50.86,72.43,2.38,0.728,33.56,0
82.15,3.3,-0.026,31.93,63.45,2.73,0.752,80.52,0
61.57,8.95,0.137,42.97,72.63,10.28,0.795,52.36,1
110.64,12.04,0.075,24.93,80.22,8.43,0.832,105.98,1
51.17,5.51,0.061,51.27,55.57,3.67,0.775,46.21,0
67.64,8.51,-0.002,39.55,67.74,3.7,0.855,66.05,0
67.88,3.01,0.047,32.41,63.8,3.33,0.708,74.17,0
128.33,19.48,0.183,25.69,70.99,4.2,0.874,107.19,1
55.57,2.68,-0.091,27.05,58.13,1.72,0.487,51.73,0
150.94,14.53,0.153,20.83,80.34,5.33,0.873,140.84,1
78.57,10.07,0.069,31.22,95.92,5.12,0.741,83.48,1
90.6,7.77,-0.049,31.24,69.94,2.76,0.873,89.41,0
56.19,1.86,-0.145,31.62,56.43,2.3,0.572,54.85,0
96.66,6.49,-0.027,35.72,78.55,2.17,0.916,87.81,0
66.05,6.36,-0.017,45.42,78.29,4.31,0.889,74.69,1
54.76,7.79,-0.051,45.5,67.91,3.36,0.661,42.32,0
91.3,5.17,0.051,25.65,84.89,4.16,0.701,90.86,1
146.62,26.63,0.251,21.11,88.46,8.31,0.983,181.18,1
79.19,16.79,0.169,30.13,78.93,5.58,0.774,91.95,1
82.97,12.85,0.109,29.56,96.86,3.33,0.756,97.19,1
47.69,3.73,0.015,41.19,50.93,2.1,0.546,46.71,0
69.3,5.95,0.057,45.49,68.54,4.46,0.853,69.73,0
50.18,3.71,0.019,32.2,58.54,2.48,0.521,47.1,0
73.72,13.61,0.141,38.4,73.21,6.2,0.766,77.99,1
124.81,20.68,0.199,24.87,65.75,4.88,0.97,106.47,1
89.16,13.54,0.166,26.8,94.99,3.48,0.78,81.27,1
55.35,2.62,-0.082,27.91,56.7,2.06,0.416,53.09,0
88.82,5.13,0.078,23.87,55.14,3.35,0.665,89.2,0
108.85,16.44,0.234,27.52,79.96,6.55,0.842,116.3,1
85.87,7.29,0.022,40.34,70.74,2.31,0.959,87.78,1
65.27,15.05,0.21,41.45,73.86,11.36,0.825,42.83,1
84.01,13.48,0.218,25.73,82.54,8.31,0.694,90.63,1
107.68,10.4,0.209,31.11,75.32,5.79,0.891,120.28,1
83.87,5.22,0.02,34.72,55.49,2.85,0.773,75.87,0
76.97,7.28,-0.08,38.62,73.4,1.24,0.802,80.0,0
58.67,1.15,-0.121,25.07,53.93,2.04,0.443,56.38,0
72.31,5.9,-0.033,32.65,56.09,1.5,0.637,57.5,0
71.22,4.46,0.044,40.65,66.19,4.18,0.831,71.82,0
84.61,10.47,0.138,33.3,88.92,5.27,0.757,80.16,1
105.11,9.78,0.103,25.18,95.9,5.44,0.806,102.6,1
42.21,4.8,-0.127,30.41,63.29,0.76,0.395,33.41,0
67.56,5.98,-0.041,35.2,58.98,2.81,0.709,64.81,0
67.75,5.96,-0.078,33.27,70.8,1.97,0.634,74.19,0
53.9,7.11,0.078,46.88,65.11,2.44,0.682,45.27,0
72.06,10.12,0.186,31.27,80.15,8.03,0.693,94.56,1
47.64,4.59,-0.056,38.72,58.21,1.93,0.547,46.54,0
82.07,7.15,-0.003,33.94,66.26,4.51,0.852,88.89,1
65.57,7.6,0.002,32.77,70.99,1.92,0.621,50.96,0
115.79,14.75,0.118,28.17,84.95,4.61,0.886,119.22,1
97.46,14.67,0.107,25.27,76.68,7.02,0.797,88.05,1
68.27,6.14,0.034,34.89,58.33,2.52,0.63,69.03,1
74.24,6.57,0.015,39.94,78.16,2.89,0.831,93.21,0
67.43,13.9,0.059,40.85,94.77,4.39,0.834,59.8,1
174.01,18.9,0.292,15.79,87.4,7.66,0.897,171.41,1
89.45,6.81,-0.099,26.55,68.4,2.32,0.649,85.7,0
135.24,20.5,0.207,21.36,69.6,4.49,0.933,112.81,1
148.04,14.68,0.179,21.31,77.28,6.39,0.873,192.58,1
157.21,24.63,0.239,21.31,69.39,4.79,0.887,123.18,1
117.22,11.86,0.197,27.62,82.33,6.79,0.884,115.74,1
103.38,12.04,0.193,28.55,73.96,4.69,0.892,97.98,1
91.16,4.83,-0.03,30.92,74.81,3.0,0.848,90.98,0
111.24,18.01,0.195,26.79,85.6,10.39,0.796,86.27,1
80.51,8.98,0.089,38.9,77.92,3.12,0.922,102.85,1
104.83,12.86,0.129,23.66,82.63,2.96,0.713,118.01,0
87.79,5.76,-0.026,37.08,72.81,4.29,0.939,87.66,0
69.84,5.57,0.08,41.56,92.78,4.71,0.772,71.37,1
87.5,15.76,0.069,37.78,79.34,11.05,0.88,110.74,1
49.54,1.41,-0.065,34.23,61.42,0.69,0.499,48.73,0
68.04,17.94,0.097,41.8,82.52,8.5,0.872,64.75,1
69.41,8.08,0.084,50.21,79.19,4.73,0.926,63.79,1
103.54,11.19,0.219,25.78,75.27,7.7,0.755,116.92,1
64.37,9.72,-0.006,44.98,65.78,2.86,0.861,47.98,0
51.63,4.5,0.04,46.67,60.82,2.05,0.697,48.1,0
125.11,20.2,0.278,23.12,68.37,3.72,0.855,129.98,1
87.16,3.06,-0.034,30.94,58.09,1.42,0.767,84.33,0
60.55,17.42,0.061,40.63,83.32,7.71,0.785,67.91,1
88.23,5.19,0.057,38.37,81.96,3.37,0.919,87.71,0
77.86,9.39,-0.036,35.58,79.45,4.87,0.845,58.18,1
50.41,3.13,-0.09,54.17,60.58,1.6,0.731,53.83,0
76.07,14.74,0.232,35.04,71.65,5.8,0.778,129.05,1
88.0,3.27,0.037,25.02,62.47,1.45,0.651,92.86,0
55.11,1.39,-0.125,29.17,49.77,2.05,0.443,53.1,0
70.29,4.31,0.018,36.85,74.42,3.91,0.698,76.74,0
44.0,2.47,-0.009,44.27,59.97,1.13,0.532,39.57,0
168.94,20.52,0.248,18.7,91.26,7.19,0.931,220.0,1
155.04,21.9,0.277,20.99,96.8,8.94,0.914,161.56,1
72.58,3.42,-0.034,31.21,65.52,2.74,0.634,75.74,0
104.52,9.68,0.057,25.76,95.55,3.01,0.767,93.03,1
69.74,6.3,-0.058,29.14,68.69,2.71,0.662,85.84,0
95.16,11.2,0.033,30.91,90.35,3.22,0.85,105.93,1
100.82,10.93,0.07,26.2,85.23,7.38,0.851,104.46,1
145.59,21.39,0.132,21.19,70.58,4.04,0.937,184.23,1
79.95,5.79,0.083,33.57,78.55,4.75,0.828,82.25,1
70.91,18.37,0.145,32.14,86.03,8.25,0.689,104.03,1
64.13,3.72,-0.001,40.54,72.2,2.56,0.738,69.55,0
132.45,27.52,0.199,25.23,97.4,10.89,0.95,151.83,1
55.3,3.44,-0.048,23.58,55.99,1.17,0.387,55.27,0
103.11,9.49,0.083,29.58,73.48,5.18,0.817,93.31,1
73.07,11.18,0.125,35.45,85.4,2.6,0.797,91.78,1
85.57,12.88,0.157,32.7,94.74,5.98,0.783,95.53,1
43.45,1.04,0.017,36.39,61.36,2.14,0.473,44.11,0
137.06,19.02,0.14,20.89,75.87,3.48,0.865,153.27,1
84.88,5.89,-0.026,31.47,55.42,2.05,0.819,78.06,0
87.81,10.31,0.125,31.82,76.6,5.06,0.794,73.62,1
82.4,5.36,-0.072,26.46,70.94,3.17,0.637,81.35,0
62.24,5.3,0.015,39.4,66.12,1.97,0.793,65.63,0
66.42,6.89,0.055,43.87,76.37,4.03,0.863,58.83,1
95.89,8.15,0.004,34.25,77.55,4.77,0.933,81.07,1
76.17,3.65,0.048,30.72,67.61,2.6,0.681,71.79,0
79.52,6.13,-0.055,24.63,71.8,3.68,0.616,70.23,0
97.5,5.23,-0.025,28.99,77.41,5.11,0.845,90.88,1
67.48,14.61,0.086,38.63,85.95,10.85,0.693,36.58,1
148.49,14.35,0.144,18.77,84.03,5.92,0.883,147.32,1
37.32,4.37,-0.02,48.47,51.33,1.51,0.518,30.49,0
67.75,4.0,0.051,35.67,63.34,2.34,0.656,69.03,0
53.94,1.23,-0.167,32.83,55.27,1.12,0.488,50.75,0
40.4,3.94,-0.108,31.2,62.92,2.39,0.36,30.0,0
101.29,6.21,0.063,23.15,97.37,4.29,0.765,100.54,1
86.17,8.33,0.1,35.12,79.83,5.12,0.844,72.52,1
56.53,3.61,0.051,40.16,63.64,3.85,0.675,56.11,0
71.89,5.04,0.039,35.29,56.73,3.44,0.805,60.6,1
37.01,4.82,-0.082,35.6,57.69,1.1,0.388,40.84,0
60.17,9.78,0.066,41.84,87.02,11.18,0.699,65.25,1
158.94,26.87,0.159,19.11,86.03,11.0,0.893,111.61,1
51.21,4.55,-0.114,33.53,53.64,2.11,0.505,49.04,0
63.58,5.1,-0.084,40.03,74.16,2.54,0.791,58.39,0
122.62,12.5,0.26,28.02,81.58,4.76,0.954,157.64,1
139.06,16.87,0.252,25.35,82.99,6.1,0.98,163.22,1
79.72,5.09,0.065,38.76,70.8,4.74,0.949,83.48,1
58.57,3.73,-0.066,34.51,61.82,2.3,0.545,52.67,0
54.03,1.19,-0.137,35.24,50.63,2.04,0.573,49.07,0
103.13,8.74,0.129,24.66,82.57,5.75,0.822,97.43,1
72.47,5.49,-0.026,29.49,72.58,3.45,0.608,71.8,0
49.31,3.78,-0.151,41.36,52.84,1.85,0.583,50.25,0
84.8,15.49,0.182,29.57,75.04,6.85,0.763,94.29,1
47.06,2.95,-0.056,40.84,50.95,1.56,0.571,47.61,0
60.45,8.59,0.175,39.31,83.02,10.66,0.733,61.57,1
57.68,3.73,-0.064,34.97,72.37,3.36,0.659,52.15,0
36.56,4.04,-0.087,49.11,55.23,0.73,0.5,36.88,0
111.02,8.41,0.144,27.08,78.29,5.81,0.845,112.95,1
72.26,6.5,0.007,33.0,67.48,3.02,0.685,75.51,0
139.23,22.08,0.283,22.21,94.26,10.35,0.976,118.76,1
92.69,5.75,0.065,34.93,80.17,4.64,0.934,93.28,1
73.93,4.6,-0.068,27.03,58.64,3.82,0.629,68.0,0
108.89,8.67,0.086,26.24,95.06,3.26,0.781,116.71,1
76.28,4.1,-0.088,31.85,59.38,3.69,0.77,82.05,0
142.89,16.11,0.258,23.06,75.2,5.41,0.95,165.95,1
87.87,7.48,-0.058,28.05,74.63,1.86,0.658,82.79,0
73.43,6.86,0.075,36.76,70.28,5.22,0.866,76.13,0
48.79,3.02,-0.169,25.95,54.49,0.85,0.372,51.12,0
81.86,6.28,-0.031,33.47,72.13,5.23,0.855,88.0,0
82.73,16.52,0.17,34.74,73.44,6.58,0.873,89.33,1
109.43,15.95,0.073,23.94,86.41,8.94,0.703,88.58,1
79.45,7.97,0.057,28.08,70.16,2.52,0.691,75.2,0
54.46,3.89,-0.01,48.1,66.55,2.34,0.81,47.63,0
70.77,15.56,0.194,33.3,79.91,10.03,0.76,98.96,1
144.23,12.69,0.143,20.05,70.43,6.26,0.938,134.22,1
39.76,2.13,0.005,50.44,63.03,1.44,0.549,39.09,0
99.78,9.11,0.096,31.72,78.2,5.3,0.941,113.38,1
81.33,4.06,0.032,31.9,69.33,3.58,0.773,80.69,0
117.3,20.37,0.201,26.69,69.87,4.38,0.876,121.91,1
50.24,1.28,-0.028,31.26,59.42,0.83,0.416,49.96,0
71.65,3.43,-0.095,33.84,71.04,1.32,0.68,68.48,0
96.05,10.45,0.063,31.91,75.41,7.06,0.863,95.69,1
36.26,4.97,-0.09,61.51,54.56,1.26,0.6,30.0,0
73.18,6.59,-0.038,44.94,66.45,4.7,0.954,72.85,0
87.46,6.63,-0.014,34.78,75.34,4.54,0.915,87.97,1
89.48,3.34,-0.086,32.33,67.95,2.11,0.802,86.2,0
76.04,4.22,-0.079,31.57,64.52,1.34,0.65,74.26,0
82.4,5.76,0.053,35.53,75.44,2.71,0.933,80.72,1
50.8,6.21,-0.072,58.94,72.39,2.9,0.818,53.37,0
93.53,15.88,0.19,30.24,84.13,6.94,0.755,85.97,1
71.38,9.34,0.075,33.33,79.91,9.92,0.724,90.45,1
90.18,11.44,0.168,33.13,82.4,6.8,0.878,96.84,1
88.04,3.27,-0.048,23.27,70.35,2.67,0.649,93.12,0
42.14,3.09,0.019,34.37,50.67,1.54,0.441,37.9,0
77.58,7.57,-0.064,31.62,73.99,2.25,0.781,98.73,0
82.88,6.51,-0.062,30.1,66.56,1.68,0.698,87.04,0
82.69,7.45,0.043,38.03,77.9,4.32,0.858,86.58,1
99.59,11.39,0.046,29.73,87.88,5.88,0.884,108.92,1
37.24,4.52,-0.061,39.63,63.52,1.87,0.468,39.46,0
47.99,3.55,-0.0,27.59,61.5,2.12,0.42,48.19,0
81.58,5.77,0.046,28.22,68.07,1.28,0.737,80.53,1
97.63,12.63,0.107,29.67,91.83,2.87,0.818,136.84,1
72.53,6.82,-0.043,31.7,62.83,3.33,0.682,67.47,0
78.85,17.83,0.164,33.34,79.39,6.46,0.769,59.61,1
64.72,3.81,-0.03,38.26,63.85,2.86,0.724,66.26,0
125.89,13.86,0.145,24.9,79.15,6.28,0.876,105.97,1
145.55,19.87,0.108,22.81,66.6,5.01,0.968,172.19,1
83.48,7.57,0.069,29.64,68.58,1.45,0.725,83.92,0
52.78,4.0,-0.023,40.65,62.85,2.13,0.652,56.83,0
63.65,9.3,0.054,52.07,75.31,3.39,0.907,67.33,0
59.44,7.56,0.02,36.22,63.31,3.13,0.681,54.75,0
104.75,5.05,0.177,23.6,93.87,2.64,0.734,104.49,1
84.38,10.94,0.135,28.87,84.13,7.12,0.781,89.57,1
83.09,13.88,0.157,31.86,96.22,5.32,0.812,77.44,1
72.49,15.1,0.149,37.2,73.41,10.46,0.8,59.63,1
68.9,7.98,-0.049,31.41,68.53,3.67,0.687,71.31,0
66.92,4.43,0.022,34.07,62.69,3.71,0.654,68.42,0
69.27,8.3,0.12,39.15,92.57,5.17,0.796,71.13,1
62.02,3.92,-0.044,34.99,56.03,1.56,0.693,60.65,0
67.08,9.81,0.073,41.29,83.64,5.74,0.887,52.29,1
83.07,3.31,0.071,26.48,59.82,2.5,0.61,87.09,0
58.78,2.71,-0.029,27.93,57.71,1.91,0.532,62.89,0
151.34,27.23,0.275,19.85,82.47,8.17,0.975,147.24,1
89.31,4.18,-0.034,23.15,55.8,1.93,0.66,90.68,0
161.42,24.9,0.218,18.8,97.26,11.62,0.969,163.02,1
169.58,18.15,0.21,16.99,92.83,9.87,0.918,167.05,1
60.12,12.39,0.138,42.55,72.72,11.47,0.694,84.39,1
71.0,10.8,0.081,37.44,89.53,2.67,0.809,72.2,1
115.37,17.96,0.241,25.9,68.26,6.42,0.918,97.03,1
153.28,22.58,0.176,22.4,70.3,4.16,0.912,153.84,1
61.02,3.54,0.078,47.15,66.04,3.14,0.8,63.17,0
68.15,9.61,0.029,40.5,71.75,4.11,0.833,76.62,0
108.59,14.43,0.167,27.27,75.73,4.67,0.793,118.11,1
96.29,4.93,0.073,34.14,81.58,3.62,0.918,93.2,1
61.87,4.73,-0.006,52.03,77.38,4.51,0.856,61.94,0
62.42,7.69,0.01,36.16,68.36,3.17,0.709,70.33,0
119.88,17.12,0.196,26.56,84.08,7.37,0.871,142.99,1
148.37,13.45,0.249,19.69,76.28,4.62,0.883,166.59,1
80.77,5.62,0.02,34.82,62.95,2.74,0.817,78.21,0
156.8,16.57,0.278,19.1,67.18,3.77,0.89,167.21,1
81.93,10.62,0.154,36.91,93.62,5.83,0.868,112.76,1
60.42,10.78,0.106,42.17,86.29,10.69,0.789,89.93,1
119.38,8.31,0.159,23.53,84.61,4.82,0.918,125.13,1
92.27,18.27,0.105,33.63,75.99,9.55,0.867,66.45,1
46.75,4.34,-0.16,40.56,59.51,1.66,0.508,36.61,0
93.11,15.25,0.152,27.36,72.44,10.97,0.824,119.48,1
40.2,1.16,-0.152,32.29,63.0,2.23,0.418,39.33,0
124.46,23.56,0.143,26.44,70.14,5.96,0.979,115.87,1
160.38,19.72,0.241,18.89,88.52,9.46,0.903,150.97,1
57.92,5.31,0.025,45.67,70.79,1.65,0.812,53.54,0
58.55,4.15,-0.046,34.63,60.56,3.13,0.628,54.46,0
69.45,7.88,0.135,43.1,71.06,9.21,0.848,81.37,1
84.66,3.29,-0.035,28.15,74.05,3.45,0.748,84.9,1
123.96,21.93,0.185,27.32,77.18,3.41,0.921,125.08,1
50.67,3.64,-0.142,24.69,48.35,2.33,0.378,52.72,0
37.15,2.86,-0.165,34.76,56.31,1.57,0.371,38.29,0
149.48,24.01,0.196,20.07,87.47,8.58,0.929,187.99,1
68.53,10.06,0.106,41.42,97.61,4.45,0.767,54.8,0
113.6,18.51,0.13,19.94,74.01,10.53,0.729,122.8,1
75.52,6.2,-0.067,34.07,69.11,2.18,0.755,74.84,0
92.82,9.13,0.044,34.64,90.5,3.68,0.9,107.6,1
101.04,10.33,0.229,24.81,78.3,5.41,0.762,111.71,1
107.97,12.15,0.24,23.36,77.03,7.23,0.809,127.73,1
69.9,14.94,0.175,39.67,89.75,4.27,0.854,40.51,1
71.8,12.53,0.162,39.97,76.78,6.95,0.863,48.0,1
76.39,7.43,-0.02,42.53,76.66,3.44,0.875,66.5,0
69.5,6.82,0.016,35.92,70.0,1.37,0.795,72.72,0
95.74,10.1,0.15,30.87,80.38,8.58,0.838,104.09,1
77.88,5.57,-0.05,37.05,65.21,1.37,0.775,72.17,0
99.55,10.85,0.09,31.63,94.4,4.37,0.892,90.02,1
60.93,4.47,0.033,34.55,70.55,2.67,0.631,58.24,0
85.02,13.13,0.134,34.83,80.56,6.0,0.823,101.36,1
74.08,14.95,0.096,43.02,92.84,4.48,0.844,86.51,1
58.69,5.11,-0.077,40.35,69.26,1.21,0.64,51.63,0
43.28,1.51,0.004,40.19,53.72,0.73,0.528,47.04,0
39.62,4.15,-0.036,40.55,63.06,0.94,0.475,37.12,0
88.63,13.72,0.142,29.43,78.34,4.97,0.832,94.34,1
67.67,13.85,0.08,46.38,85.02,8.25,0.858,48.92,1
50.36,3.72,-0.163,28.1,48.09,1.2,0.429,47.62,0
93.36,6.99,0.025,27.46,95.21,3.9,0.763,107.57,1
69.2,3.46,-0.063,30.25,65.16,1.28,0.641,67.11,0
84.29,6.13,0.056,37.73,81.65,5.38,0.875,79.48,1
146.26,16.86,0.152,23.63,69.2,6.03,0.975,172.28,1
62.14,5.29,-0.074,47.43,74.36,3.25,0.803,59.37,0
73.23,7.39,-0.022,38.72,76.12,2.46,0.899,66.31,0
35.89,4.04,-0.114,38.13,61.23,0.87,0.406,35.9,0
48.85,1.63,-0.144,33.61,48.4,2.25,0.496,49.04,0
66.66,4.29,0.058,37.07,64.0,2.84,0.741,56.73,0
45.27,2.26,-0.164,29.38,50.96,1.08,0.359,40.57,0
100.56,17.58,0.138,27.99,80.24,5.81,0.818,141.59,1
90.63,8.01,0.094,32.25,72.17,2.13,0.953,108.16,1
64.93,4.45,0.006,43.71,75.62,2.67,0.827,62.2,0
86.42,3.93,0.047,26.52,61.59,1.44,0.72,93.56,0
84.51,6.03,-0.057,31.16,57.16,1.48,0.709,67.94,0
107.71,8.99,0.074,21.52,91.04,4.45,0.755,102.19,0
159.43,26.04,0.242,21.8,85.25,7.92,0.976,170.42,1
35.72,2.16,-0.154,54.3,56.56,0.99,0.539,31.87,0
147.52,18.8,0.15,20.42,83.67,3.21,0.926,170.02,1
102.56,10.06,0.117,32.37,80.86,7.24,0.908,87.86,1
90.11,9.22,0.187,33.56,75.23,5.2,0.81,103.98,1
96.72,7.35,-0.045,32.26,80.62,3.75,0.871,98.1,0
41.73,1.1,-0.064,46.31,64.83,2.21,0.559,41.99,0
35.5,4.81,-0.074,52.66,61.0,0.89,0.588,36.28,0
87.68,10.64,0.155,36.59,75.42,3.73,0.853,105.15,1
52.96,7.05,-0.069,46.57,68.24,3.75,0.749,49.55,0
115.45,23.24,0.16,24.96,74.72,3.58,0.88,77.43,1
78.01,6.31,0.066,45.37,66.72,4.88,0.949,73.57,0
52.17,4.99,-0.113,38.13,59.45,1.21,0.558,41.67,0
72.82,12.13,0.134,37.3,90.02,3.13,0.806,76.12,1
84.86,7.27,0.019,32.32,72.86,1.61,0.819,84.35,0
91.06,4.93,0.082,30.9,77.73,2.16,0.9,86.21,1
92.94,13.38,0.16,33.3,85.22,3.18,0.838,101.58,1
136.68,17.48,0.179,23.87,82.23,6.46,0.973,125.49,1
65.88,19.97,0.075,38.98,74.76,9.05,0.783,50.47,1
94.85,8.77,0.178,27.29,83.91,4.95,0.718,96.85,1
86.2,7.77,0.07,27.67,85.6,5.48,0.768,101.54,1
110.19,23.41,0.227,27.53,82.9,4.95,0.86,99.0,1
85.28,7.41,-0.026,28.52,60.15,3.34,0.652,81.13,0
41.91,1.75,-0.111,53.1,64.61,1.23,0.593,42.14,0
61.99,7.27,-0.062,47.08,62.07,1.75,0.782,62.83,0
66.87,3.41,0.003,36.15,64.67,2.97,0.687,71.09,0
108.23,11.55,0.074,23.57,89.63,3.41,0.766,111.41,1
101.39,13.83,0.153,26.11,81.7,6.45,0.858,106.37,1
106.56,15.2,0.097,26.58,81.39,5.74,0.776,105.36,1
48.08,4.43,-0.037,38.79,49.34,0.85,0.598,40.84,0
89.23,7.67,0.129,27.12,83.65,4.11,0.727,95.01,1
54.7,7.06,0.002,40.32,56.9,3.27,0.711,57.6,0
77.5,5.95,0.105,40.14,96.25,5.07,0.829,73.96,1
97.38,12.58,0.176,31.3,79.94,3.83,0.847,116.3,1
55.75,3.13,-0.007,44.98,55.7,2.64,0.728,55.94,0
40.26,4.18,-0.118,42.25,63.16,2.13,0.469,36.99,0
39.01,1.19,-0.059,38.94,63.45,1.26,0.453,39.89,0
74.76,19.24,0.142,35.14,79.46,10.36,0.848,80.5,1
149.96,18.81,0.181,18.44,79.83,3.52,0.865,125.55,1
77.47,11.2,0.165,36.32,74.24,5.48,0.836,92.56,1
55.57,1.12,-0.006,24.2,60.27,1.37,0.411,57.24,0
78.0,6.8,-0.041,43.95,79.4,3.39,0.949,81.88,1
79.1,12.3,0.103,36.68,82.9,5.88,0.792,71.48,1
75.93,14.45,0.194,40.89,74.84,9.54,0.867,96.89,1
40.66,2.63,-0.143,45.72,62.68,2.27,0.525,41.93,0
56.61,3.5,-0.097,38.01,62.2,2.28,0.58,49.44,0
82.72,13.6,0.111,27.87,92.17,4.15,0.708,64.86,1
79.24,4.08,0.077,32.84,70.8,1.5,0.765,71.84,0
87.82,4.35,-0.074,26.97,73.61,2.56,0.707,89.12,0
36.23,1.61,-0.153,35.42,53.14,1.04,0.371,33.51,0
73.09,6.43,0.091,39.8,71.6,2.9,0.842,80.91,0
135.76,23.11,0.241,24.12,69.91,5.69,0.87,156.66,1
146.93,18.22,0.28,18.87,93.25,7.16,0.902,196.65,1
77.12,15.64,0.102,39.67,73.24,6.51,0.841,67.44,1
62.64,5.16,0.084,52.94,73.1,2.59,0.878,70.88,1
45.76,2.75,-0.104,26.87,61.43,1.47,0.357,44.16,0
70.23,8.7,0.069,46.34,80.38,2.41,0.897,55.84,1
55.29,4.51,0.054,52.41,67.9,1.45,0.773,58.15,0
85.27,14.07,0.217,28.39,79.09,3.63,0.773,77.03,1
67.74,4.24,-0.024,33.37,70.1,1.42,0.617,69.71,0
76.5,5.08,0.056,27.94,60.29,1.58,0.641,80.49,0
35.4,4.78,0.014,54.87,56.53,1.02,0.581,41.55,0
74.57,4.89,0.027,38.97,59.19,2.33,0.775,70.63,0
35.89,2.33,-0.106,34.24,48.02,1.69,0.375,30.3,0
50.71,7.3,0.005,40.54,72.3,1.91,0.638,52.71,0
143.94,15.48,0.162,19.11,96.93,8.94,0.892,152.22,1
82.26,5.25,-0.015,34.58,77.95,2.0,0.843,82.64,0
73.84,4.17,0.019,40.55,69.21,4.68,0.9,69.98,0
147.47,19.53,0.256,22.63,68.71,6.29,0.921,147.04,1
160.19,28.72,0.23,19.69,86.6,8.44,0.955,220.0,1
71.93,10.85,0.109,39.38,75.83,6.56,0.828,53.93,1
106.89,8.18,0.217,22.27,73.35,8.27,0.775,109.13,1
56.66,4.68,-0.0,38.51,68.52,3.56,0.628,52.81,0
50.62,6.66,0.013,50.77,57.04,1.78,0.705,47.94,0
79.19,9.78,0.1,38.16,69.39,2.81,0.932,85.54,1
72.6,6.75,0.099,40.07,96.47,3.08,0.89,84.41,1
91.5,9.77,0.039,29.29,97.28,5.83,0.774,77.66,1
79.68,3.26,-0.06,28.43,62.71,3.58,0.601,80.85,0
51.69,3.98,-0.127,29.01,60.52,1.54,0.48,45.16,0
74.88,12.78,0.093,42.97,78.89,4.53,0.857,87.72,1
55.61,1.44,-0.03,24.97,60.75,2.12,0.438,56.52,0
86.17,8.8,0.085,29.22,68.07,4.81,0.769,91.99,0
69.97,11.51,0.179,46.98,86.05,5.19,0.88,64.01,1
68.76,9.88,0.029,47.32,87.73,5.85,0.9,80.65,1
82.62,8.54,0.09,31.11,84.94,11.4,0.815,92.16,1
119.91,19.12,0.18,24.57,77.37,5.01,0.892,110.6,1
87.55,5.68,0.046,39.21,77.39,3.46,0.954,84.57,1
96.73,9.34,0.151,26.01,97.0,4.51,0.759,111.19,1
90.97,11.48,0.105,27.8,73.47,5.33,0.762,93.61,1
55.79,4.06,-0.078,43.35,56.9,1.92,0.714,53.04,0
39.19,2.78,-0.111,49.62,61.51,2.49,0.565,39.04,0
65.98,5.78,-0.032,41.14,56.62,3.39,0.72,66.07,0
62.63,8.81,-0.014,45.93,76.79,2.15,0.848,71.31,0
106.01,9.26,0.14,29.67,80.33,5.88,0.908,107.96,1
81.9,14.61,0.181,29.14,87.46,7.7,0.706,86.26,1
65.27,4.25,0.077,33.43,63.29,2.5,0.694,64.77,0
44.83,2.35,-0.087,38.85,51.28,1.75,0.564,42.26,0
133.34,22.62,0.197,23.25,91.99,8.17,0.989,83.78,1
36.02,1.36,-0.044,51.89,50.66,1.36,0.564,33.35,0
98.13,8.37,0.093,31.26,74.99,4.56,0.859,105.0,1
71.07,17.98,0.238,40.03,77.24,4.76,0.77,54.0,1
61.35,5.75,-0.044,46.5,75.81,4.61,0.84,65.46,0
50.01,1.62,-0.117,33.8,54.2,1.26,0.528,50.13,0
46.74,1.46,-0.012,29.39,56.02,1.1,0.368,47.17,0
53.44,3.27,-0.046,30.88,50.51,1.95,0.483,50.78,0
77.1,13.89,0.158,31.73,72.09,6.03,0.789,82.44,1
77.37,7.14,-0.004,43.27,65.97,5.03,0.935,84.0,0
78.09,7.66,-0.015,33.28,65.61,1.38,0.7,76.88,0
103.39,14.18,0.237,30.91,70.78,6.5,0.919,115.13,1
106.76,16.06,0.115,25.78,79.57,7.75,0.813,108.42,1
40.31,3.0,-0.036,30.59,61.01,0.64,0.359,45.01,0
90.44,6.5,-0.04,32.74,73.69,3.17,0.917,92.94,1
70.39,7.95,0.093,42.07,91.32,3.77,0.796,46.14,1
51.93,6.0,0.009,51.68,72.75,3.34,0.728,51.03,0
52.38,4.59,-0.043,47.43,63.97,3.38,0.745,47.54,0
79.12,9.98,0.117,29.27,80.17,5.1,0.753,69.94,1
128.5,23.77,0.192,24.4,75.8,6.85,0.978,161.37,1
114.28,17.73,0.144,20.03,76.56,6.93,0.697,94.41,1
82.94,11.89,0.222,30.61,73.2,4.54,0.776,68.97,1
107.42,9.2,0.038,24.12,84.95,3.26,0.794,100.41,1
54.99,6.61,0.043,39.69,68.78,2.29,0.687,65.09,0
72.05,14.54,0.206,38.72,69.75,3.5,0.896,39.44,1
96.96,8.59,0.075,33.75,73.95,3.04,0.892,94.6,1
63.17,6.69,-0.095,44.25,63.92,2.44,0.789,70.49,0
94.06,7.66,0.171,33.0,90.42,4.46,0.897,103.72,1
82.24,9.08,0.238,35.86,80.74,4.32,0.786,86.76,1
81.64,7.59,0.071,27.56,63.67,3.01,0.619,85.42,0
121.05,23.26,0.192,25.07,72.48,3.41,0.917,120.41,1
45.67,2.92,-0.032,34.55,54.91,2.32,0.438,46.46,0
61.13,6.27,0.025,38.14,60.11,2.31,0.662,69.69,0
42.33,3.22,-0.0,31.36,64.42,1.5,0.424,41.71,0
74.23,17.97,0.175,37.57,80.61,8.68,0.857,68.24,1
91.24,11.18,0.083,34.1,92.24,5.43,0.887,108.08,1
59.21,5.98,-0.028,33.58,63.26,2.07,0.633,52.36,0
102.07,9.99,0.075,27.1,94.07,2.56,0.801,115.29,1
72.24,3.69,-0.03,31.7,55.92,3.68,0.737,71.41,0
61.68,7.03,0.166,40.08,71.85,10.78,0.771,56.72,1
97.07,8.55,0.059,28.39,73.89,4.01,0.826,92.81,0
72.87,9.11,-0.047,39.88,71.7,4.33,0.908,77.27,1
159.0,24.67,0.145,19.59,76.81,4.68,0.863,118.5,1
71.12,5.55,0.016,32.23,68.54,2.57,0.628,68.63,0
58.76,3.21,0.006,27.78,63.75,1.2,0.522,55.91,0
110.11,16.04,0.185,27.0,83.55,4.21,0.849,138.42,1
162.99,28.64,0.157,18.39,83.02,7.18,0.922,157.55,1
59.78,5.1,-0.075,43.39,73.4,3.29,0.707,55.54,0
52.72,4.02,-0.139,37.76,55.78,0.63,0.565,55.92,0
77.07,5.76,-0.062,33.47,63.0,3.93,0.706,71.16,0
73.24,6.28,0.024,38.99,75.08,3.25,0.824,77.91,0
50.36,4.61,0.038,51.84,70.78,3.16,0.71,54.92,0
95.59,9.57,0.041,28.05,89.06,5.22,0.799,97.28,1
144.35,16.26,0.157,22.98,86.59,9.67,0.928,147.39,1
94.48,6.73,0.028,29.62,71.63,2.39,0.888,90.38,1
57.16,6.96,-0.05,50.62,71.2,3.12,0.809,56.9,0
97.64,4.23,-0.006,28.85,74.69,2.41,0.827,94.52,1
53.0,1.66,-0.029,25.03,50.54,1.13,0.365,51.6,0
114.79,23.02,0.217,23.59,76.15,6.49,0.871,133.42,1
63.35,5.64,0.048,46.2,78.88,4.63,0.845,44.1,1
89.82,7.32,-0.018,28.26,56.92,3.79,0.692,84.01,0
78.95,12.53,0.142,34.27,91.82,3.39,0.746,88.53,1
73.04,4.22,-0.031,41.92,69.08,4.21,0.912,67.77,0
104.64,12.93,0.132,26.61,73.8,6.04,0.775,114.45,1
39.48,1.89,-0.074,33.88,59.25,2.42,0.422,35.84,0
91.38,19.0,0.08,29.2,72.23,9.71,0.753,104.77,1
147.31,12.47,0.272,21.82,67.43,6.76,0.879,182.9,1
108.24,9.05,0.217,25.23,80.44,7.41,0.854,130.49,1
149.51,15.77,0.167,20.91,85.42,7.66,0.946,153.39,1
58.04,3.12,-0.073,49.3,55.24,3.37,0.794,51.33,0
95.12,6.85,-0.024,31.62,68.31,3.32,0.88,97.18,1
88.0,14.57,0.239,31.65,74.05,6.45,0.809,115.42,1
114.55,13.91,0.111,23.52,76.57,5.23,0.829,111.88,1
78.89,6.68,-0.019,40.17,80.05,4.66,0.946,89.89,1
74.32,6.0,-0.078,32.72,73.04,1.44,0.736,66.65,0
47.73,3.74,-0.162,36.67,48.69,2.23,0.568,46.22,0
84.41,7.91,-0.079,27.02,56.54,1.64,0.716,78.6,0
52.54,7.46,-0.077,53.12,67.51,1.76,0.738,57.35,0
107.67,14.49,0.14,23.14,83.93,4.49,0.751,105.83,1
83.24,6.72,-0.05,22.61,59.75,2.79,0.604,92.59,0
39.23,3.39,-0.059,40.12,64.21,0.81,0.469,42.87,0
114.15,11.86,0.152,25.63,79.31,3.59,0.864,133.34,1
97.79,14.51,0.191,26.24,72.19,4.98,0.793,75.86,1
144.14,19.84,0.139,21.51,74.21,3.51,0.965,98.44,1
112.56,12.95,0.236,22.3,79.37,7.04,0.767,125.08,1
55.43,5.28,0.073,41.2,67.88,3.08,0.739,51.85,0
77.37,17.68,0.162,41.39,73.1,8.49,0.879,78.43,1
68.63,4.92,0.014,46.85,81.66,3.6,0.874,63.03,0
37.37,4.5,-0.122,39.38,53.51,0.98,0.436,40.14,0
91.41,12.09,0.236,31.63,68.52,4.21,0.808,104.26,1
144.72,14.53,0.122,22.15,78.31,3.66,0.918,149.12,1
84.6,6.64,0.02,28.23,57.08,1.77,0.774,90.32,0
77.66,6.23,-0.0,27.92,63.4,3.77,0.707,69.08,0
36.34,2.97,-0.114,45.93,64.96,2.07,0.452,30.0,0
80.72,7.04,-0.001,31.8,74.35,2.52,0.797,75.11,1
80.68,9.94,-0.006,39.14,76.8,2.75,0.906,90.55,1
105.74,16.26,0.114,22.8,82.46,5.05,0.756,99.46,1
37.3,3.07,-0.15,48.92,60.36,1.62,0.492,34.22,0
118.16,23.39,0.268,28.08,71.11,4.12,0.902,89.26,1
97.53,18.45,0.07,26.51,82.17,10.99,0.775,111.57,1
72.38,12.8,0.158,35.59,74.71,6.39,0.775,71.57,1
77.03,17.16,0.218,39.47,85.23,11.2,0.836,107.57,1
57.5,3.73,-0.028,22.31,63.52,1.45,0.404,61.7,0
91.99,6.14,-0.022,32.44,65.59,2.32,0.856,90.42,0
101.3,16.1,0.141,27.35,73.96,6.07,0.861,125.13,1
113.78,7.99,0.136,21.26,80.82,8.64,0.737,109.55,1
103.06,9.89,0.181,27.92,71.3,7.33,0.777,99.91,1
74.11,3.92,0.027,34.48,61.61,2.76,0.781,73.81,0
147.57,17.96,0.173,21.29,74.18,4.27,0.898,134.97,1
36.59,4.23,-0.145,50.78,55.65,2.07,0.508,36.86,0
119.5,13.61,0.267,24.78,69.56,3.52,0.871,107.76,1
171.38,18.7,0.231,18.69,86.38,9.75,0.925,198.06,1
52.13,3.43,0.078,49.31,71.08,2.89,0.764,52.07,0
93.32,5.93,0.141,27.45,97.31,4.73,0.808,91.19,1
53.64,3.01,-0.106,35.54,63.99,2.41,0.592,51.39,0
89.14,9.67,0.036,34.01,78.9,5.08,0.85,79.35,0
84.97,6.9,0.05,31.93,67.31,3.27,0.836,80.98,0
100.97,11.68,0.196,31.63,71.18,7.18,0.881,115.44,1
123.29,17.48,0.115,22.91,75.13,5.46,0.909,130.5,1
66.46,9.2,0.05,39.64,92.7,3.64,0.852,73.7,1
99.61,5.96,0.07,32.09,65.82,5.21,0.941,94.32,1
113.03,14.0,0.09,24.65,74.38,10.91,0.875,100.11,1
173.74,17.59,0.211,18.3,98.57,8.46,0.95,214.39,1
46.54,2.01,-0.017,25.92,59.98,1.61,0.373,49.32,0
150.04,16.71,0.156,22.55,86.28,11.47,0.966,152.61,1
45.91,3.26,-0.089,43.82,55.79,0.8,0.576,49.33,0
111.33,12.76,0.11,26.28,86.2,11.4,0.778,122.96,1
59.19,5.48,-0.053,38.49,55.63,1.65,0.681,49.02,0
40.76,4.0,-0.121,41.09,54.27,2.12,0.527,34.28,0
66.3,8.08,0.087,39.84,66.25,5.27,0.84,69.4,0
110.15,11.43,0.242,26.49,69.23,6.31,0.847,113.88,1
72.9,7.97,-0.073,36.35,64.17,1.96,0.744,79.89,0
56.97,3.25,-0.115,29.27,54.11,1.13,0.482,56.3,0
102.9,13.91,0.242,27.18,74.33,6.17,0.801,119.05,1
153.31,15.69,0.118,18.46,68.53,3.95,0.877,146.44,1
69.19,4.6,0.001,32.72,71.29,3.86,0.676,67.62,0
75.8,5.59,-0.056,35.97,57.63,1.84,0.769,69.72,0
67.89,8.07,0.097,46.4,67.72,3.82,0.936,64.09,1
43.84,2.15,-0.009,36.16,61.88,2.49,0.432,41.06,0
79.04,16.25,0.141,38.32,72.76,9.69,0.837,78.53,1
86.21,11.03,0.103,25.88,84.63,11.04,0.715,81.81,1
77.74,10.28,0.167,36.04,69.21,6.05,0.884,65.46,1
74.01,4.16,0.039,34.27,66.43,3.51,0.742,74.56,1
74.84,15.07,0.213,36.69,81.33,11.17,0.8,52.58,1
92.67,9.71,0.118,30.89,73.44,4.04,0.786,97.23,1
72.14,12.42,0.053,35.62,86.13,10.69,0.701,57.27,1
75.39,14.06,0.221,37.52,72.91,4.78,0.903,75.35,1
102.59,10.58,0.132,25.87,83.54,6.76,0.866,108.57,1
106.02,9.57,0.228,27.09,83.14,4.86,0.881,127.14,1
66.07,9.58,-0.023,46.86,68.28,4.7,0.837,68.69,0
174.72,15.96,0.28,16.36,88.65,7.61,0.927,205.65,1
72.67,5.05,0.023,43.07,67.34,5.07,0.841,73.39,0
108.55,16.36,0.192,27.22,70.66,4.45,0.806,114.66,1
77.84,5.28,-0.095,28.54,69.58,2.63,0.659,81.75,0
118.32,17.01,0.085,24.58,73.6,5.54,0.832,87.48,1
80.0,15.82,0.161,40.84,68.43,4.26,0.919,96.87,1
88.88,5.08,-0.025,32.21,65.77,2.19,0.8,98.79,0
50.49,2.23,-0.12,28.38,49.22,2.39,0.449,49.52,0
106.21,15.37,0.144,30.82,77.25,5.25,0.898,88.41,1
73.4,18.18,0.142,41.66,73.63,11.18,0.86,49.27,1
98.25,6.66,0.025,34.23,69.84,3.02,0.929,113.75,0
55.14,7.11,0.013,47.43,59.58,3.4,0.719,34.76,0
76.08,12.54,0.122,30.23,94.71,5.59,0.741,72.92,1
54.31,4.41,0.018,23.58,54.31,2.44,0.409,59.7,0
84.26,5.98,0.089,33.11,76.04,3.74,0.858,110.01,1
57.55,7.78,0.001,45.51,70.66,1.43,0.733,62.36,0
55.65,7.16,0.023,45.67,62.18,1.62,0.685,49.97,0
54.74,5.36,-0.057,52.99,66.72,1.62,0.819,41.89,0
53.68,4.14,-0.0,44.94,72.56,3.42,0.766,51.81,0
54.34,3.33,-0.086,31.21,48.14,0.73,0.493,53.33,0
64.17,7.54,0.071,45.35,72.98,3.96,0.816,54.02,0
98.42,7.85,0.071,29.38,76.6,5.26,0.838,100.95,1
88.28,8.62,0.029,31.36,80.75,4.71,0.85,74.81,1
82.47,4.74,-0.044,29.37,72.46,2.32,0.79,80.98,0
76.73,10.94,0.203,31.17,79.21,10.16,0.745,92.99,1
41.35,2.43,-0.049,45.34,57.29,0.85,0.554,41.91,0
93.5,8.65,0.059,33.6,77.8,4.19,0.946,95.76,1
37.52,2.84,0.005,44.86,51.14,1.83,0.496,41.01,0
59.59,3.26,-0.006,20.96,50.09,1.26,0.356,64.01,0
92.45,10.03,0.18,34.12,76.92,3.86,0.846,77.58,1
104.37,11.18,0.166,24.59,82.97,7.48,0.808,115.74,1
111.18,14.85,0.206,27.47,81.23,4.63,0.873,131.49,1
71.76,15.29,0.191,42.64,75.04,3.56,0.86,73.74,1
167.33,16.19,0.216,19.0,91.61,10.77,0.898,155.6,1
54.86,2.3,-0.176,28.42,52.19,2.2,0.493,50.2,0
45.87,2.01,-0.042,32.53,61.45,1.47,0.487,49.16,0
57.62,1.08,-0.048,26.75,52.75,1.03,0.422,54.91,0
64.92,3.34,-0.083,36.25,72.98,2.4,0.633,64.87,0
71.47,5.63,0.034,46.21,73.65,2.19,0.879,74.7,0
72.91,9.79,0.195,33.06,69.82,4.11,0.776,66.86,1
47.47,2.75,-0.085,39.21,51.93,0.86,0.504,42.72,0
141.7,12.79,0.273,22.05,68.03,6.88,0.94,154.08,1
61.22,7.24,0.185,43.0,86.54,8.63,0.714,56.44,1
66.71,5.65,-0.043,34.81,61.36,1.82,0.745,64.84,0
53.41,1.82,-0.12,40.1,58.87,2.35,0.576,50.26,0
52.54,7.78,-0.091,54.66,65.93,2.69,0.804,53.37,0
45.63,1.45,-0.022,27.95,60.35,1.6,0.382,46.79,0
50.32,4.09,0.008,30.15,64.1,2.43,0.416,52.24,0
61.56,7.45,0.062,55.16,74.7,4.78,0.952,69.14,1
61.23,3.77,0.035,38.6,59.89,3.0,0.651,66.27,0
58.46,4.26,0.015,47.48,65.79,1.23,0.782,59.8,0
166.61,18.87,0.158,17.28,80.8,9.0,0.937,157.51,1
70.03,6.14,0.152,31.9,93.02,5.35,0.708,63.2,1
119.77,20.34,0.157,26.7,81.72,3.55,0.912,124.99,1
59.0,1.88,-0.114,21.21,54.16,0.68,0.375,55.17,0
72.22,7.88,0.047,37.78,59.56,1.44,0.781,93.06,0
75.45,12.94,0.106,33.43,69.06,6.93,0.822,119.43,1
58.48,4.45,-0.029,37.39,48.91,1.82,0.596,59.12,0
44.85,2.74,0.003,34.51,49.59,2.38,0.485,41.58,0
105.17,14.71,0.16,26.94,93.9,4.95,0.835,91.63,1
106.56,14.26,0.179,25.34,81.17,6.49,0.861,93.11,1
74.52,5.58,0.031,36.2,77.96,2.37,0.829,79.04,0
84.71,8.28,0.069,32.55,74.88,3.08,0.851,88.27,1
67.7,7.51,0.069,49.5,72.29,3.31,0.943,62.65,0
42.43,3.13,-0.091,39.45,56.58,0.81,0.526,43.66,0
86.08,4.14,-0.091,30.25,68.68,2.88,0.761,98.27,0
50.9,5.06,0.041,49.93,72.51,3.01,0.704,54.44,0
55.11,3.76,-0.03,30.38,57.36,1.68,0.524,52.13,0
154.11,18.49,0.254,22.22,95.24,9.97,0.987,179.6,1
94.49,10.05,0.139,30.18,84.06,5.2,0.819,97.7,1
76.32,8.81,0.08,40.87,86.74,5.06,0.843,86.57,1
63.44,3.68,0.015,35.91,65.68,2.98,0.679,62.99,0
62.29,7.43,-0.075,31.89,73.71,1.79,0.627,67.19,0
71.41,3.23,0.012,36.37,67.81,2.0,0.7,74.8,0
58.63,2.6,-0.148,23.3,64.37,2.05,0.367,51.44,0
77.95,4.71,-0.078,35.87,64.79,2.31,0.804,74.59,0
95.08,8.3,0.073,25.37,81.22,7.44,0.782,89.98,1
108.13,5.27,0.02,26.19,85.56,4.51,0.765,118.33,1
96.37,5.14,0.023,33.69,70.64,4.59,0.91,96.17,1
76.84,4.53,-0.048,37.44,66.4,4.74,0.872,69.31,0
149.8,23.55,0.251,20.51,66.68,4.49,0.913,191.76,1
59.01,3.26,-0.052,29.92,57.66,1.74,0.546,58.37,0
83.95,5.06,-0.001,28.69,64.0,1.78,0.668,82.69,0
69.68,5.74,-0.093,35.51,59.05,2.27,0.737,57.42,0
106.76,12.56,0.154,27.46,80.93,9.3,0.803,105.56,1
166.57,20.84,0.245,19.84,81.72,9.3,0.891,204.82,1
56.31,5.27,-0.028,50.97,57.76,2.71,0.772,63.22,0
154.62,23.08,0.167,23.46,81.11,6.4,0.972,168.64,1
90.98,11.26,0.166,24.35,70.85,8.27,0.692,84.16,1
78.74,7.74,0.019,34.47,55.13,2.63,0.744,68.05,0
83.94,7.82,-0.05,28.37,61.77,1.38,0.646,89.28,0
97.17,7.8,0.065,34.43,71.42,4.21,0.914,76.77,1
163.84,22.02,0.202,21.63,89.0,8.23,0.958,145.59,1
54.52,3.09,-0.074,39.46,65.76,2.95,0.636,51.65,0
87.07,14.35,0.102,26.08,71.45,6.63,0.724,83.92,1
79.68,4.72,-0.095,28.05,65.72,2.4,0.712,82.33,1
82.76,8.81,0.045,34.25,91.59,2.8,0.851,95.11,1
96.14,6.71,-0.001,33.53,68.45,3.83,0.91,99.67,1
89.22,15.68,0.233,29.62,68.08,7.02,0.831,109.17,1
66.95,11.0,0.115,44.13,77.01,6.74,0.84,82.65,1
81.94,8.12,0.144,28.79,70.31,10.39,0.704,90.21,1
136.25,20.62,0.172,23.66,70.05,3.78,0.857,131.39,1
36.58,1.46,-0.017,53.44,48.53,2.33,0.586,39.15,0
74.61,6.02,0.143,37.75,95.32,3.29,0.794,79.39,1
51.39,1.66,-0.103,39.14,52.86,2.35,0.541,48.7,0
82.12,7.79,0.048,38.85,71.21,2.48,0.856,64.27,1
92.61,6.06,0.047,28.94,74.5,3.03,0.843,98.15,1
84.77,7.83,0.098,39.41,73.77,5.19,0.914,93.19,1
97.68,7.7,0.057,26.78,77.21,2.93,0.832,126.14,1
168.23,24.68,0.211,18.26,83.75,7.05,0.927,165.09,1
55.85,1.46,-0.162,32.13,60.67,0.7,0.576,50.66,0
95.82,8.7,0.136,25.21,97.48,4.93,0.781,105.94,1
55.67,3.01,-0.086,45.47,67.65,1.46,0.715,47.14,0
50.43,4.76,-0.012,39.63,64.42,1.44,0.586,50.59,0
56.03,6.36,-0.096,36.81,59.16,3.83,0.652,40.25,0
154.54,13.62,0.217,18.59,71.32,6.99,0.892,165.37,1
147.04,24.77,0.226,21.93,73.18,5.38,0.923,112.27,1
120.89,20.73,0.137,26.47,70.2,4.25,0.914,120.71,1
138.9,25.84,0.217,20.54,92.24,10.5,0.932,139.2,1
84.27,7.94,-0.078,28.8,55.05,1.34,0.743,86.76,0
67.83,5.19,-0.016,33.59,72.55,2.79,0.668,73.53,0
85.93,14.36,0.136,31.99,88.99,3.51,0.729,76.59,1
76.45,5.93,0.04,36.36,65.61,2.34,0.852,76.27,0
73.93,9.01,-0.009,38.07,78.27,5.04,0.824,84.0,1
50.36,7.62,0.056,54.04,60.55,1.29,0.72,44.61,0
108.1,11.39,0.083,24.78,84.78,6.33,0.859,97.45,1
115.61,11.3,0.205,24.25,70.18,6.22,0.764,116.64,1
58.06,5.09,0.011,46.07,67.56,1.47,0.775,57.97,0
91.0,4.85,0.096,31.22,70.95,2.75,0.87,87.3,1
98.88,12.29,0.113,29.24,69.06,6.84,0.888,65.81,1
98.53,15.96,0.248,30.76,77.41,5.36,0.802,101.91,1
82.36,4.99,-0.014,29.82,70.1,3.57,0.654,93.27,0
85.07,11.09,0.076,35.62,82.36,2.6,0.848,96.19,1
58.27,3.53,-0.035,35.61,54.15,0.81,0.556,57.18,0
58.69,7.46,0.028,31.66,57.15,3.95,0.602,65.45,0
75.54,14.13,0.081,34.99,76.35,7.85,0.726,46.56,1
85.65,8.4,0.088,37.33,69.92,5.4,0.872,87.45,0
64.74,4.73,0.057,45.72,72.6,2.8,0.79,64.01,0
93.33,6.22,0.108,26.76,86.54,2.94,0.753,104.8,1
94.07,14.0,0.132,30.66,76.86,6.05,0.885,104.45,1
107.43,9.08,0.115,24.23,73.88,8.47,0.703,122.41,1
90.07,8.3,0.14,27.2,87.92,4.6,0.704,79.85,1
86.85,17.32,0.246,30.75,78.96,4.47,0.803,101.87,1
91.69,7.01,0.077,35.65,75.69,2.12,0.908,93.04,1
38.96,4.91,-0.122,37.33,49.32,0.81,0.452,38.98,0
71.94,5.79,0.009,37.79,64.9,3.45,0.728,67.74,0
77.0,4.16,0.082,38.33,74.34,2.4,0.854,76.7,0
71.95,15.69,0.242,39.09,72.39,5.29,0.802,86.65,1
67.94,4.03,0.029,44.9,76.87,2.59,0.836,65.92,0
68.81,5.83,-0.066,30.67,67.63,1.92,0.632,56.57,0
54.89,4.76,-0.094,33.62,63.01,0.92,0.579,52.34,0
79.1,7.16,0.001,34.08,72.33,4.42,0.864,82.58,0
80.54,3.96,-0.084,30.46,74.13,3.49,0.708,79.8,0
71.43,12.14,0.15,43.53,91.79,4.3,0.887,76.73,1
41.44,3.54,-0.004,41.96,56.55,1.99,0.492,43.68,0
72.83,15.25,0.149,46.94,84.5,5.29,0.91,96.2,1
113.75,13.88,0.256,28.75,75.65,4.36,0.966,99.65,1
84.78,4.05,-0.047,33.17,73.71,1.46,0.773,77.84,0
90.23,8.37,-0.029,33.48,77.89,2.67,0.89,96.34,0
38.02,2.23,-0.136,40.82,50.4,1.33,0.476,37.57,0
74.75,17.53,0.207,42.91,76.12,4.21,0.855,100.95,1
70.39,14.92,0.166,46.13,74.47,5.57,0.903,65.32,1
60.26,7.74,0.069,58.29,72.5,2.98,0.954,58.09,1
93.78,7.75,-0.009,36.7,68.03,2.15,0.947,79.07,0
143.54,21.97,0.252,22.71,65.51,5.04,0.887,158.92,1
58.31,5.11,-0.054,37.35,72.97,1.58,0.603,49.32,0
58.53,3.63,-0.043,30.02,53.8,1.67,0.54,53.79,0
151.73,19.79,0.144,19.66,76.62,4.98,0.967,111.84,1
87.98,10.68,0.178,31.55,83.63,4.2,0.772,116.66,1
125.34,14.94,0.2,24.98,79.53,3.94,0.949,136.5,1
105.63,10.69,0.215,24.16,74.82,4.65,0.811,118.38,1
83.12,7.22,0.128,32.38,87.29,6.89,0.825,74.49,1
64.67,6.71,0.037,46.53,81.96,4.71,0.935,65.23,0
98.66,10.37,0.092,27.59,93.23,4.89,0.887,104.49,1
124.95,15.8,0.11,25.54,78.37,3.74,0.857,134.7,1
112.12,11.49,0.145,24.33,69.57,3.63,0.806,121.69,1
84.25,5.58,-0.068,28.87,73.41,1.25,0.751,90.7,0
60.62,3.5,-0.059,42.24,73.8,3.61,0.684,60.47,0
59.1,3.1,-0.085,42.62,58.65,1.84,0.756,53.06,0
76.29,5.35,0.07,30.86,58.98,2.7,0.696,75.33,0
58.64,7.57,-0.031,44.68,74.79,2.82,0.769,68.17,0
104.99,9.94,0.163,26.58,70.79,5.94,0.803,114.23,1
81.02,15.8,0.142,36.94,82.45,4.52,0.857,90.52,1
79.21,8.74,0.055,40.95,69.9,4.47,0.928,57.3,0
86.58,8.1,0.109,32.21,82.42,6.94,0.76,81.17,1
55.45,1.89,-0.082,35.28,60.92,0.6,0.577,55.95,0
51.36,2.45,-0.082,35.07,53.09,1.77,0.554,49.27,0
69.2,3.12,0.053,30.97,59.49,2.13,0.611,68.73,0
61.74,8.79,0.057,50.55,76.5,4.63,0.936,65.15,1
73.61,7.03,-0.069,33.43,69.81,2.69,0.693,66.23,0
59.65,6.99,0.035,32.68,68.95,2.66,0.618,50.67,0
89.58,4.52,-0.023,31.5,80.96,4.44,0.841,86.32,0
111.21,16.06,0.145,27.59,81.61,10.94,0.839,125.38,1
39.95,1.96,-0.167,33.33,53.84,0.65,0.405,37.97,0
70.44,8.07,0.105,47.17,75.98,7.43,0.898,77.04,1
105.06,6.28,0.096,28.3,84.38,4.51,0.899,113.57,1
92.33,16.86,0.164,31.97,84.25,11.35,0.786,90.55,1
149.47,18.34,0.129,18.05,69.63,4.36,0.856,150.58,1
48.09,1.51,-0.031,28.12,59.43,2.28,0.433,47.38,0
89.56,6.23,-0.09,24.41,72.72,2.87,0.669,91.71,0
148.49,15.73,0.205,20.51,68.62,3.65,0.959,158.65,1
67.77,4.62,0.076,48.42,67.57,4.47,0.935,64.22,0
82.53,15.31,0.134,34.8,68.38,7.13,0.797,71.45,1
86.28,14.43,0.067,35.5,86.88,3.6,0.835,75.72,0
68.66,8.58,0.142,33.45,92.75,5.61,0.72,81.35,0
153.11,12.67,0.22,23.19,73.9,3.81,0.953,158.15,1
146.78,21.45,0.23,19.66,83.87,10.26,0.939,141.92,1
65.95,9.78,0.107,37.91,90.83,4.31,0.755,72.3,1
69.63,6.93,-0.055,40.82,67.98,2.99,0.768,69.51,0
121.67,16.79,0.115,25.75,81.88,4.62,0.944,112.12,1
42.35,2.46,-0.076,41.29,51.55,1.63,0.469,41.47,0
51.08,6.4,0.012,56.84,67.91,2.95,0.803,56.19,0
135.97,17.7,0.114,24.31,70.6,5.9,0.888,105.67,1
59.23,3.37,0.08,46.17,72.73,1.6,0.752,59.3,0
56.46,4.48,-0.061,52.52,62.26,3.33,0.815,57.06,0
44.65,3.73,-0.158,33.58,64.44,0.92,0.449,44.29,0
141.58,23.09,0.105,23.24,82.65,3.06,0.95,174.24,1
73.94,4.3,0.013,45.26,80.62,4.17,0.91,72.82,1
108.66,13.87,0.058,27.91,87.8,4.14,0.824,104.01,1
79.43,4.19,-0.043,31.29,70.61,2.57,0.664,75.9,0
103.23,13.58,0.093,26.09,87.5,8.92,0.753,114.54,1
86.24,11.83,0.185,33.75,71.29,7.89,0.85,104.88,1
54.59,6.99,0.011,39.41,61.89,1.71,0.664,49.11,0
88.69,6.26,0.053,36.25,67.47,3.75,0.892,97.12,1
57.96,3.68,-0.035,36.89,70.22,2.49,0.686,51.34,1
158.53,21.57,0.2,20.16,82.93,11.38,0.968,182.39,1
108.06,8.74,0.178,25.39,76.64,6.47,0.803,110.9,1
113.55,18.89,0.104,27.0,74.56,5.58,0.895,85.35,1
88.64,7.41,-0.074,27.1,66.2,1.74,0.744,96.91,0
91.01,11.18,0.192,27.61,86.45,10.7,0.7,106.86,1
84.13,15.24,0.103,36.82,70.73,9.96,0.847,68.1,1
94.09,6.92,0.066,26.36,87.27,2.52,0.803,94.0,1
171.76,21.2,0.264,16.08,97.6,7.16,0.894,179.8,1
52.18,3.52,-0.012,53.61,60.7,3.29,0.773,51.22,0
46.54,2.03,-0.056,32.55,54.22,0.8,0.435,39.97,0
94.49,12.58,0.165,33.58,85.77,3.32,0.853,107.46,1
97.39,7.67,0.156,25.91,87.6,3.71,0.729,106.57,1
93.17,12.6,0.174,31.96,72.25,6.16,0.821,129.42,1
71.41,3.29,-0.024,26.57,68.24,2.62,0.602,69.73,0
81.69,9.39,0.001,42.74,81.31,4.75,0.958,62.56,1
88.18,4.83,-0.083,23.02,69.21,2.27,0.634,77.48,0
92.55,6.93,0.035,31.19,68.28,2.44,0.842,99.39,1
83.06,16.52,0.098,33.07,82.44,4.48,0.769,102.36,1
65.41,5.94,0.117,37.13,82.45,4.13,0.736,71.48,1
74.58,4.47,-0.017,36.95,56.39,2.13,0.754,76.89,0
76.24,7.75,-0.036,38.21,66.71,5.02,0.929,72.87,0
74.98,7.23,-0.098,31.34,73.17,2.29,0.658,80.14,0
55.6,6.39,-0.087,43.34,61.48,2.5,0.758,42.53,0
81.09,15.48,0.08,33.06,83.31,9.39,0.85,104.29,1
144.36,12.24,0.245,23.13,67.34,3.66,0.889,138.57,1
88.54,3.7,0.032,28.16,71.43,2.27,0.744,92.56,0
94.35,12.18,0.057,28.7,81.54,8.62,0.826,112.23,1
146.46,22.65,0.237,23.37,70.04,3.41,0.949,128.05,1
65.42,19.77,0.199,43.15,76.34,9.13,0.787,66.5,1
82.19,6.21,-0.093,25.81,65.21,1.73,0.669,80.89,0
130.64,27.76,0.158,25.14,83.91,10.56,0.92,149.24,1
73.67,5.04,0.015,31.24,68.69,1.49,0.625,81.3,0
70.23,5.65,0.005,35.86,64.57,2.4,0.771,68.77,0
35.01,4.48,-0.027,38.8,48.04,1.54,0.405,32.98,0
91.04,6.42,0.08,28.09,71.22,5.27,0.833,81.43,0
48.3,2.12,-0.006,45.64,62.44,1.36,0.584,46.5,0
79.4,4.78,-0.083,32.5,69.57,1.54,0.747,81.1,0
54.7,7.67,0.04,41.77,56.67,1.25,0.686,52.85,0
98.79,13.34,0.176,29.54,80.31,11.34,0.814,99.7,1
145.68,19.77,0.266,20.24,70.59,4.54,0.916,157.22,1
58.8,5.35,0.061,36.09,60.76,3.59,0.642,54.3,0
159.61,23.57,0.247,18.4,84.39,6.72,0.87,160.95,1
144.08,24.9,0.174,22.63,82.36,4.91,0.865,133.63,1
87.04,16.33,0.054,32.85,72.8,9.72,0.763,89.12,1
50.61,3.78,-0.101,35.65,57.25,2.04,0.491,48.25,0
87.84,14.03,0.171,27.82,93.61,3.94,0.776,92.4,1
154.23,24.12,0.191,17.21,81.32,4.91,0.852,146.66,1
95.88,7.99,0.04,29.72,97.3,2.99,0.884,93.32,1
73.68,3.75,-0.071,33.54,73.98,3.89,0.674,77.15,0
78.78,7.18,0.045,43.94,66.65,2.79,0.922,87.99,0
86.76,10.68,0.152,32.44,69.55,4.33,0.799,98.03,1
64.0,4.25,0.079,46.79,76.32,2.11,0.926,59.44,0
55.31,1.58,-0.017,30.14,60.59,1.82,0.496,56.86,0
82.28,3.22,-0.032,30.72,66.19,1.52,0.677,76.98,0
90.17,19.01,0.189,27.45,72.38,10.81,0.718,50.78,1
135.83,22.7,0.12,23.9,71.38,6.36,0.897,131.24,1
45.0,3.66,-0.101,41.31,64.85,1.62,0.493,40.66,0
165.82,17.26,0.23,21.09,96.95,8.01,0.947,177.54,1
87.38,3.45,0.059,25.13,56.62,3.88,0.657,92.32,0
74.59,11.7,0.027,33.83,97.11,5.84,0.741,104.74,1
69.3,12.48,0.199,33.64,72.3,10.98,0.694,72.88,1
68.96,18.62,0.194,34.19,80.46,7.72,0.685,95.95,1
123.96,16.11,0.208,27.89,72.9,3.43,0.92,136.82,1
53.31,6.44,-0.083,42.02,67.94,1.99,0.65,43.16,0
116.23,14.63,0.232,22.61,67.24,3.86,0.855,116.04,1
37.32,4.46,-0.167,46.62,61.99,0.79,0.565,31.26,0
67.25,10.9,0.127,44.92,90.66,3.11,0.824,50.96,1
105.24,10.67,0.135,25.06,96.19,5.71,0.782,98.99,1
75.83,11.48,0.173,40.43,97.27,3.7,0.824,75.15,1
69.78,6.27,-0.047,36.18,73.07,3.44,0.803,62.64,0
113.91,18.48,0.238,27.24,77.83,5.11,0.866,158.51,1
56.38,4.07,0.063,40.75,74.71,1.33,0.672,54.7,0
43.12,4.98,0.018,35.08,52.54,2.02,0.409,48.65,0
67.85,11.41,0.132,40.32,94.45,5.8,0.738,75.79,1
69.8,5.94,0.025,43.54,81.22,2.57,0.842,76.46,0
62.59,9.67,0.126,41.29,84.0,6.65,0.815,43.55,1
79.19,7.07,-0.057,25.18,56.76,1.62,0.651,85.25,0
55.98,6.76,0.003,50.73,70.96,3.59,0.807,57.58,0
104.62,11.56,0.086,30.37,83.22,6.95,0.863,87.95,1
84.93,7.41,0.031,30.86,81.32,5.33,0.856,76.72,0
63.51,3.23,0.053,44.64,65.37,3.55,0.795,55.74,0
76.98,7.59,0.11,33.36,84.8,2.54,0.733,79.11,1
99.77,9.34,0.056,31.0,72.09,3.04,0.93,103.34,1
78.74,15.63,0.112,34.25,84.27,3.92,0.789,68.15,0
62.51,4.54,0.045,51.81,68.28,5.05,0.908,57.72,0
101.49,16.54,0.075,24.14,73.9,7.97,0.75,86.58,1
113.68,16.75,0.183,22.37,70.01,6.79,0.735,99.62,1
67.23,13.76,0.116,35.07,94.26,5.15,0.721,59.39,1
39.71,4.26,-0.114,45.12,48.74,1.55,0.562,32.96,0
77.47,18.59,0.18,29.83,87.16,9.61,0.726,76.8,1
90.75,9.51,0.151,30.04,96.0,5.34,0.769,103.85,1
74.71,14.83,0.151,37.28,85.4,4.01,0.89,79.6,1
55.48,4.42,0.071,48.36,61.29,3.87,0.747,52.54,0
159.83,16.23,0.221,20.0,68.5,5.44,0.96,179.91,1
75.99,5.12,0.16,33.56,96.05,4.6,0.727,79.41,1
43.93,1.56,-0.066,37.53,53.0,1.74,0.488,45.03,0
92.22,7.36,0.09,33.5,80.09,3.82,0.893,82.92,1
156.66,14.9,0.122,20.62,76.54,4.14,0.958,129.08,1
48.12,3.37,-0.016,34.19,59.5,2.19,0.449,44.68,0
156.77,27.4,0.269,22.08,98.69,9.11,0.944,120.42,1
101.83,14.08,0.178,28.84,85.13,4.11,0.799,97.4,1
72.37,13.1,0.161,37.24,81.51,4.63,0.765,90.8,1
54.06,7.3,0.033,47.8,67.59,1.72,0.685,60.05,0
56.14,3.09,0.005,37.18,70.61,2.37,0.632,58.55,0
113.68,24.95,0.272,24.97,71.66,4.56,0.867,123.43,1
88.24,7.37,0.036,27.29,72.32,3.12,0.753,91.45,0
95.65,13.7,0.217,30.42,70.69,7.82,0.782,116.28,1
62.79,3.14,0.065,32.76,69.57,3.05,0.648,65.38,0
39.89,2.32,-0.029,28.71,54.92,1.86,0.36,38.58,0
42.16,3.6,0.014,29.46,63.34,1.42,0.351,38.44,0
94.04,7.44,-0.035,30.98,78.42,2.8,0.84,77.68,0
165.41,25.24,0.247,20.31,84.3,9.48,0.921,150.9,1
73.03,7.85,-0.097,37.05,68.83,3.53,0.82,84.67,0
80.43,4.67,-0.042,30.73,73.67,2.43,0.746,79.82,0
85.79,6.42,-0.03,22.21,69.43,2.19,0.613,73.06,0
73.54,6.88,0.058,36.19,66.38,3.49,0.859,82.93,0
87.89,9.76,0.049,31.45,68.09,2.81,0.859,81.52,0
154.79,23.51,0.211,17.39,81.08,3.25,0.858,150.81,1
73.01,6.59,0.003,38.36,66.91,5.01,0.843,72.52,0
61.47,7.6,-0.013,47.42,75.44,4.83,0.904,47.41,0
46.59,4.85,-0.035,41.43,63.77,1.76,0.594,50.57,0
156.5,24.77,0.242,22.06,87.9,7.21,0.937,192.3,1
84.62,5.97,-0.052,23.78,55.03,1.4,0.606,79.29,0
52.49,4.84,-0.139,29.44,64.86,2.37,0.466,45.1,0
79.39,7.42,0.045,32.23,87.46,5.11,0.792,72.27,1
99.64,14.38,0.194,27.2,72.81,4.48,0.78,120.85,1
63.03,7.11,-0.037,44.88,76.67,3.44,0.867,74.48,0
70.18,5.8,0.046,50.53,68.64,4.29,0.955,75.89,1
85.41,11.12,0.163,25.89,76.48,7.79,0.686,96.24,1
88.2,4.92,-0.091,30.31,65.76,3.23,0.758,81.85,0
109.8,8.83,0.079,25.31,78.84,11.13,0.748,107.91,1
106.48,11.83,0.238,26.41,70.4,6.87,0.786,117.47,1
92.86,4.95,0.083,35.57,76.08,4.04,0.915,88.35,0
81.57,8.49,-0.027,33.21,76.84,2.94,0.851,78.6,1
85.58,3.8,-0.038,30.16,64.52,2.21,0.694,79.21,0
79.67,13.54,0.056,39.32,74.02,9.99,0.865,103.32,1
93.1,4.99,0.031,28.36,78.68,3.7,0.832,88.06,0
54.58,5.31,-0.058,55.48,62.23,2.8,0.809,61.19,0
89.69,11.58,0.108,33.46,81.61,4.38,0.91,92.9,1
155.04,24.07,0.264,23.16,95.24,11.49,0.983,184.91,1
61.86,4.71,0.083,44.74,78.5,4.97,0.824,57.14,1
112.45,21.69,0.113,26.84,70.93,6.18,0.973,100.75,1
71.45,4.75,-0.095,33.9,73.86,1.23,0.744,73.63,0
39.77,1.28,-0.178,34.29,49.21,1.28,0.404,36.81,0
69.2,3.71,-0.016,27.36,59.79,2.23,0.602,66.55,0
90.2,6.84,0.022,33.26,65.75,2.28,0.91,95.13,0
66.67,5.15,0.022,29.16,74.18,1.69,0.6,65.09,0
45.97,3.07,-0.159,29.84,48.54,1.09,0.368,41.03,0
129.49,21.93,0.134,24.57,76.09,6.29,0.858,84.48,1
66.02,15.68,0.098,44.58,80.89,10.79,0.849,75.63,1
99.73,7.94,0.1,25.44,91.73,4.37,0.704,109.2,1
52.27,7.52,-0.097,50.45,64.59,3.49,0.777,62.99,0
51.17,2.45,-0.031,28.93,60.23,0.97,0.414,47.5,0
55.29,4.25,-0.042,34.38,50.66,1.11,0.581,49.52,0
78.74,8.28,0.132,30.64,86.57,4.5,0.754,76.04,1
157.63,16.12,0.253,20.76,69.56,3.77,0.919,159.52,1
98.59,5.1,-0.033,30.12,71.69,4.82,0.874,107.02,1
51.69,1.23,-0.179,22.71,64.26,2.11,0.372,46.46,0
84.59,7.67,-0.05,38.21,77.1,2.65,0.88,80.61,0
77.95,6.94,-0.049,28.46,65.19,2.83,0.678,83.26,0
89.7,6.69,-0.051,27.23,63.71,3.61,0.741,88.32,0
84.58,10.33,0.185,31.05,76.65,5.05,0.763,69.39,1
79.42,10.7,0.033,32.67,85.8,4.03,0.775,98.08,1
45.33,1.73,-0.064,42.42,51.15,0.73,0.592,47.02,0
45.32,2.22,-0.013,32.89,52.18,2.41,0.473,44.14,0
133.45,25.52,0.197,24.7,94.49,8.14,0.96,121.81,1
70.78,7.36,-0.095,29.88,72.65,1.86,0.67,53.5,0
46.68,4.28,-0.076,36.86,52.73,2.11,0.479,48.67,0
59.36,4.6,0.042,36.31,63.07,2.22,0.679,66.22,0
47.28,2.83,-0.149,28.46,48.73,0.63,0.394,42.36,0
66.37,4.38,0.078,33.54,70.78,1.79,0.688,68.74,1
97.74,11.05,0.091,32.23,72.93,9.89,0.845,79.35,1
59.29,3.43,0.076,35.89,60.51,2.55,0.66,69.02,0
78.68,7.12,0.098,36.67,70.24,3.93,0.943,63.57,0
83.43,6.64,0.134,33.24,93.98,3.6,0.744,95.73,1
85.13,9.86,0.061,35.4,69.5,3.77,0.922,84.06,1
110.96,21.24,0.142,25.26,70.69,3.8,0.902,98.16,1
137.02,12.26,0.269,22.32,71.09,4.04,0.976,138.9,1
57.62,3.35,-0.058,36.03,63.48,2.17,0.574,57.49,0
99.0,11.81,0.125,26.15,76.5,10.63,0.817,100.5,1
96.3,5.81,-0.027,31.95,69.07,4.95,0.94,90.4,1
144.84,19.92,0.24,23.74,83.23,8.58,0.987,147.27,1
66.86,8.26,0.011,51.0,75.71,3.27,0.953,71.21,0
141.82,20.84,0.218,19.97,85.91,10.61,0.923,157.96,1
76.14,8.84,0.072,33.13,83.72,11.35,0.735,88.21,1
52.68,3.47,-0.038,45.65,70.96,3.79,0.699,49.89,0
79.83,5.28,0.018,39.28,71.68,2.74,0.949,96.09,1
149.46,25.62,0.238,20.45,96.4,11.16,0.953,165.65,1
141.17,21.32,0.126,21.59,68.61,6.2,0.96,126.93,1
44.47,1.57,-0.126,47.55,49.83,1.37,0.596,42.8,0
69.26,6.09,0.043,45.1,96.55,5.39,0.829,73.82,1
62.2,5.11,-0.029,35.19,71.59,1.27,0.61,62.15,0
45.18,1.02,-0.122,33.35,64.4,1.86,0.437,42.39,0
61.43,8.57,-0.026,51.69,76.89,3.28,0.903,51.0,1
80.57,3.92,0.008,30.87,62.14,1.65,0.761,79.84,0
65.92,8.08,0.081,39.23,78.91,8.24,0.706,73.13,1
85.24,5.37,0.06,25.41,67.84,1.66,0.699,83.29,0
101.3,9.26,0.072,26.73,82.4,8.87,0.866,95.3,1
56.29,1.43,-0.058,28.43,54.8,2.33,0.517,55.52,0
74.45,7.93,0.005,37.58,58.07,3.47,0.775,86.97,0
88.72,7.68,-0.061,26.86,73.23,2.99,0.702,84.73,0
76.61,6.88,-0.02,27.31,67.66,3.78,0.612,69.69,0
58.21,2.42,-0.003,30.91,64.35,2.1,0.547,59.0,0
56.48,3.23,-0.034,41.92,67.36,2.68,0.773,58.46,0
91.78,9.58,0.157,34.91,82.95,4.74,0.919,82.31,1
89.59,5.13,-0.009,26.51,58.83,1.82,0.742,89.45,0
75.38,5.2,0.089,43.53,80.26,4.97,0.92,81.02,1
57.45,3.66,0.014,39.89,58.13,2.19,0.737,51.66,0
145.79,24.84,0.233,23.59,74.53,3.38,0.96,130.81,1
145.15,23.76,0.188,23.06,75.4,3.49,0.975,107.96,1
94.43,7.23,0.062,30.44,74.28,3.0,0.897,91.7,0
82.38,7.14,-0.071,30.89,63.32,2.8,0.722,66.33,0
41.99,4.68,0.007,27.73,59.95,0.66,0.376,42.44,0
144.6,24.38,0.277,24.79,80.39,10.93,0.976,153.92,1
49.89,2.92,-0.158,29.89,56.34,2.24,0.41,51.98,0
80.63,5.9,-0.06,26.16,58.28,1.22,0.677,79.27,0
80.39,3.17,-0.028,33.11,70.9,3.3,0.817,79.75,0
74.95,5.18,-0.004,36.89,61.59,1.81,0.817,88.82,0
70.97,3.43,0.045,35.31,63.26,3.04,0.693,67.71,0
108.45,14.13,0.195,26.85,79.9,7.09,0.877,104.35,1
35.9,4.4,-0.176,45.0,49.8,0.61,0.498,30.0,0
100.74,14.72,0.245,29.77,77.64,6.67,0.903,107.33,1
49.64,2.61,-0.113,35.62,53.04,1.32,0.532,47.01,0
44.54,4.55,-0.177,46.53,63.28,1.39,0.587,41.75,0
159.55,19.21,0.117,22.22,67.68,4.03,0.961,181.75,1
67.91,6.8,-0.058,33.5,61.36,1.9,0.692,59.75,0
77.76,19.42,0.141,35.07,79.06,11.48,0.772,56.31,1
78.86,5.1,0.053,36.89,77.72,2.75,0.868,86.88,0
46.78,1.67,-0.166,30.89,57.26,1.84,0.429,49.72,0
153.04,16.26,0.211,20.51,90.14,10.64,0.902,157.64,1
58.87,4.04,-0.093,42.55,63.66,1.86,0.694,64.63,0
142.0,19.86,0.263,19.89,66.36,5.89,0.852,122.14,1
89.46,4.08,-0.067,30.36,60.59,2.15,0.729,88.27,0
126.74,16.5,0.145,24.2,65.69,6.95,0.868,120.65,1
54.43,1.26,-0.177,30.68,60.31,1.35,0.5,49.29,0
90.16,5.29,-0.001,37.58,65.0,4.68,0.914,87.89,1
62.84,14.69,0.119,39.0,82.28,9.56,0.696,54.8,1
143.85,21.66,0.13,24.4,71.8,5.85,0.974,169.09,1
135.2,13.67,0.15,22.49,75.37,4.05,0.88,158.98,1
102.55,7.37,0.094,29.31,74.71,10.39,0.877,90.1,1
116.11,20.36,0.274,27.35,78.81,5.05,0.965,88.26,1
86.88,4.06,-0.032,26.04,63.18,1.21,0.695,80.07,0
69.94,6.8,0.003,31.7,68.3,3.06,0.685,70.46,0
71.19,3.88,-0.053,36.65,68.07,3.85,0.769,69.79,0
52.09,6.5,-0.054,47.13,58.93,2.07,0.671,43.7,0
73.46,6.17,0.059,33.26,56.26,3.63,0.789,76.01,0
66.16,4.67,-0.023,52.48,76.66,4.4,0.932,70.83,0
89.05,4.82,0.048,28.14,57.89,2.97,0.787,92.02,0
85.1,13.79,0.146,30.62,94.94,3.03,0.814,98.71,1
85.64,5.81,0.072,32.59,66.27,2.91,0.76,82.34,1
53.61,3.84,-0.052,55.37,73.9,2.2,0.797,45.75,0
93.31,7.28,0.018,27.43,65.22,4.2,0.822,116.31,1
100.53,15.09,0.128,28.3,87.88,7.73,0.822,104.93,1
89.85,5.86,0.085,32.35,88.77,4.95,0.804,81.43,1
93.01,12.26,0.2,31.53,82.8,5.42,0.844,121.27,1
67.18,3.01,-0.028,30.18,62.97,2.1,0.632,64.51,0
64.95,8.37,0.063,43.76,73.42,3.62,0.857,57.82,1
56.82,4.33,-0.097,34.08,56.47,0.76,0.53,51.81,0
58.77,6.53,-0.005,39.45,64.42,3.17,0.752,64.14,0
78.26,6.76,0.03,40.52,77.47,4.9,0.854,83.17,0
47.93,2.66,-0.014,41.5,62.74,1.85,0.538,48.49,0
53.55,6.74,0.013,35.64,66.99,1.61,0.604,48.92,0
136.77,21.77,0.167,21.3,84.87,7.0,0.894,176.84,1
173.63,16.67,0.28,16.74,87.35,8.67,0.923,212.01,1
69.14,6.94,0.058,40.14,70.71,2.94,0.812,73.36,0
39.03,3.73,-0.094,47.76,63.27,1.84,0.499,39.73,0
84.65,3.64,-0.098,28.77,72.31,1.84,0.685,90.0,0
56.6,4.2,-0.056,42.14,60.79,3.47,0.721,54.65,0
143.04,24.33,0.209,20.0,81.61,3.05,0.881,111.18,1
50.1,3.23,-0.099,27.22,55.38,1.15,0.424,46.35,0
79.32,14.83,0.16,33.31,87.05,7.81,0.739,86.77,1
46.5,3.28,-0.143,31.85,61.03,2.06,0.458,41.26,0
145.87,15.05,0.163,21.0,85.58,10.64,0.894,161.08,1
73.49,5.5,0.068,30.71,64.66,3.63,0.725,79.85,0
96.08,8.47,0.189,31.56,79.06,9.81,0.839,109.12,1
67.48,7.46,0.005,37.88,55.08,2.03,0.694,67.24,0
91.44,12.21,0.163,32.45,76.36,5.0,0.799,112.57,1
77.47,4.06,0.056,27.55,63.97,1.87,0.619,79.74,0
42.5,3.89,0.007,45.9,54.04,1.74,0.527,39.94,0
116.54,18.43,0.232,28.23,74.08,5.92,0.935,113.43,1
141.41,14.63,0.156,20.51,81.16,6.1,0.895,120.2,1
115.85,12.17,0.177,24.77,78.93,6.91,0.894,112.88,1
82.15,11.37,0.159,37.91,73.98,3.92,0.869,76.39,1
67.52,13.86,0.085,40.7,83.99,7.6,0.755,81.96,1
51.85,1.88,-0.075,33.43,51.4,0.88,0.504,49.58,0
52.8,7.63,0.025,52.58,67.87,2.32,0.737,70.69,0
55.31,6.7,-0.024,53.61,69.35,2.77,0.794,59.51,0
116.09,12.3,0.087,24.7,71.31,5.71,0.859,102.78,1
72.32,7.66,-0.013,30.42,66.62,2.11,0.608,87.56,0
57.72,2.45,0.018,21.57,58.95,0.67,0.387,57.46,0
101.69,8.46,0.097,26.79,77.79,3.56,0.799,90.32,1
63.72,14.94,0.153,43.51,82.48,7.54,0.781,97.11,1
56.46,4.96,-0.088,51.66,65.76,3.92,0.78,45.92,0
48.32,2.24,-0.17,35.96,64.42,1.61,0.527,49.47,0
87.53,4.82,0.065,32.1,65.57,3.1,0.788,82.89,1
77.71,3.02,0.028,31.14,60.2,3.45,0.722,79.81,0
69.43,3.14,-0.028,28.37,60.52,1.91,0.637,74.66,0
98.55,12.62,0.228,23.71,78.43,6.96,0.756,62.4,1
94.82,13.89,0.112,27.49,81.36,5.77,0.793,109.99,1
80.54,9.89,0.126,31.21,92.06,3.38,0.769,92.94,1
62.43,7.68,0.05,40.93,66.28,1.36,0.724,72.94,0
106.21,7.59,0.153,25.82,73.72,9.73,0.793,94.89,1
80.69,3.55,-0.02,33.4,68.79,3.12,0.82,79.96,0
72.33,7.07,0.069,46.31,71.1,2.07,0.956,72.97,0
99.09,12.17,0.081,26.89,81.8,8.97,0.741,108.55,1
56.24,4.65,0.006,48.36,60.32,3.85,0.762,53.9,0
40.44,3.9,-0.041,44.09,63.57,1.95,0.538,42.75,0
138.71,16.6,0.266,23.94,77.56,4.66,0.917,163.73,1
63.64,7.05,-0.081,40.89,64.54,3.16,0.756,61.44,0
108.41,12.55,0.068,28.65,94.46,3.78,0.889,93.01,1
45.67,1.39,-0.019,32.5,55.79,1.94,0.398,45.04,0
92.66,12.79,0.167,27.4,92.04,2.52,0.7,86.34,1
55.99,7.47,-0.072,47.99,60.79,2.76,0.768,48.62,0
37.69,1.02,-0.132,39.53,60.13,2.11,0.479,33.87,0
83.62,15.7,0.162,28.92,74.67,4.58,0.781,72.12,1
87.81,7.44,0.029,25.37,60.6,2.53,0.672,97.22,0
86.05,3.62,0.03,29.99,71.13,2.72,0.734,85.64,0
46.82,1.8,-0.163,27.85,61.0,1.52,0.356,41.68,0
44.02,3.81,-0.082,42.76,54.29,0.75,0.503,40.09,0
88.35,4.5,-0.02,29.1,61.18,2.11,0.766,92.76,0
46.71,1.49,-0.177,44.77,54.0,0.79,0.58,41.59,0
158.13,23.97,0.119,21.04,82.82,5.54,0.967,144.09,1
40.44,1.49,-0.059,44.91,59.71,0.94,0.555,43.1,0
62.89,7.68,0.06,50.23,69.19,2.91,0.845,71.48,0
45.18,3.12,-0.035,34.71,49.79,1.84,0.443,49.15,0
51.04,6.47,0.069,40.4,65.43,3.15,0.639,60.29,0
147.58,23.29,0.247,19.47,81.08,4.65,0.884,182.18,1
56.38,6.83,-0.08,36.33,74.9,1.41,0.604,53.04,0
169.53,26.47,0.221,18.24,91.96,7.53,0.947,144.98,1
60.96,4.26,-0.036,40.67,64.74,1.69,0.683,52.63,0
103.73,7.48,0.04,25.0,96.79,2.62,0.844,109.57,1
98.59,8.5,0.036,30.65,68.92,4.41,0.918,89.49,0
121.12,15.08,0.22,24.21,76.64,3.26,0.95,112.73,1
90.24,8.76,0.203,30.23,73.89,5.75,0.871,84.46,1
76.61,9.15,0.049,36.89,79.41,4.38,0.835,67.65,1
72.02,6.09,0.067,27.45,62.5,3.82,0.615,77.25,0
82.53,3.01,-0.095,27.16,70.37,1.49,0.672,79.38,0
135.15,16.15,0.138,22.71,79.02,3.48,0.901,129.04,1
60.99,4.89,0.048,46.79,59.86,2.96,0.805,64.08,0
88.83,5.53,-0.002,28.84,62.48,3.05,0.747,88.62,0
61.95,18.09,0.21,38.51,84.21,8.43,0.685,131.64,1
69.81,7.27,0.023,30.85,68.77,3.9,0.691,70.27,0
147.46,27.19,0.261,24.19,80.76,11.14,0.983,165.1,1
67.34,10.39,0.085,39.12,93.84,4.59,0.805,84.42,1
99.98,8.83,0.081,28.29,80.87,6.79,0.818,95.05,1
132.71,14.33,0.213,21.03,74.64,3.82,0.875,139.36,1
41.2,1.12,-0.037,32.18,59.87,1.84,0.427,41.32,0
86.74,5.01,-0.009,30.15,71.07,3.79,0.765,75.7,0
67.75,8.59,-0.031,46.52,75.68,4.42,0.879,73.87,0
72.38,5.98,-0.003,31.44,68.63,2.2,0.609,74.19,0
73.41,8.02,0.101,34.31,88.4,3.6,0.795,73.43,1
138.65,19.11,0.204,23.49,77.59,4.1,0.942,172.44,1
69.78,7.53,0.015,44.04,77.48,2.96,0.826,66.0,0
53.05,3.41,-0.09,41.92,61.49,1.51,0.659,51.11,0
146.44,23.91,0.179,20.68,89.8,9.99,0.981,91.69,1
96.97,9.31,0.046,34.11,75.96,2.06,0.927,108.06,1
67.08,8.1,-0.048,45.82,73.79,3.17,0.864,71.7,0
64.31,6.61,0.05,32.15,70.08,2.3,0.656,65.55,0
110.18,21.67,0.134,27.66,74.94,4.39,0.857,126.67,1
111.21,13.86,0.233,25.35,78.14,6.12,0.787,74.36,1
114.38,13.08,0.113,25.13,73.18,6.69,0.85,107.38,1
114.23,11.53,0.17,22.19,75.46,7.72,0.73,97.73,1
59.04,6.59,0.022,40.4,55.51,1.26,0.693,62.1,0
77.43,9.29,-0.02,42.47,74.61,3.02,0.87,89.63,1
84.88,7.67,0.08,32.36,79.9,11.42,0.786,76.26,1
54.27,6.01,0.056,45.65,63.86,2.82,0.729,60.04,0
67.8,16.64,0.141,37.75,80.07,7.71,0.76,44.56,1
147.45,18.77,0.255,23.38,74.89,3.78,0.96,165.7,1
90.93,13.95,0.098,35.5,74.35,4.84,0.857,123.64,1
93.25,6.04,0.14,26.96,94.78,4.63,0.765,90.98,1
79.6,16.51,0.144,33.64,72.85,10.43,0.814,64.95,1
77.68,15.44,0.097,36.86,81.9,10.85,0.856,84.7,1
51.36,5.88,-0.039,41.89,68.62,3.16,0.699,50.31,0
48.92,2.19,-0.096,38.37,61.2,1.34,0.528,51.14,0
70.32,8.99,0.041,44.48,73.11,2.8,0.929,54.52,0
74.55,12.59,0.034,44.4,84.8,5.93,0.878,58.73,1
75.94,9.93,0.08,34.94,81.1,2.15,0.832,68.31,0
72.28,14.53,0.179,37.35,90.24,5.65,0.86,78.59,1
87.72,4.76,0.055,31.51,74.21,3.62,0.747,94.95,0
107.86,9.62,0.19,27.1,82.78,3.76,0.775,116.56,1
66.03,3.85,0.068,30.38,64.4,3.36,0.61,76.1,0
107.84,6.03,0.045,24.34,88.7,3.94,0.802,110.7,1
82.43,9.3,-0.026,36.56,76.4,2.2,0.85,70.07,0
66.22,4.75,0.051,37.96,65.96,2.83,0.808,59.36,0
78.53,5.92,-0.091,28.97,59.04,1.68,0.644,59.09,0
82.39,11.01,0.077,27.77,91.65,3.87,0.745,76.21,1
60.89,5.64,0.027,44.69,65.41,2.78,0.87,60.55,0
50.59,6.3,-0.058,53.84,58.01,3.96,0.725,51.77,0
159.52,24.9,0.214,19.42,88.05,8.15,0.986,174.03,1
76.03,11.54,0.081,39.94,90.94,4.68,0.877,58.47,1
169.85,15.89,0.16,18.67,94.59,9.08,0.957,155.32,1
96.48,5.77,0.047,31.82,65.37,2.12,0.93,92.04,0
87.84,5.56,-0.05,32.32,66.53,2.77,0.86,89.45,0
122.8,20.59,0.208,28.99,66.76,3.86,0.967,109.57,1
92.89,5.15,-0.034,37.97,68.03,5.05,0.94,95.62,0
84.07,12.89,0.085,31.66,93.4,3.03,0.714,78.78,0
66.71,3.41,-0.059,37.69,61.42,3.6,0.79,69.81,0
61.94,5.83,0.086,50.14,77.18,4.95,0.904,63.05,1
56.13,3.56,-0.043,22.43,63.96,2.11,0.388,47.36,0
76.42,7.97,-0.092,36.1,56.45,2.49,0.81,86.08,0
41.72,3.27,-0.013,36.56,49.2,1.8,0.423,41.29,0
40.89,4.85,-0.132,46.39,61.34,1.42,0.533,43.69,0
155.76,17.69,0.264,21.24,89.28,11.77,0.982,204.24,1
57.43,7.51,0.044,48.95,67.19,3.67,0.792,56.18,0
88.02,14.32,0.09,29.26,84.71,5.82,0.8,88.17,1
84.93,10.56,0.176,28.16,82.97,7.48,0.742,87.54,1
110.31,11.71,0.099,27.48,71.02,4.1,0.913,108.13,1
54.46,7.4,-0.02,39.24,66.63,1.32,0.635,56.82,0
91.56,14.57,0.072,30.0,84.12,4.02,0.853,46.36,1
118.99,17.17,0.179,20.24,77.47,6.67,0.78,117.56,1
84.53,5.43,0.059,26.93,97.37,3.09,0.718,85.82,1
101.69,11.26,0.141,22.99,77.36,9.28,0.681,110.94,1
148.26,26.03,0.225,21.28,83.51,11.14,0.95,84.5,1
114.6,17.01,0.118,28.06,69.75,3.62,0.878,111.56,1
55.25,3.77,0.009,43.97,58.79,1.52,0.78,58.8,0
101.39,8.33,0.181,28.87,73.48,4.75,0.904,106.74,1
47.64,1.95,-0.035,33.6,54.81,1.97,0.511,48.34,0
141.5,12.84,0.211,19.81,74.72,4.29,0.914,168.1,1
45.57,2.6,-0.095,37.74,53.1,1.11,0.503,48.13,0
85.27,6.85,-0.091,31.84,63.36,2.21,0.724,99.58,0
85.12,16.35,0.214,25.8,70.98,8.07,0.71,90.28,1
107.65,9.4,0.181,25.25,74.43,4.88,0.776,112.47,1
53.19,3.52,0.01,51.45,61.8,1.61,0.74,53.67,0
65.6,7.82,0.05,51.8,71.72,2.08,0.933,65.3,0
132.2,23.01,0.24,24.64,84.99,4.85,0.915,143.05,1
73.41,6.99,0.003,29.89,68.24,1.3,0.699,90.77,0
116.27,17.53,0.257,28.75,84.45,3.16,0.934,113.76,1
40.35,2.36,-0.022,39.37,52.5,0.92,0.506,40.9,0
68.24,18.29,0.207,46.7,85.03,10.94,0.874,30.0,1
92.13,14.91,0.148,29.11,82.58,6.94,0.821,87.5,1
85.59,5.95,-0.041,29.97,59.98,2.35,0.787,87.55,1
78.41,9.59,0.089,41.19,80.16,4.52,0.92,87.46,1
66.83,4.37,-0.089,37.5,57.44,2.35,0.776,55.05,0
102.34,14.78,0.171,27.68,97.67,3.9,0.824,97.45,1
70.27,9.39,-0.023,40.16,78.59,4.08,0.905,85.19,1
79.39,15.37,0.229,38.86,74.97,3.6,0.918,94.48,1
76.41,7.46,0.069,32.06,68.16,3.11,0.8,84.42,0
77.58,5.34,-0.081,26.38,66.1,3.71,0.654,74.37,0
38.84,3.62,-0.121,35.16,51.03,1.54,0.392,36.71,0
77.65,3.9,0.028,30.72,59.32,3.07,0.743,82.5,0
99.68,14.69,0.198,33.51,84.11,6.74,0.905,103.5,1
111.99,14.92,0.169,28.55,75.24,5.6,0.963,114.89,1
92.13,13.16,0.068,29.64,85.41,5.72,0.886,98.59,1
84.39,7.33,0.052,32.5,65.92,2.88,0.861,85.69,1
171.56,26.93,0.198,20.47,84.02,7.96,0.972,160.16,1
97.4,14.9,0.111,27.55,87.97,4.77,0.753,96.23,1
154.32,23.81,0.255,21.43,74.0,5.72,0.934,160.57,1
68.33,9.39,-0.002,43.94,71.41,4.67,0.933,51.25,0
80.55,3.9,-0.012,27.96,65.56,3.5,0.625,80.26,0
56.31,3.6,-0.168,27.21,57.46,0.93,0.431,50.12,0
93.57,7.02,0.108,32.85,88.0,3.36,0.862,112.39,1
56.43,1.89,-0.174,27.21,63.03,1.56,0.446,50.49,0
77.66,5.87,-0.09,33.39,67.96,3.0,0.723,82.48,0
78.57,7.11,0.067,39.33,76.02,2.44,0.937,80.31,1
71.01,10.95,0.177,40.55,77.96,3.66,0.887,96.67,1
113.32,17.68,0.232,22.73,80.7,4.46,0.829,131.28,1
52.2,4.21,-0.093,56.34,64.8,3.47,0.787,48.0,0
73.92,7.08,0.062,41.19,69.61,2.71,0.81,89.86,0
117.93,12.78,0.19,23.63,75.36,6.82,0.888,85.91,1
160.81,16.63,0.165,22.04,85.77,8.57,0.979,113.56,1
83.67,13.33,0.084,33.56,90.4,5.78,0.852,89.8,1
146.88,22.04,0.153,21.56,71.27,4.04,0.919,147.79,1
114.33,9.79,0.091,21.27,84.25,9.05,0.729,110.49,1
89.61,8.74,0.1,26.41,73.9,5.6,0.773,100.2,1
57.6,3.88,-0.054,38.55,58.9,3.95,0.637,59.64,0
95.05,12.04,0.121,28.44,96.86,3.15,0.83,105.47,1
74.66,16.37,0.156,40.97,75.0,5.27,0.904,104.59,1
87.56,14.3,0.115,35.72,77.29,7.05,0.844,99.76,1
79.49,4.15,0.077,34.19,73.13,2.07,0.82,74.27,0
97.08,7.84,0.047,32.13,65.66,4.58,0.872,111.58,1
71.21,5.08,-0.003,39.83,69.26,3.04,0.764,70.35,0
84.72,7.68,-0.04,38.46,76.07,4.47,0.88,84.2,1
83.66,3.58,0.01,28.0,61.07,1.72,0.731,85.87,0
68.16,10.44,0.087,40.18,72.85,6.62,0.823,63.69,1
62.2,4.99,0.036,35.85,55.75,1.92,0.603,61.74,0
53.7,3.08,-0.067,32.31,59.03,0.72,0.495,57.43,0
88.68,5.86,0.097,33.53,80.48,4.37,0.84,99.79,1
67.28,9.64,0.17,37.2,82.8,4.54,0.755,59.33,1
75.19,7.49,0.043,43.94,73.63,5.48,0.881,68.68,1
64.4,7.42,-0.024,38.82,64.77,3.61,0.81,68.39,0
91.71,15.0,0.227,32.34,70.95,7.04,0.854,94.63,1
77.96,5.26,0.057,30.49,66.67,1.79,0.693,72.95,0
121.14,14.93,0.15,22.28,68.27,4.7,0.856,90.11,1
123.39,18.66,0.207,27.44,72.88,5.8,0.904,95.3,1
95.11,4.71,0.048,29.47,75.76,3.63,0.821,104.71,0
79.18,3.22,0.033,35.88,56.36,2.1,0.783,81.97,0
87.19,11.95,0.1,34.29,96.98,3.48,0.896,75.98,1
45.1,4.1,-0.011,43.36,48.25,2.1,0.572,44.1,0
68.25,6.99,0.077,44.04,81.84,4.16,0.881,80.8,1
70.67,5.69,0.052,30.43,66.01,3.1,0.67,84.5,0
156.24,21.58,0.11,20.74,83.6,6.17,0.962,125.45,1
45.98,4.71,-0.021,39.45,54.02,2.38,0.546,46.36,0
72.0,14.38,0.142,40.29,83.89,6.05,0.776,63.14,1
66.35,14.01,0.026,40.5,86.77,4.91,0.823,69.04,1
61.49,8.39,-0.003,48.31,78.16,4.46,0.897,63.55,0
50.25,3.81,-0.007,34.39,53.98,2.48,0.561,50.68,0
174.4,18.44,0.216,19.74,84.64,8.08,0.977,164.35,1
70.87,7.28,-0.027,42.54,77.13,5.06,0.865,44.54,1
73.74,14.79,0.233,39.87,76.39,7.47,0.836,87.94,1
58.84,4.42,0.02,44.0,63.09,1.26,0.7,65.19,0
95.38,6.77,0.055,31.29,73.56,3.54,0.845,95.08,0
71.83,4.29,0.088,37.63,69.78,3.57,0.822,56.37,0
48.8,2.85,-0.129,27.97,50.34,1.52,0.372,47.24,0
54.8,2.11,-0.046,31.86,60.03,2.29,0.522,52.18,0
73.4,14.07,0.061,34.33,85.9,9.16,0.747,59.46,1
59.46,7.15,0.077,44.55,56.6,3.3,0.718,53.79,0
87.25,6.14,-0.009,30.14,55.26,3.04,0.737,90.62,0
88.0,7.83,-0.033,35.54,75.59,4.55,0.946,103.25,0
110.56,13.53,0.165,25.03,86.49,9.72,0.87,111.96,1
48.71,1.37,-0.142,36.97,64.37,0.65,0.484,44.32,0
114.93,16.57,0.144,24.91,74.86,7.29,0.833,113.66,1
46.55,4.81,-0.066,38.81,49.5,2.27,0.524,42.99,0
58.03,2.78,-0.043,25.05,50.42,1.12,0.468,63.76,0
41.09,2.96,-0.088,39.08,51.14,1.61,0.483,36.52,0
75.73,14.62,0.075,37.23,86.83,9.8,0.86,100.61,1
44.78,2.15,-0.146,30.13,59.1,2.28,0.404,46.12,0
38.05,1.05,-0.099,37.95,53.48,1.06,0.408,36.96,0
87.99,4.99,0.063,29.73,74.5,2.27,0.845,90.67,0
85.53,8.36,0.102,29.86,83.85,8.16,0.748,80.68,1
82.2,7.16,0.078,26.33,62.41,3.17,0.698,89.21,0
61.59,6.01,0.059,47.92,75.8,2.94,0.836,55.53,1
41.18,1.88,-0.147,41.53,64.23,1.85,0.467,37.99,0
99.24,7.24,-0.014,33.77,76.88,5.36,0.95,101.99,1
107.96,13.63,0.16,28.18,81.12,4.97,0.89,115.18,1
101.75,8.28,0.122,26.89,83.01,4.83,0.793,98.98,1
54.95,7.74,0.027,42.59,71.39,3.4,0.639,62.21,0
61.05,5.24,0.025,39.21,56.4,1.58,0.686,58.69,0
42.84,3.85,-0.089,42.33,48.22,0.62,0.524,47.8,0
89.29,4.36,0.023,26.39,61.23,1.42,0.638,84.22,0
53.27,1.8,-0.132,26.65,64.37,1.07,0.376,49.02,0
69.69,7.27,0.202,37.1,76.33,9.07,0.796,85.32,1
133.61,27.75,0.219,22.51,85.84,11.16,0.901,189.18,1
155.29,28.27,0.248,20.55,84.72,10.21,0.954,149.29,1
129.05,13.93,0.252,24.86,78.39,3.41,0.97,131.42,1
118.22,9.36,0.175,21.2,84.99,4.64,0.81,110.11,1
94.59,6.05,0.104,30.81,90.59,5.49,0.775,105.41,1
80.13,6.83,-0.005,25.1,68.34,1.61,0.621,88.02,1
85.72,15.72,0.24,36.96,79.52,4.59,0.843,114.83,1
70.95,9.32,0.089,48.3,78.8,3.6,0.921,63.38,1
61.4,7.24,0.076,51.57,79.2,2.75,0.94,73.09,1
93.76,15.68,0.107,30.88,80.64,9.33,0.819,74.33,1
84.98,4.2,0.034,23.06,68.22,3.71,0.639,87.45,0
89.19,3.15,-0.098,33.03,69.17,1.5,0.789,84.45,0
153.03,18.25,0.15,23.19,79.77,5.49,0.957,163.15,1
56.53,1.91,-0.004,28.3,55.34,2.45,0.444,59.01,0
81.57,4.7,0.083,36.9,78.22,3.96,0.935,75.62,1
154.19,16.59,0.104,19.46,82.22,5.49,0.978,150.95,1
101.4,15.08,0.214,29.8,79.16,6.74,0.844,78.25,1
98.19,9.25,-0.025,34.59,68.47,5.47,0.953,81.29,0
55.32,3.63,0.056,40.76,66.2,3.81,0.695,61.12,0
80.56,5.35,-0.062,33.73,68.6,1.47,0.788,87.7,0
152.92,22.08,0.155,20.89,79.83,3.61,0.916,146.54,1
106.02,16.5,0.099,27.26,77.21,6.3,0.806,119.28,1
91.9,7.73,0.097,35.85,73.93,2.04,0.881,96.34,1
49.58,2.56,-0.171,33.28,48.06,1.22,0.441,46.64,0
39.67,4.13,-0.068,37.82,62.73,2.09,0.401,32.41,0
130.03,21.4,0.3,26.64,95.79,9.98,0.969,160.13,1
51.63,4.49,-0.042,55.54,70.61,3.04,0.788,53.89,0
92.67,16.75,0.12,30.64,72.11,3.66,0.87,119.69,1
47.72,1.72,0.019,30.19,64.75,2.38,0.418,48.04,0
69.14,11.95,0.155,39.4,85.82,5.31,0.789,70.13,1
113.2,20.2,0.157,25.12,82.84,6.99,0.859,128.41,1
107.24,8.66,0.143,26.07,68.94,5.86,0.768,124.33,1
41.77,3.95,-0.108,29.63,50.81,0.84,0.367,30.0,0
73.26,16.06,0.234,40.76,76.25,5.58,0.792,81.65,1
79.02,13.52,0.087,29.38,74.38,6.86,0.712,72.68,1
87.61,7.91,0.033,30.47,67.14,4.95,0.82,101.88,1
152.63,17.27,0.232,19.13,80.43,5.64,0.937,186.41,1
84.64,17.4,0.118,31.3,74.07,3.85,0.83,80.52,1
153.73,18.7,0.217,18.41,82.4,5.65,0.905,117.6,1
93.88,16.27,0.205,31.44,71.87,7.41,0.904,97.85,1
37.76,3.73,0.0,58.03,58.32,1.62,0.58,34.85,0
73.18,7.64,0.065,33.38,55.28,2.43,0.664,77.68,0
56.27,3.54,0.072,45.38,67.96,3.74,0.693,62.51,0
138.35,18.34,0.232,23.65,77.51,3.09,0.895,153.65,1
72.99,10.94,0.128,39.32,70.32,8.47,0.829,46.91,1
74.68,5.78,0.106,35.8,92.26,3.75,0.828,80.07,1
50.12,3.22,-0.077,43.38,61.67,1.7,0.692,46.78,0
87.55,7.56,0.039,24.48,61.47,3.06,0.655,107.6,0
88.56,12.37,0.109,31.42,83.3,9.98,0.836,97.13,1
91.03,9.75,0.053,35.57,78.54,4.13,0.877,103.32,1
76.7,3.46,-0.013,26.86,63.95,3.21,0.612,79.59,0
70.08,11.69,0.092,38.82,81.32,6.73,0.883,76.97,1
54.89,2.79,-0.071,23.84,63.7,1.17,0.407,50.8,0
71.02,3.95,0.024,31.73,57.96,1.39,0.713,69.54,0
93.33,4.34,-0.031,34.4,74.41,4.67,0.862,88.55,1
45.3,1.42,-0.137,29.89,61.36,1.9,0.422,42.84,0
169.71,18.85,0.17,19.36,87.6,9.06,0.891,176.61,1
60.71,6.13,0.042,38.9,60.34,3.07,0.659,65.59,0
37.96,4.24,0.007,44.21,53.33,1.59,0.448,42.78,0
52.03,6.54,0.047,46.93,66.34,3.78,0.774,46.62,0
60.48,11.82,0.077,44.62,77.47,10.02,0.825,46.9,1
65.28,4.79,-0.02,41.56,68.75,4.03,0.836,62.38,0
114.61,9.38,0.139,23.71,81.13,5.43,0.815,115.67,1
52.4,3.39,-0.164,27.5,64.64,1.52,0.428,50.01,0
38.33,1.42,-0.092,40.83,64.68,0.84,0.459,36.1,0
68.05,8.21,0.009,45.48,70.75,3.98,0.911,74.75,0
81.11,17.48,0.134,35.38,74.01,7.06,0.861,37.29,1
119.18,17.11,0.137,29.3,76.36,4.99,0.963,98.81,1
55.49,2.84,-0.059,34.73,63.14,2.3,0.573,54.13,0
89.98,5.4,0.075,35.11,72.89,5.12,0.868,90.59,1
117.55,23.84,0.189,29.01,79.64,6.5,0.966,134.32,1
82.49,3.6,0.074,27.71,55.49,2.69,0.64,79.93,0
101.46,17.95,0.154,27.68,81.04,10.81,0.757,131.72,1
35.79,1.49,-0.179,46.96,55.42,1.64,0.473,30.04,0
129.74,12.12,0.249,24.29,77.46,4.3,0.9,126.62,1
89.72,9.71,0.156,27.03,78.66,10.1,0.702,82.85,1
112.44,12.73,0.148,29.43,75.75,6.03,0.903,129.64,1
96.22,9.63,0.062,29.79,86.37,4.69,0.786,90.33,1
87.59,4.47,0.065,33.28,63.26,1.36,0.779,89.01,0
142.95,15.25,0.196,21.22,69.53,3.37,0.933,142.28,1
59.92,7.69,0.004,42.84,66.28,1.22,0.693,57.66,0
71.29,5.26,0.069,39.2,61.75,3.82,0.761,73.04,1
95.25,7.12,0.042,23.44,88.76,3.27,0.716,101.18,0
112.53,16.53,0.138,25.89,81.01,7.39,0.829,93.38,1
126.01,16.98,0.208,24.47,79.87,4.38,0.866,145.69,1
87.32,7.35,0.033,26.61,69.64,2.98,0.643,84.49,0
95.44,10.58,0.109,29.63,77.81,9.5,0.784,107.42,1
92.23,14.7,0.138,32.64,93.9,4.28,0.897,110.62,1
51.72,3.89,-0.006,25.74,57.6,1.75,0.407,56.81,0
89.52,6.93,-0.042,25.74,69.37,1.23,0.679,96.36,0
81.65,4.66,0.056,35.46,66.05,1.65,0.801,80.47,0
62.77,5.64,-0.092,34.94,62.61,3.12,0.71,69.74,0
130.58,25.5,0.17,24.2,88.65,9.65,0.957,152.27,1
82.27,8.71,0.227,38.25,84.71,6.9,0.854,78.93,1
106.1,6.18,0.103,27.34,89.56,3.08,0.871,109.46,1
174.48,29.0,0.257,18.64,80.84,8.32,0.978,180.96,1
50.18,4.35,0.056,47.13,56.3,1.9,0.647,46.57,0
92.3,14.62,0.05,29.29,74.78,8.18,0.774,90.3,1
90.73,4.29,-0.001,32.6,80.56,2.62,0.851,91.74,1
118.24,18.16,0.174,23.58,81.52,6.12,0.855,87.7,1
80.77,6.46,-0.084,34.91,58.59,1.69,0.786,89.15,0
119.16,13.59,0.16,26.29,68.54,4.36,0.959,144.39,1
66.22,6.8,0.015,35.35,63.64,3.17,0.679,59.13,0
84.73,7.67,0.029,33.03,66.93,1.31,0.818,78.81,0
86.95,10.84,0.103,31.58,75.16,7.35,0.76,74.06,1
65.81,7.16,0.059,36.88,62.93,3.22,0.765,58.39,0
102.78,15.55,0.176,28.35,71.63,5.87,0.859,138.3,1
77.12,6.46,-0.003,34.47,76.9,3.95,0.863,77.77,0
103.08,5.44,0.101,31.42,82.07,3.47,0.87,101.23,1
53.26,6.03,-0.009,42.68,55.85,2.61,0.633,57.04,0
48.66,2.43,-0.047,27.73,55.77,1.64,0.398,45.03,0
65.9,6.7,0.018,38.98,72.84,3.98,0.741,75.79,0
65.68,7.08,0.029,49.58,81.85,4.8,0.958,60.79,1
71.89,4.6,0.049,35.58,70.43,1.59,0.764,67.05,0
64.74,3.44,0.073,39.01,67.41,1.77,0.765,66.63,0
55.78,5.68,0.048,38.71,57.07,1.84,0.604,58.62,0
48.12,1.42,-0.029,25.96,53.91,1.19,0.376,48.28,0
86.48,15.69,0.109,32.42,82.59,5.46,0.894,112.32,1
124.47,22.89,0.222,26.59,81.49,3.81,0.978,137.02,1
54.14,3.35,0.027,47.41,74.47,1.96,0.801,49.15,0
84.8,16.37,0.218,38.46,76.2,5.76,0.902,94.6,1
75.77,13.23,0.023,40.66,94.41,3.56,0.86,82.14,1
88.02,8.29,0.097,33.28,73.17,5.08,0.845,76.06,1
104.44,9.34,0.147,26.93,95.54,5.55,0.874,93.24,1
67.22,6.93,0.094,41.94,79.52,5.28,0.903,67.13,1
66.48,5.75,0.043,39.56,78.37,2.22,0.829,74.32,0
57.04,4.85,-0.003,20.81,58.73,1.44,0.377,44.88,0
89.98,8.57,0.075,26.06,97.66,5.04,0.719,97.12,1
81.94,9.34,0.093,38.11,94.16,3.52,0.89,95.76,1
49.85,4.25,-0.161,37.8,53.63,0.85,0.525,52.8,0
56.5,7.93,0.045,41.47,69.81,1.58,0.664,48.97,0
132.68,19.67,0.297,23.85,91.35,7.34,0.893,116.05,1
73.51,5.23,0.091,41.58,79.79,2.37,0.947,68.35,1
84.49,9.82,0.041,37.86,78.9,2.47,0.866,87.22,1
139.25,14.53,0.198,20.82,71.58,4.26,0.934,123.06,1
108.06,13.04,0.142,23.05,91.99,3.13,0.704,126.96,1
82.77,8.27,0.235,37.36,75.75,3.81,0.904,90.99,1
88.82,17.68,0.172,24.42,82.7,7.18,0.694,76.81,1
151.46,18.02,0.206,22.42,84.56,6.66,0.925,151.8,1
75.33,4.87,0.039,39.49,68.83,2.34,0.882,83.33,0
90.96,6.8,-0.002,33.87,81.58,2.16,0.895,103.06,1
63.17,3.53,-0.022,40.79,65.56,1.28,0.741,59.77,0
144.05,27.02,0.157,23.13,87.5,9.97,0.918,108.78,1
97.74,12.53,0.051,31.97,88.63,2.54,0.882,84.19,1
59.0,3.25,-0.086,27.17,51.57,2.41,0.45,58.32,0
138.38,20.21,0.251,23.36,67.29,5.79,0.933,121.94,1
79.29,8.08,-0.023,40.99,79.04,2.55,0.911,75.15,1
36.71,1.03,-0.173,44.87,64.55,2.07,0.508,33.46,0
60.13,8.76,-0.014,46.6,70.85,4.67,0.862,52.87,0
71.38,7.25,0.019,46.09,69.48,2.32,0.954,68.78,0
119.36,23.45,0.159,27.38,83.97,6.76,0.951,87.17,1
89.33,6.28,-0.077,32.32,64.37,1.63,0.795,94.49,0
105.5,11.16,0.094,25.0,80.32,6.85,0.827,111.25,1
77.57,13.9,0.095,32.79,77.27,4.03,0.785,84.08,0
42.67,4.51,-0.13,38.78,54.26,2.03,0.497,43.17,0
141.2,23.51,0.262,24.16,93.61,9.03,0.939,109.56,1
95.63,9.02,0.095,29.14,76.49,5.02,0.9,101.48,1
86.49,4.36,-0.09,23.08,66.73,1.33,0.652,81.02,0
93.77,5.55,-0.008,29.28,74.15,3.28,0.831,107.58,0
132.88,23.05,0.119,22.42,68.93,3.85,0.918,123.31,1
84.86,7.46,0.006,28.35,71.37,3.42,0.662,56.92,1
50.65,6.77,0.053,49.57,70.02,3.37,0.733,56.07,0
57.9,4.69,-0.074,20.41,48.32,2.38,0.358,59.65,0
65.1,5.35,-0.052,40.31,70.69,1.92,0.73,66.0,0
77.9,18.35,0.118,33.2,81.54,11.1,0.755,125.02,1
88.91,6.74,-0.017,32.57,67.32,2.07,0.837,88.54,0
67.99,4.74,0.015,38.04,61.87,2.16,0.734,70.41,0
72.18,6.59,0.069,36.17,61.09,3.33,0.772,76.42,0
60.0,4.19,-0.022,33.71,68.71,3.3,0.611,60.86,0
133.26,19.67,0.113,25.33,75.53,5.5,0.942,120.2,1
81.3,6.05,0.029,27.02,59.43,3.51,0.658,83.92,0
155.89,22.72,0.238,19.39,85.75,7.32,0.888,154.48,1
91.3,5.72,0.078,33.01,71.04,4.44,0.879,98.51,1
63.49,3.29,-0.07,42.08,73.41,1.67,0.77,68.68,0
112.21,22.16,0.136,30.28,77.51,4.36,0.949,105.31,1
69.45,5.32,-0.041,38.64,66.66,3.47,0.875,64.54,0
97.32,11.68,0.048,28.7,96.62,5.09,0.774,108.38,1
155.37,24.32,0.226,21.75,93.92,7.15,0.961,142.09,1
45.26,4.6,0.011,38.47,50.58,1.31,0.546,46.48,0
51.3,4.09,-0.003,40.92,49.69,0.84,0.565,50.56,0
84.35,10.53,0.115,28.56,88.46,4.67,0.751,101.89,1
89.95,4.41,-0.001,27.82,64.03,1.88,0.722,88.8,0
58.97,3.62,0.067,41.11,58.38,3.86,0.754,56.91,0
40.89,1.53,-0.034,41.49,48.99,0.65,0.493,42.14,0
46.96,3.71,-0.033,37.79,53.99,0.85,0.503,48.49,0
102.28,9.47,0.134,23.99,73.7,7.73,0.759,84.14,1
48.85,1.37,-0.064,25.86,52.38,1.55,0.355,45.34,0
90.85,4.21,0.031,34.42,76.81,2.99,0.87,98.12,0
119.22,17.09,0.181,26.05,70.6,3.67,0.902,132.36,1
98.97,8.26,-0.004,29.82,65.68,3.65,0.914,102.83,1
35.59,2.64,-0.03,53.22,62.86,0.6,0.589,40.46,0
71.43,12.37,0.16,33.45,86.48,10.39,0.711,91.73,1
49.56,4.44,-0.14,36.98,49.82,1.47,0.521,59.1,0
60.69,8.4,0.066,40.34,81.2,11.48,0.755,59.52,1
117.3,12.32,0.202,26.03,82.22,3.4,0.964,105.81,1
79.64,6.21,0.055,41.41,65.34,3.0,0.889,91.46,1
76.09,8.06,-0.025,38.72,78.37,2.32,0.923,76.14,0
78.52,7.82,0.046,40.42,77.15,3.77,0.914,95.26,1
82.36,6.64,-0.012,28.05,63.89,1.23,0.662,82.03,0
113.73,13.89,0.213,27.17,76.47,5.55,0.852,105.16,1
154.36,14.4,0.205,19.58,73.05,6.53,0.864,175.37,1
77.58,4.13,0.066,29.18,57.12,1.24,0.737,72.08,0
90.83,12.1,0.121,28.2,69.85,5.9,0.766,79.21,1
155.12,18.03,0.191,20.78,75.03,5.01,0.971,141.86,1
156.47,21.26,0.229,21.54,87.86,8.1,0.971,200.37,1
97.5,8.16,-0.004,31.32,70.83,5.44,0.955,107.17,1
87.18,8.67,0.021,33.46,71.08,4.25,0.828,96.77,0
57.81,4.27,-0.012,49.01,72.06,1.44,0.76,71.04,0
154.92,23.62,0.226,21.16,81.82,8.0,0.912,164.92,1
41.03,4.32,-0.099,35.34,62.76,1.01,0.454,39.18,0
79.53,9.66,0.226,36.21,69.96,7.05,0.852,87.79,1
89.57,4.41,-0.005,23.37,63.79,1.69,0.638,84.57,0
88.79,3.19,-0.011,30.0,68.22,3.31,0.738,84.81,1
98.22,8.53,0.074,29.68,76.18,3.67,0.895,88.98,1
145.33,22.46,0.187,20.76,97.41,8.95,0.937,111.33,1
43.67,4.51,0.008,49.25,52.88,1.34,0.572,39.31,0
84.1,17.64,0.151,33.79,69.77,6.56,0.909,78.5,1
39.94,3.46,-0.093,41.37,64.55,0.7,0.517,41.34,0
81.91,5.33,0.034,28.74,55.27,2.8,0.646,84.36,0
77.34,7.42,0.013,35.35,80.03,3.67,0.892,81.92,1
89.22,9.41,-0.007,36.62,75.24,3.21,0.89,103.01,0
77.9,6.67,0.045,30.91,69.91,3.37,0.657,89.4,1
53.93,7.26,-0.004,41.88,57.43,2.89,0.731,30.0,0
58.08,4.45,-0.141,30.94,58.25,2.13,0.498,56.32,0
80.56,4.43,-0.057,35.53,70.07,1.77,0.777,74.01,0
136.06,16.53,0.203,22.8,93.21,8.89,0.978,154.62,1
159.38,21.95,0.118,18.22,70.15,6.85,0.945,203.23,1
59.53,5.49,-0.086,38.49,64.94,2.45,0.676,57.92,0
117.05,9.48,0.128,27.3,72.81,4.89,0.862,131.57,1
136.93,16.35,0.24,20.0,76.27,3.4,0.859,142.18,1
40.62,2.53,-0.081,37.3,60.72,2.33,0.463,37.07,0
61.35,18.62,0.216,42.52,78.2,7.22,0.767,55.61,1
140.83,16.49,0.185,21.43,75.16,6.64,0.977,121.41,1
38.0,4.78,-0.154,49.69,55.58,1.37,0.534,36.47,0
60.28,6.49,-0.038,40.14,57.84,2.48,0.758,60.63,0
145.14,25.02,0.185,21.97,89.42,7.44,0.955,133.1,1
65.21,8.73,0.048,44.28,71.65,4.84,0.86,64.56,0
53.89,2.18,-0.035,29.3,57.27,1.74,0.467,48.71,0
89.43,7.53,-0.005,25.34,58.37,3.59,0.608,87.09,0
66.45,8.41,0.043,40.66,72.41,4.37,0.862,68.96,0
88.55,12.06,0.178,30.78,84.13,3.53,0.734,104.88,1
83.52,12.93,0.052,31.07,84.04,3.95,0.799,107.51,1
172.23,18.97,0.261,19.87,82.37,9.81,0.977,183.39,1
60.9,3.11,-0.054,42.71,58.93,2.0,0.729,57.37,0
75.97,10.0,-0.011,39.2,67.89,2.95,0.857,73.91,1
98.58,7.65,0.011,32.24,65.41,2.01,0.875,94.01,0
71.44,6.14,0.067,38.02,78.42,4.22,0.881,72.71,0
88.75,3.91,-0.05,32.29,58.8,2.32,0.778,81.15,0
158.98,26.38,0.211,20.32,98.77,11.63,0.943,194.03,1
114.81,21.11,0.148,27.13,72.04,5.88,0.937,96.9,1
97.35,7.54,0.049,28.66,76.4,3.36,0.823,76.96,1
110.4,13.24,0.248,26.92,80.39,5.85,0.885,134.22,1
73.77,5.86,0.004,31.84,72.73,3.77,0.667,66.5,0
94.56,4.36,-0.035,32.82,79.39,3.1,0.898,90.42,0
109.24,5.92,0.094,21.42,87.36,3.27,0.712,120.12,1
97.9,6.56,-0.001,32.09,76.62,5.44,0.91,92.78,1
137.7,21.02,0.213,25.21,93.21,8.95,0.926,176.9,1
119.14,13.23,0.175,21.24,74.05,7.44,0.819,105.01,1
79.05,3.97,0.059,31.21,73.34,3.96,0.682,78.87,1
94.27,8.95,0.209,27.55,75.18,8.84,0.835,89.48,1
76.06,6.36,-0.042,39.57,70.58,2.59,0.809,77.93,0
84.23,6.46,-0.072,29.08,72.29,2.9,0.709,82.07,0
86.96,6.46,0.017,30.08,61.35,2.69,0.745,85.32,0
72.23,8.77,-0.002,42.68,68.42,3.43,0.83,63.51,0
70.81,14.08,0.08,35.93,82.87,10.42,0.693,69.55,1
93.76,6.28,0.06,29.8,65.4,3.41,0.902,83.1,0
63.98,12.61,0.152,49.37,70.93,8.59,0.839,61.27,1
76.04,12.0,0.127,34.11,82.26,6.29,0.773,94.36,1
53.63,3.73,0.063,47.55,70.5,2.95,0.78,52.93,0
111.41,13.39,0.098,21.6,70.3,7.78,0.753,108.22,1
51.81,3.69,-0.064,42.2,66.67,2.1,0.692,49.56,0
87.61,5.57,0.034,30.02,60.7,2.77,0.753,97.28,0
91.63,6.19,-0.048,31.52,66.99,2.54,0.869,82.0,0
58.3,7.67,0.018,44.43,55.19,1.49,0.714,54.03,0
55.64,2.21,-0.103,39.93,48.26,1.97,0.594,53.26,0
73.19,16.66,0.151,43.32,73.24,7.43,0.899,99.9,1
77.46,5.55,-0.011,38.24,75.49,4.93,0.866,80.53,0
76.14,8.76,-0.007,42.41,66.8,2.4,0.916,65.41,0
155.26,28.68,0.245,18.68,87.22,10.03,0.945,220.0,1
97.87,8.69,0.117,29.05,79.36,5.04,0.846,117.12,1
110.88,17.81,0.103,27.41,75.4,3.32,0.891,112.67,1
58.11,3.74,-0.024,28.83,63.24,0.88,0.495,62.07,0
85.4,8.01,0.246,30.19,70.59,5.19,0.754,92.77,1
151.72,17.82,0.199,18.08,76.38,4.39,0.876,169.04,1
78.96,10.37,0.153,38.2,80.9,4.85,0.8,85.4,1
103.65,13.95,0.03,21.77,84.71,4.85,0.735,107.76,1
72.65,5.69,-0.004,31.43,60.66,2.57,0.644,81.91,0
41.8,4.22,-0.018,32.01,57.52,1.26,0.418,45.65,0
85.69,7.39,0.022,34.49,66.43,3.55,0.853,87.3,1
70.38,6.48,-0.065,35.76,63.31,1.72,0.678,64.3,0
145.64,19.12,0.194,24.98,77.36,6.59,0.979,155.79,1
54.06,3.04,-0.022,48.13,71.48,3.4,0.769,56.7,0
144.12,17.36,0.243,21.58,90.79,8.02,0.954,169.04,1
161.88,28.48,0.292,21.3,96.84,7.14,0.937,219.17,1
50.22,7.34,0.007,43.75,61.95,1.76,0.653,49.24,0
63.2,5.67,0.047,43.19,60.03,1.5,0.816,65.55,0
135.06,20.06,0.127,26.33,84.47,4.93,0.947,132.27,1
131.56,15.5,0.294,24.92,83.59,8.75,0.957,152.77,1
63.31,7.94,0.022,45.79,73.65,3.58,0.904,68.39,0
68.89,3.95,-0.092,30.82,55.5,2.78,0.682,68.74,0
60.4,6.2,0.051,44.91,74.53,2.9,0.842,61.07,0
105.27,7.03,0.08,22.97,86.54,3.53,0.734,117.97,1
70.43,6.05,0.046,39.73,64.13,3.82,0.82,76.9,0
100.19,10.73,0.161,28.98,93.13,4.13,0.79,92.65,1
38.52,4.72,-0.071,38.07,59.42,1.66,0.449,36.81,0
40.67,3.36,-0.142,29.21,53.41,2.24,0.385,39.43,0
51.61,6.01,-0.023,55.13,73.14,2.0,0.785,59.1,0
62.39,4.48,-0.065,43.77,60.23,2.5,0.749,63.49,0
56.44,5.93,0.065,38.23,70.89,1.89,0.609,60.35,0
88.7,9.55,0.026,35.74,65.77,3.47,0.939,73.45,1
88.72,3.39,-0.052,28.58,63.91,2.8,0.813,99.16,0
61.36,3.2,-0.075,39.05,70.27,3.64,0.739,62.82,0
53.35,7.03,-0.013,50.42,57.35,1.57,0.812,37.37,0
139.3,24.75,0.292,21.89,84.6,8.14,0.89,196.09,1
89.31,7.44,0.039,33.75,71.75,2.04,0.938,86.84,0
61.41,6.36,0.004,43.75,77.84,3.94,0.834,67.25,0
79.58,17.83,0.11,39.19,84.46,6.4,0.881,106.71,1
170.65,18.77,0.192,20.96,96.76,9.96,0.951,188.04,1
87.09,5.14,0.073,23.0,74.06,3.73,0.644,85.4,0
88.46,10.29,0.029,27.16,82.08,4.34,0.708,86.9,1
94.62,5.08,0.126,32.75,87.68,3.6,0.883,100.1,1
86.43,12.02,0.126,32.56,79.55,7.19,0.809,88.11,1
52.53,3.24,-0.113,26.94,54.24,2.36,0.388,50.88,0
79.88,10.48,0.085,31.68,94.18,4.4,0.793,87.63,1
52.32,3.03,-0.056,33.79,57.27,2.46,0.547,45.23,0
115.98,10.48,0.17,23.23,74.34,7.35,0.828,132.37,1
73.87,14.73,0.107,39.55,92.62,4.77,0.883,86.51,1
80.82,3.15,0.0,27.91,61.14,1.47,0.607,86.4,0
106.81,16.53,0.071,26.38,87.61,7.57,0.804,130.5,1
49.09,2.57,0.011,32.07,49.59,2.43,0.439,45.38,0
111.04,10.56,0.141,22.58,87.91,10.35,0.723,102.28,1
89.83,9.5,0.094,34.6,79.43,3.39,0.93,98.54,1
86.04,3.67,0.024,31.54,70.97,1.27,0.742,89.65,1
43.16,3.75,-0.057,35.1,60.68,2.43,0.46,38.31,0
168.05,21.12,0.217,21.68,89.43,8.28,0.965,200.49,1
50.51,3.58,-0.051,37.73,51.13,0.71,0.571,42.12,0
77.57,3.37,0.042,35.58,59.28,2.04,0.758,80.52,0
80.93,7.07,-0.042,34.21,69.31,1.38,0.813,71.75,0
115.09,15.54,0.094,28.5,74.87,5.31,0.905,126.07,1
85.76,6.63,-0.011,36.37,74.85,4.21,0.892,81.69,1
49.05,2.15,-0.148,33.12,48.8,0.72,0.502,52.13,0
57.77,4.87,-0.033,35.88,59.93,1.21,0.626,53.27,0
75.73,3.49,-0.098,30.61,64.23,1.74,0.71,77.26,0
51.23,6.99,-0.046,41.32,71.09,1.31,0.648,42.82,0
60.46,9.61,0.08,49.44,72.57,3.83,0.878,51.74,1
100.06,9.88,0.05,26.79,96.69,2.67,0.723,91.26,1
57.49,4.55,-0.005,43.12,68.83,2.45,0.745,66.42,0
80.73,7.63,0.065,29.93,56.58,1.41,0.721,81.84,0
75.09,7.22,-0.093,39.16,61.62,1.33,0.803,88.38,0
172.04,25.76,0.271,18.53,89.92,10.27,0.976,196.65,1
163.06,20.56,0.21,22.24,89.85,11.73,0.985,132.06,1
95.18,7.12,0.1,29.33,81.75,8.48,0.764,86.69,1
81.38,4.52,-0.089,27.53,55.05,3.53,0.638,86.7,0
49.26,3.65,-0.049,36.3,62.32,1.44,0.491,45.55,0
68.15,7.17,0.05,27.48,59.46,2.39,0.605,74.26,0
60.42,4.29,-0.061,39.57,71.26,1.88,0.687,65.89,0
75.76,5.34,0.084,37.97,75.57,2.33,0.937,78.94,1
70.04,9.56,0.073,37.34,76.08,10.27,0.732,63.87,1
116.22,13.14,0.232,27.05,66.46,4.69,0.881,128.72,1
76.75,13.27,0.083,33.88,76.46,8.67,0.766,69.88,1
60.11,3.12,-0.037,35.26,72.84,3.6,0.647,58.12,0
86.4,14.56,0.104,33.02,95.22,5.79,0.87,107.12,1
61.94,4.24,0.028,36.72,67.08,3.19,0.675,75.29,0
39.84,4.44,-0.161,49.16,62.22,1.68,0.557,42.01,0
76.87,10.6,0.02,38.87,97.17,4.99,0.888,71.91,1
39.47,2.97,-0.022,41.73,56.97,2.21,0.501,38.37,0
60.1,8.39,0.082,54.62,72.73,4.82,0.888,72.87,1
88.98,4.73,0.007,30.48,65.64,2.49,0.781,82.72,0
68.0,11.1,0.081,48.46,85.57,3.59,0.877,62.63,1
90.6,11.51,0.196,28.61,80.32,10.95,0.829,111.5,1
65.44,7.63,-0.073,32.97,63.51,3.12,0.674,60.16,0
60.54,19.69,0.203,45.05,78.7,8.94,0.74,92.67,1
86.48,5.83,-0.049,30.41,72.02,2.83,0.71,87.98,0
95.82,6.24,0.017,30.25,66.89,3.63,0.915,99.23,0
93.64,12.6,0.131,29.56,86.66,3.08,0.743,83.01,1
88.48,14.76,0.092,29.56,94.63,5.29,0.811,80.64,1
166.25,26.11,0.162,18.77,88.55,9.6,0.908,160.47,1
89.32,6.82,-0.08,26.98,61.91,2.08,0.665,86.73,0
89.01,7.7,0.072,33.62,95.87,2.63,0.856,69.59,1
101.67,15.37,0.198,32.04,69.33,5.05,0.899,96.91,1
139.26,14.35,0.253,23.25,69.44,5.5,0.945,156.32,1
60.35,7.47,-0.073,36.89,66.66,3.51,0.703,54.06,0
99.65,14.82,0.059,24.5,74.82,10.93,0.717,112.48,1
115.68,8.47,0.081,29.3,80.31,6.63,0.911,113.46,1
82.74,4.78,0.007,32.21,68.66,1.38,0.788,80.5,0
62.7,6.87,-0.017,49.11,78.82,5.39,0.82,69.55,1
77.15,7.0,0.052,37.94,58.03,3.36,0.816,73.73,0
84.39,11.93,0.11,36.78,82.95,5.96,0.905,96.86,1
110.41,18.02,0.255,27.53,77.7,3.28,0.93,101.2,1
103.69,8.5,0.136,26.46,76.48,4.95,0.81,95.55,1
79.02,16.33,0.158,33.15,75.38,4.2,0.81,84.83,1
80.62,6.15,0.021,34.76,67.66,3.34,0.841,94.08,0
58.38,2.0,-0.117,24.13,57.59,0.9,0.378,56.86,0
67.26,7.6,-0.063,41.48,67.95,2.32,0.753,53.62,0
99.08,6.65,-0.019,30.92,75.43,3.79,0.871,96.36,1
76.47,3.62,-0.043,32.87,68.01,1.45,0.765,73.28,0
74.28,3.06,0.019,36.26,64.94,1.21,0.761,75.45,0
92.79,7.52,0.056,29.6,77.16,4.15,0.833,103.58,1
73.98,3.91,-0.047,41.0,63.66,1.37,0.818,79.45,0
56.92,5.02,-0.05,49.8,62.56,3.18,0.812,55.2,0
75.6,9.94,0.072,42.66,70.33,3.15,0.94,71.43,1
50.78,3.91,-0.016,39.17,48.42,2.11,0.568,60.96,0
154.1,19.09,0.129,18.87,83.49,6.26,0.907,169.48,1
145.71,15.33,0.163,22.62,73.82,3.12,0.911,150.93,1
72.78,7.48,0.04,31.66,96.02,4.18,0.734,84.36,0
41.37,4.8,-0.078,43.51,56.94,0.81,0.479,41.23,0
63.18,12.77,0.203,41.95,76.02,9.26,0.834,59.39,1
112.59,16.21,0.114,22.28,74.3,10.43,0.744,127.76,1
68.26,10.43,0.109,33.23,80.54,9.51,0.732,66.96,1
38.61,1.79,-0.166,35.83,52.07,1.26,0.381,36.73,0
72.89,14.58,0.215,42.58,71.42,4.82,0.853,57.83,1
83.76,10.32,0.209,31.86,84.5,6.62,0.807,116.66,1
79.5,12.98,0.197,34.57,79.75,5.06,0.809,66.44,1
76.71,14.51,0.118,43.17,77.41,5.74,0.891,81.08,1
75.29,9.8,0.069,37.9,68.47,2.83,0.926,61.79,1
85.54,6.23,-0.003,39.55,79.09,2.47,0.909,85.28,1
58.48,2.85,0.005,23.35,58.48,2.49,0.41,62.86,0
70.07,8.64,0.226,43.35,77.12,6.7,0.834,86.52,1
46.71,3.7,-0.173,27.17,62.47,1.19,0.384,42.92,0
86.52,7.56,-0.038,36.93,75.49,4.99,0.927,69.41,1
50.18,3.2,-0.076,51.14,72.61,2.59,0.804,44.04,0
65.84,5.54,0.086,47.45,78.67,3.77,0.893,65.05,1
46.13,4.46,-0.082,34.13,56.95,1.32,0.459,44.96,0
71.09,14.68,0.025,39.55,85.36,2.7,0.797,70.8,1
62.74,13.91,0.067,49.21,71.02,6.55,0.839,35.97,1
87.7,3.43,-0.05,29.07,65.79,3.86,0.763,93.15,0
54.77,4.65,-0.134,32.76,62.06,2.19,0.535,54.33,0
50.65,3.21,-0.061,26.58,59.61,1.95,0.421,41.43,0
147.45,20.66,0.186,20.5,70.26,3.93,0.935,113.83,1
61.18,8.15,0.098,45.46,80.81,4.12,0.863,53.11,0
73.31,9.39,-0.026,43.7,67.88,3.69,0.937,81.17,1
46.8,2.15,-0.129,41.81,52.69,1.76,0.533,43.37,0
102.74,14.02,0.128,28.92,72.85,5.65,0.817,110.86,1
153.88,21.4,0.187,23.29,76.28,4.91,0.975,147.49,1
103.04,18.32,0.062,25.52,77.64,10.02,0.833,96.3,1
118.65,16.81,0.149,28.44,83.21,5.35,0.902,117.69,1
47.22,1.37,-0.152,47.2,60.53,2.26,0.593,43.36,0
44.45,3.75,-0.143,34.36,51.57,0.9,0.488,44.25,0
38.06,3.01,-0.043,38.33,63.5,0.92,0.474,37.58,0
65.32,5.78,-0.054,32.95,71.1,1.73,0.637,65.1,0
47.44,2.44,-0.076,40.81,61.98,1.83,0.534,47.38,0
53.54,3.07,0.032,41.82,72.55,2.7,0.658,56.93,0
78.17,6.45,-0.007,37.42,72.81,2.12,0.804,84.56,0
154.56,20.04,0.2,22.14,68.26,3.35,0.937,134.37,1
90.82,10.98,0.229,33.47,77.82,4.44,0.836,97.97,1
111.16,17.3,0.134,25.72,73.38,7.07,0.847,101.95,1
91.33,9.04,0.159,27.99,97.95,3.76,0.745,86.29,1
38.31,3.32,0.012,47.22,52.15,1.44,0.537,38.09,0
78.11,6.52,0.164,29.73,88.4,5.06,0.707,62.64,1
67.84,5.82,0.079,36.78,74.34,3.14,0.767,75.35,1
91.39,11.7,0.241,29.55,76.92,6.6,0.752,88.34,1
64.7,5.68,-0.099,35.62,66.81,3.65,0.718,66.48,0
159.97,20.52,0.205,22.27,98.81,8.95,0.957,184.3,1
73.46,7.34,-0.061,37.88,71.7,3.53,0.768,74.14,0
61.99,4.71,-0.046,34.28,68.87,3.02,0.663,50.22,0
144.58,15.78,0.136,20.99,72.26,5.28,0.947,123.17,1
39.17,2.55,-0.022,33.8,49.99,0.66,0.394,40.25,0
77.69,7.92,0.177,29.31,89.33,5.95,0.739,72.18,1
105.77,14.12,0.082,22.96,88.85,5.88,0.744,132.03,1
113.97,17.65,0.095,24.4,70.9,9.24,0.838,95.77,1
152.62,24.19,0.255,21.62,94.49,10.3,0.987,83.52,1
135.3,15.82,0.222,23.51,92.35,11.57,0.954,155.96,1
45.1,2.91,0.005,37.52,61.59,2.38,0.488,46.18,0
66.01,17.68,0.189,39.09,79.87,8.94,0.703,58.39,1
100.24,13.17,0.242,27.93,69.39,4.69,0.913,79.13,1
90.89,14.62,0.16,28.72,71.33,4.19,0.761,73.43,1
38.26,4.19,-0.008,35.32,55.15,0.76,0.419,43.83,0
99.52,8.65,0.117,29.7,93.58,4.09,0.889,108.04,1
135.06,15.86,0.166,25.34,91.92,11.13,0.907,124.66,1
146.57,13.9,0.15,21.97,67.31,5.27,0.867,166.38,1
80.32,6.85,0.091,35.86,72.81,3.16,0.921,87.21,1
55.52,1.68,-0.077,28.14,60.65,0.76,0.509,53.18,0
57.25,7.91,0.042,47.68,69.04,1.63,0.727,75.31,0
114.8,15.43,0.164,24.66,81.98,8.69,0.821,110.18,1
84.62,7.88,0.146,31.43,90.83,3.05,0.782,71.06,1
90.46,6.67,0.034,31.69,71.61,3.24,0.918,104.5,1
49.53,2.13,-0.128,25.0,48.8,1.41,0.39,48.68,0
87.63,9.77,-0.039,34.2,76.18,5.01,0.945,87.91,1
63.61,5.32,0.087,47.05,70.91,2.18,0.852,66.17,0
138.17,24.5,0.261,20.91,77.19,4.65,0.916,147.66,1
91.27,8.68,0.193,28.61,72.31,7.01,0.818,106.41,1
70.6,6.98,0.053,41.29,72.93,1.6,0.78,56.82,0
66.68,4.93,0.042,43.3,75.1,4.71,0.827,63.21,0
55.66,2.06,-0.165,34.78,62.08,1.55,0.53,48.92,0
151.35,18.02,0.221,18.61,83.53,11.24,0.896,151.55,1
58.97,7.98,0.004,39.8,71.9,2.67,0.729,73.57,0
94.9,5.64,-0.011,33.79,75.14,2.97,0.866,91.56,0
89.12,6.4,0.075,24.19,71.3,3.1,0.663,89.65,0
100.62,13.72,0.121,29.33,86.22,5.09,0.844,70.01,1
75.03,14.5,0.102,36.19,90.41,5.77,0.859,69.57,1
73.88,7.81,0.096,43.57,89.47,4.46,0.864,76.19,1
80.26,3.25,-0.068,27.17,56.38,2.15,0.608,76.57,0
65.75,5.95,0.061,44.08,67.09,2.61,0.816,56.87,0
51.7,3.1,-0.033,30.9,64.94,0.69,0.473,56.19,0
73.59,9.34,0.132,40.16,90.72,4.02,0.821,70.32,1
51.16,4.5,-0.033,25.13,58.53,0.68,0.385,56.35,0
79.02,14.44,0.113,40.66,77.0,6.33,0.911,76.61,1
125.18,23.72,0.213,22.71,75.57,6.56,0.916,160.57,1
111.88,20.31,0.173,26.61,77.23,6.32,0.877,106.67,1
65.87,5.84,0.097,46.87,67.73,5.47,0.836,62.31,1
69.62,5.08,0.045,46.29,65.81,3.02,0.876,73.36,1
54.9,3.57,-0.163,38.8,57.09,1.54,0.571,51.75,0
100.61,5.64,0.077,32.02,85.39,4.36,0.895,100.71,1
81.47,12.3,0.061,28.9,85.85,10.59,0.718,67.38,1
63.84,6.27,-0.098,42.11,61.01,3.64,0.794,46.4,0
91.05,8.95,-0.005,33.95,75.33,3.67,0.91,79.25,0
90.15,7.42,0.209,31.57,77.98,6.81,0.81,84.37,1
110.89,20.84,0.113,26.65,73.12,5.65,0.935,105.03,1
66.46,4.27,-0.085,37.93,69.12,2.83,0.672,62.24,0
91.8,11.33,0.198,30.55,78.51,7.29,0.82,116.76,1
80.24,5.58,-0.088,38.29,62.55,2.09,0.816,78.41,0
56.8,2.32,-0.118,35.15,53.68,1.08,0.53,58.67,0
145.65,21.82,0.263,23.51,80.07,6.19,0.915,160.87,1
99.22,18.6,0.066,22.2,72.85,7.22,0.705,96.76,1
105.19,8.54,0.104,24.89,71.13,11.3,0.712,89.24,1
56.98,4.47,-0.149,30.85,60.37,2.36,0.546,45.08,0
74.19,15.48,0.078,33.81,81.64,7.15,0.773,62.81,1
98.69,8.77,0.052,30.19,65.24,2.02,0.94,129.17,1
54.55,3.36,0.049,45.39,74.85,1.84,0.702,54.76,0
92.18,9.24,-0.004,31.58,68.84,4.33,0.847,88.94,1
44.77,2.24,-0.007,37.6,55.3,1.8,0.544,44.79,0
95.05,8.26,0.171,26.13,75.41,8.35,0.795,99.15,1
94.31,12.74,0.187,31.01,74.04,4.06,0.832,97.66,1
79.96,7.62,-0.099,28.83,72.99,2.97,0.615,60.57,0
63.77,3.71,-0.032,31.13,65.19,3.57,0.603,56.09,0
53.79,7.87,-0.077,48.82,71.18,1.91,0.716,34.05,0
56.64,3.49,-0.057,26.25,52.67,1.18,0.476,58.24,0
82.19,10.78,0.09,29.86,72.59,6.21,0.769,99.4,1
105.87,14.92,0.206,27.11,70.46,8.41,0.806,168.98,1
46.88,2.68,-0.046,31.6,63.45,1.38,0.421,49.62,0
49.01,2.77,-0.005,26.02,54.93,1.25,0.357,49.24,0
70.63,14.61,0.139,35.94,84.67,4.35,0.767,84.15,1
103.04,18.19,0.103,27.24,81.94,9.65,0.785,80.9,1
80.79,3.49,-0.07,31.94,64.53,2.4,0.762,84.62,0
62.93,6.18,-0.064,40.52,70.63,2.82,0.767,48.65,0
70.72,9.22,0.094,32.61,80.28,7.32,0.752,63.33,1
89.71,5.87,0.021,26.66,59.45,2.57,0.744,101.79,0
47.74,1.12,-0.104,33.55,52.96,0.75,0.443,47.39,0
102.61,7.14,0.087,28.56,89.99,5.49,0.844,101.58,1
101.48,15.87,0.101,26.89,69.45,4.54,0.849,125.79,1
76.64,15.68,0.104,32.68,83.59,3.54,0.782,83.02,1
74.7,7.82,0.078,33.86,89.5,3.9,0.721,72.47,1
89.59,8.71,0.026,31.25,92.15,2.51,0.864,97.8,0
62.36,7.06,0.037,40.15,58.15,2.28,0.687,54.59,0
51.54,4.67,-0.073,51.94,60.58,3.66,0.764,49.38,0
44.84,3.44,-0.121,26.34,64.39,1.67,0.385,38.82,0
41.45,1.22,-0.131,43.17,61.95,1.26,0.521,38.12,0
66.88,5.91,0.108,48.79,83.41,3.96,0.868,63.37,1
124.26,24.32,0.14,23.59,72.11,4.96,0.907,145.52,1
160.08,18.28,0.24,21.57,84.78,10.34,0.919,205.78,1
98.13,15.26,0.246,30.36,81.1,3.88,0.808,95.06,1
81.14,5.6,0.048,29.02,66.04,3.85,0.747,71.54,0
41.8,3.53,-0.173,51.55,52.75,1.12,0.585,37.85,0
102.07,15.73,0.075,28.95,76.49,11.47,0.834,113.22,1
99.71,15.16,0.182,27.19,73.87,4.77,0.759,116.71,1
98.81,14.1,0.224,26.97,71.71,3.55,0.839,86.26,1
64.51,19.62,0.219,43.16,71.95,10.61,0.807,78.07,1
73.19,10.76,0.026,41.08,95.22,3.41,0.894,86.94,1
79.5,7.62,0.086,29.8,87.09,11.12,0.723,78.52,1
35.07,3.07,-0.021,39.2,55.46,0.93,0.417,33.11,0
85.13,12.9,0.142,29.36,88.64,5.47,0.737,111.48,1
143.09,15.98,0.111,22.56,73.03,4.41,0.871,186.59,1
77.55,5.66,0.039,37.55,62.03,1.44,0.772,83.56,0
102.13,15.09,0.209,29.98,76.01,7.44,0.854,102.6,1
86.19,6.66,0.034,25.44,67.35,2.14,0.619,96.24,0
155.57,16.56,0.229,20.36,94.75,9.41,0.93,178.77,1
59.8,2.41,-0.042,23.47,61.68,2.09,0.392,62.47,0
75.95,17.88,0.24,36.56,77.81,7.06,0.813,115.36,1
75.97,5.88,-0.027,34.21,72.43,3.62,0.719,86.36,0
83.63,12.86,0.082,33.72,91.08,3.55,0.833,82.01,1
67.34,5.45,0.076,33.27,71.6,3.06,0.714,59.56,0
77.83,6.24,0.037,26.35,59.83,3.35,0.616,78.84,0
60.04,8.19,0.027,45.73,65.35,2.7,0.864,69.27,0
139.14,22.0,0.142,24.46,83.0,5.49,0.941,179.1,1
77.44,7.78,0.013,32.5,70.94,1.63,0.69,69.27,0
44.15,1.62,-0.148,43.91,58.59,0.93,0.596,40.15,0
65.96,16.9,0.184,43.75,71.22,10.95,0.878,66.49,1
73.11,4.76,0.098,48.0,79.7,2.32,0.957,69.85,0
123.09,20.96,0.245,27.72,75.88,5.14,0.96,136.31,1
54.44,1.68,-0.032,27.86,54.52,0.75,0.435,55.41,0
118.22,10.99,0.096,27.39,74.22,4.59,0.858,105.33,1
80.16,5.43,-0.091,27.38,60.98,2.56,0.642,75.87,0
78.05,3.36,0.03,30.58,74.7,2.16,0.754,78.79,0
69.13,5.72,0.15,44.4,97.61,3.58,0.844,65.76,1
105.23,16.96,0.21,27.89,74.01,4.26,0.803,98.0,1
65.89,18.74,0.152,39.7,85.08,9.84,0.798,45.51,1
68.56,3.55,0.018,34.41,72.28,3.16,0.637,66.87,0
63.48,8.79,0.082,41.81,81.98,3.05,0.826,64.05,0
95.44,5.61,0.028,34.0,78.45,2.88,0.907,95.88,1
135.29,24.86,0.288,20.33,82.22,9.67,0.889,126.05,1
69.25,4.24,-0.014,35.32,69.61,3.85,0.715,66.38,0
64.2,4.29,0.014,46.57,70.29,1.78,0.807,61.38,0
78.51,4.45,-0.012,31.02,56.68,3.35,0.666,80.32,0
81.6,10.4,0.153,40.53,69.31,6.73,0.888,76.14,1
60.78,3.56,-0.053,43.97,56.11,1.99,0.779,60.12,0
153.7,15.25,0.24,18.55,78.53,6.45,0.926,188.84,1
85.38,3.66,-0.039,24.64,71.7,3.6,0.617,85.49,0
111.04,13.33,0.212,29.59,81.78,6.19,0.978,134.49,1
45.81,3.64,0.014,33.64,61.52,1.72,0.412,42.62,0
71.05,12.2,0.026,39.6,87.13,4.01,0.749,66.49,1
113.03,24.55,0.201,31.38,80.45,5.64,0.956,77.12,1
86.1,3.64,0.062,27.1,60.36,2.9,0.715,93.22,0
131.45,17.56,0.293,26.26,85.76,11.43,0.929,135.44,1
61.77,6.17,0.087,49.12,74.83,3.12,0.845,65.86,0
110.0,15.28,0.129,28.74,82.21,6.66,0.877,91.92,1
91.55,7.31,0.064,31.3,94.43,3.39,0.762,113.19,1
61.22,6.02,0.075,37.34,60.79,1.99,0.607,55.06,0
55.31,7.06,-0.051,50.97,64.76,1.88,0.789,53.39,0
78.56,3.91,0.069,25.07,59.44,2.01,0.621,85.67,0
45.17,2.83,-0.076,29.06,51.72,2.13,0.36,42.09,0
39.59,4.29,0.011,32.71,61.29,1.27,0.423,30.0,0
49.99,2.64,-0.028,36.61,64.08,1.43,0.537,44.36,0
85.51,8.97,-0.026,42.31,76.62,4.73,0.957,76.55,1
87.72,7.93,0.184,30.75,72.92,6.62,0.854,96.53,1
35.06,4.22,-0.009,59.07,49.4,1.89,0.553,33.75,0
38.01,1.13,-0.005,48.61,58.99,2.43,0.511,36.2,0
77.23,11.04,0.156,35.82,83.57,3.55,0.794,53.59,1
80.86,6.66,0.016,30.73,73.37,2.12,0.69,69.04,0
57.61,1.18,-0.094,28.96,61.79,0.98,0.539,57.71,0
82.11,5.11,-0.074,27.69,67.81,2.83,0.619,79.8,0
113.83,24.31,0.113,27.86,74.86,6.34,0.927,144.76,1
85.8,18.45,0.214,33.68,78.19,10.66,0.79,106.74,1
56.16,6.18,0.05,41.88,61.46,2.46,0.641,43.95,0
97.91,8.17,0.059,30.23,89.68,4.58,0.839,119.44,1
95.5,9.21,-0.028,33.2,72.47,3.0,0.902,106.85,1
87.99,12.75,0.035,32.13,82.41,5.11,0.761,115.89,1
67.09,10.04,0.104,37.78,94.52,3.47,0.708,85.17,1
90.15,17.96,0.116,29.65,84.66,4.48,0.76,124.2,1
73.84,6.54,-0.097,35.63,64.57,2.65,0.784,61.53,0
59.73,4.21,-0.118,28.16,55.43,2.25,0.546,52.68,0
89.77,5.09,-0.007,36.97,66.31,2.7,0.921,77.91,0
153.78,21.47,0.195,18.73,81.54,3.5,0.863,159.63,1
95.17,17.08,0.104,32.92,76.68,4.96,0.889,93.92,1
103.47,12.72,0.09,30.13,75.63,11.49,0.863,107.46,1
146.94,17.1,0.205,21.77,85.53,7.4,0.888,89.24,1
76.85,7.7,-0.032,34.74,66.75,3.01,0.773,82.66,0
94.05,12.13,0.065,31.42,83.88,2.53,0.83,71.81,1
97.2,11.22,0.061,34.36,96.01,4.3,0.885,97.3,1
171.76,21.47,0.221,17.94,84.02,7.76,0.889,127.11,1
144.33,16.08,0.226,22.51,93.99,11.02,0.954,179.41,1
65.6,11.34,0.085,40.36,86.74,2.95,0.791,54.5,1
62.33,7.8,0.07,39.38,73.07,3.3,0.742,51.11,0
97.8,7.58,0.191,30.07,71.05,10.86,0.797,106.18,1
56.32,4.1,-0.044,26.4,50.32,1.15,0.449,59.87,0
71.46,9.47,0.172,30.21,72.69,8.67,0.682,52.66,1
157.99,20.71,0.178,20.56,72.7,5.6,0.865,209.39,1
57.81,6.12,-0.057,39.85,65.18,1.79,0.644,54.67,0
116.87,11.94,0.135,22.21,74.64,5.74,0.78,141.19,1
63.91,8.19,0.085,46.02,74.37,4.11,0.824,76.86,0
75.43,8.91,0.031,42.39,77.23,5.25,0.877,74.61,1
54.74,5.67,-0.092,48.29,59.8,2.47,0.748,54.59,0
86.57,10.07,0.2,32.32,80.82,9.99,0.833,77.65,1
150.18,16.95,0.225,20.78,80.92,3.42,0.889,146.74,1
150.38,20.58,0.225,19.79,76.18,3.26,0.918,157.92,1
71.67,6.63,0.023,35.95,70.9,2.96,0.82,72.62,0
128.13,15.26,0.254,25.95,75.71,6.86,0.908,125.04,1
66.02,6.26,0.138,37.91,83.88,5.09,0.782,71.51,1
73.56,6.71,0.009,35.66,63.68,2.07,0.819,83.27,0
58.67,4.89,-0.074,27.08,57.89,1.49,0.501,57.27,0
52.62,5.18,-0.066,46.75,70.23,2.93,0.795,60.33,0
131.96,20.55,0.254,24.47,74.47,4.05,0.949,173.24,1
117.3,16.2,0.085,27.41,70.9,5.78,0.883,79.13,1
79.46,8.05,0.154,39.57,95.17,3.49,0.865,95.17,1
51.47,4.03,-0.007,46.89,57.24,1.32,0.689,42.72,0
90.95,14.3,0.069,35.34,83.38,2.81,0.899,81.43,1
53.72,2.69,-0.123,35.91,64.26,2.48,0.549,53.68,0
81.95,7.97,0.046,33.61,62.52,2.87,0.746,88.21,0
85.27,8.31,0.136,32.86,81.5,4.25,0.913,96.36,1
37.07,4.86,-0.056,47.89,62.51,1.24,0.513,46.44,0
91.69,19.58,0.072,33.19,80.35,10.73,0.832,89.42,1
86.21,3.03,-0.012,33.71,73.52,3.04,0.795,81.18,0
79.58,7.86,0.028,31.61,89.29,3.8,0.801,73.56,0
97.76,9.8,-0.049,32.28,80.11,2.13,0.844,89.31,0
89.0,13.39,0.21,33.52,69.71,6.74,0.791,109.61,1
58.53,1.91,-0.11,21.89,49.05,1.99,0.405,57.48,0
37.32,2.43,-0.168,38.32,49.19,2.27,0.395,34.13,0
118.31,20.53,0.159,26.45,66.57,4.69,0.856,144.61,1
62.44,6.83,-0.09,41.31,57.55,3.62,0.687,71.03,0
89.36,14.15,0.126,30.68,70.49,9.61,0.759,90.94,1
165.56,23.74,0.201,18.62,97.02,9.06,0.882,158.91,1
53.47,6.99,0.016,43.84,73.39,1.64,0.737,51.12,0
57.58,5.12,0.057,51.11,66.81,3.04,0.794,50.68,0
96.72,12.7,0.122,24.69,88.4,4.15,0.755,108.33,1
150.35,17.26,0.225,20.0,98.02,8.18,0.886,140.86,1
141.41,12.03,0.184,24.46,83.53,4.97,0.944,149.94,1
92.1,5.77,0.081,31.48,66.77,5.29,0.91,77.58,1
94.39,15.64,0.09,29.05,72.6,7.13,0.75,57.63,1
53.77,2.77,-0.161,26.92,53.01,2.08,0.462,57.92,0
174.36,16.25,0.167,20.55,87.71,10.57,0.989,154.7,1
144.16,18.0,0.191,22.59,95.97,10.36,0.964,137.15,1
86.58,7.32,-0.042,26.96,70.6,2.39,0.672,71.76,0
66.89,4.21,-0.066,30.01,55.23,1.99,0.631,64.23,0
43.54,3.08,0.009,36.6,48.53,1.29,0.437,43.16,0
63.61,4.46,0.065,37.16,74.41,3.53,0.665,57.53,0
100.17,11.51,0.133,23.77,75.33,9.15,0.701,109.64,1
63.74,5.36,0.034,40.32,65.12,3.16,0.701,68.63,0
43.84,2.01,-0.041,32.02,63.3,1.33,0.394,43.1,0
72.81,3.27,0.028,36.37,74.65,2.37,0.774,71.89,0
138.51,16.86,0.297,21.24,94.39,9.16,0.91,156.74,1
115.67,12.64,0.176,22.52,73.51,6.49,0.788,103.74,1
94.0,8.43,0.064,29.54,73.42,2.1,0.845,95.44,0
63.92,7.57,0.079,35.38,65.34,2.43,0.736,70.97,0
159.22,26.33,0.289,20.51,88.1,11.68,0.923,198.3,1
106.82,9.88,0.104,24.34,75.7,10.92,0.758,107.52,1
51.49,3.69,-0.061,52.26,58.62,2.27,0.741,51.58,0
38.12,1.32,-0.072,51.48,63.49,1.86,0.525,35.49,0
55.98,4.24,-0.047,27.02,48.3,1.13,0.477,48.86,0
36.28,4.1,-0.154,38.29,64.62,1.38,0.439,37.95,0
83.96,16.09,0.126,35.5,70.12,5.21,0.868,97.87,1
146.26,20.45,0.254,20.34,78.22,3.51,0.874,139.87,1
62.81,9.04,-0.007,44.23,75.89,2.77,0.868,62.94,0
83.18,7.77,0.206,35.47,78.07,7.55,0.868,85.28,1
62.95,8.24,-0.009,43.44,65.23,3.84,0.893,54.39,0
106.63,10.01,0.036,22.68,82.74,4.36,0.768,84.34,1
99.27,9.82,0.156,32.33,97.51,3.41,0.888,99.26,1
67.52,5.13,0.056,29.09,64.56,2.86,0.632,66.15,0
76.27,7.64,0.03,36.13,56.39,2.58,0.795,84.18,0
104.45,9.17,0.192,25.91,69.15,5.38,0.775,108.61,1
49.78,1.86,-0.15,31.67,51.79,1.94,0.502,46.94,0
63.59,6.87,0.05,38.36,59.13,3.88,0.676,59.77,0
76.98,4.41,-0.034,37.19,70.15,5.49,0.851,79.72,0
161.4,27.66,0.187,19.65,84.62,11.24,0.896,208.38,1
69.47,5.44,0.035,45.56,69.41,2.74,0.931,68.88,0
67.38,16.72,0.148,36.78,85.7,10.16,0.783,34.83,1
92.08,8.31,0.021,31.32,71.97,4.81,0.935,84.64,0
67.4,16.83,0.069,44.22,83.02,9.81,0.817,88.16,1
98.47,13.08,0.167,29.73,72.14,6.28,0.905,102.25,1
114.61,24.4,0.123,29.64,73.49,6.35,0.939,114.03,1
61.1,6.58,0.055,43.04,78.77,2.19,0.853,53.1,0
71.37,10.8,0.159,36.97,84.94,7.5,0.768,84.33,1
108.49,9.68,0.215,26.02,75.31,5.63,0.789,114.18,1
66.01,4.46,0.08,50.72,73.9,4.32,0.936,58.58,0
47.03,4.8,-0.012,34.9,51.83,2.29,0.466,45.85,0
45.12,1.45,-0.03,33.9,58.31,1.68,0.429,48.33,0
37.04,3.66,-0.141,43.48,56.71,1.91,0.448,37.0,0
145.25,13.24,0.17,19.52,72.97,5.59,0.886,164.89,1
79.25,6.63,0.053,26.91,70.19,1.36,0.688,80.34,0
63.27,3.98,-0.007,38.13,74.51,3.58,0.64,62.96,0
75.79,11.36,0.146,32.77,86.74,4.28,0.8,47.25,0
78.84,5.26,0.062,38.28,57.51,3.99,0.803,87.12,0
60.74,9.82,0.018,52.42,71.55,4.76,0.947,66.24,1
64.51,7.73,0.026,43.71,65.87,3.77,0.785,74.12,0
163.72,23.92,0.251,19.04,87.11,9.63,0.978,120.62,1
133.38,13.95,0.214,21.85,82.18,4.37,0.892,115.67,1
120.19,22.18,0.19,26.22,65.63,4.87,0.877,123.04,1
74.05,5.49,0.009,44.72,72.19,2.91,0.954,82.26,1
71.86,18.98,0.148,39.17,87.35,7.15,0.783,79.62,1
55.46,2.95,-0.179,31.15,50.61,1.67,0.481,59.8,0
37.6,1.39,-0.01,32.67,52.83,2.38,0.362,38.28,0
51.86,1.89,-0.126,31.96,58.85,2.42,0.477,48.78,0
82.21,10.54,0.166,34.03,72.92,7.37,0.804,75.86,1
70.47,5.66,0.072,48.37,76.54,3.51,0.944,62.32,1
82.61,5.63,-0.028,36.36,73.35,3.65,0.953,75.93,0
47.6,3.97,-0.13,34.19,51.04,1.27,0.442,56.45,0
73.16,7.85,-0.044,39.56,67.46,2.8,0.868,82.59,0
87.2,5.93,0.036,30.91,88.47,3.12,0.835,87.46,0
80.35,6.16,0.072,40.71,76.72,3.35,0.931,82.02,1
93.79,8.32,0.161,32.71,87.03,5.3,0.897,74.23,1
61.68,7.6,0.033,36.75,70.03,3.21,0.697,55.68,0
69.69,17.87,0.188,44.99,70.35,9.2,0.879,109.02,1
76.86,8.02,0.096,33.07,73.59,7.0,0.815,85.04,1
67.71,7.79,-0.009,28.51,60.83,2.96,0.629,68.14,0
78.17,5.49,0.072,34.35,68.24,3.61,0.73,82.7,0
71.41,10.83,0.122,34.82,82.91,4.77,0.751,77.4,1
102.46,17.1,0.162,24.99,82.97,9.35,0.715,131.14,1
81.74,9.74,0.044,36.21,79.33,3.33,0.9,113.76,1
58.82,6.41,0.044,45.92,65.46,2.02,0.727,60.48,0
147.72,18.24,0.219,18.86,66.2,3.82,0.894,203.93,1
82.12,10.3,0.034,35.07,82.52,4.72,0.854,84.75,1
67.35,7.14,0.067,45.47,71.25,2.5,0.878,70.7,1
66.6,7.97,-0.045,52.0,80.67,4.09,0.937,77.65,0
53.38,4.14,-0.043,45.79,64.68,2.18,0.77,46.6,0
76.45,9.72,0.164,39.83,76.81,6.41,0.822,70.94,1
54.74,3.41,-0.042,45.53,57.0,3.2,0.72,50.85,0
148.05,26.31,0.19,22.87,80.26,9.67,0.922,192.78,1
61.12,7.68,0.077,45.2,70.32,5.49,0.889,65.48,1
71.89,8.92,-0.0,44.63,76.66,3.64,0.934,69.43,0
78.88,9.16,0.202,41.95,80.27,7.15,0.894,85.99,1
118.36,21.51,0.236,24.79,83.19,3.04,0.87,128.11,1
61.18,13.8,0.12,47.08,83.8,10.34,0.805,60.52,1
92.64,7.93,0.052,33.74,70.53,5.35,0.852,85.21,1
72.42,10.45,0.098,40.91,89.53,4.75,0.789,81.08,1
112.12,17.23,0.157,23.28,73.74,5.81,0.801,56.21,1
96.43,6.51,0.099,31.92,68.19,3.79,0.835,106.35,1
67.02,7.26,-0.05,35.32,60.57,1.8,0.704,62.18,0
73.39,8.72,0.062,44.12,81.87,5.41,0.87,56.99,1
62.52,3.08,0.014,36.47,67.6,2.81,0.722,68.93,0
144.77,16.69,0.193,19.64,65.44,6.51,0.898,167.96,1
58.85,5.06,-0.032,32.42,63.47,2.54,0.62,59.47,0
151.97,16.31,0.284,20.79,81.07,10.97,0.952,143.21,1
83.91,4.49,-0.041,36.33,81.69,3.69,0.908,78.66,1
117.36,10.41,0.121,27.3,79.0,3.72,0.904,112.66,1
75.32,5.19,0.045,42.84,66.17,4.37,0.913,81.24,1
35.88,3.22,-0.057,39.64,63.32,1.22,0.458,38.58,0
89.56,4.16,-0.029,28.32,72.23,2.36,0.701,97.1,0
38.92,2.64,-0.149,47.07,51.02,1.4,0.587,36.59,0
118.12,8.42,0.11,24.64,78.56,4.82,0.815,127.3,1
66.61,7.6,0.01,49.84,74.68,2.21,0.891,64.16,0
90.11,7.42,0.135,27.1,76.74,10.58,0.765,105.62,1
57.05,5.61,0.024,38.22,65.92,2.04,0.605,65.99,0
65.88,7.14,0.029,39.48,71.25,2.56,0.782,65.45,0
90.61,6.17,-0.037,36.58,71.75,2.46,0.94,83.56,0
144.83,19.91,0.138,20.89,66.73,4.49,0.967,150.28,1
106.04,5.35,0.088,25.93,86.02,2.87,0.872,98.55,1
88.72,5.43,0.055,40.43,79.69,4.22,0.96,77.35,0
99.64,7.42,-0.009,35.53,79.35,2.3,0.948,86.66,1
43.58,2.28,-0.077,40.78,55.24,1.38,0.495,39.09,0
130.14,28.26,0.257,22.52,88.02,11.64,0.958,105.1,1
91.76,10.32,0.104,33.62,97.9,5.96,0.819,105.36,1
71.95,4.59,0.001,35.93,61.23,2.97,0.737,70.79,0
104.88,12.51,0.102,23.83,68.97,4.78,0.804,111.84,1
58.14,1.41,-0.017,34.6,55.95,0.7,0.577,56.7,0
155.5,19.99,0.26,19.62,95.76,7.28,0.945,147.84,1
72.68,7.4,0.046,33.14,66.48,2.97,0.749,72.11,0
89.22,16.88,0.221,27.5,84.76,4.42,0.763,145.66,1
87.75,5.22,0.045,25.96,72.46,3.53,0.663,86.35,0
97.53,8.86,0.174,24.46,88.45,5.0,0.708,68.71,1
74.26,12.37,0.2,37.21,76.03,9.86,0.789,47.64,1
68.25,11.21,0.087,41.76,85.75,3.37,0.786,85.39,1
93.97,9.09,0.088,26.53,76.29,5.97,0.788,87.51,1
111.89,23.22,0.219,28.74,68.64,4.29,0.952,113.01,1
51.45,3.14,-0.07,25.92,56.07,2.17,0.389,48.63,0
80.19,3.67,0.004,35.62,62.61,1.32,0.812,74.47,0
51.88,3.96,-0.091,40.63,72.1,3.26,0.638,51.47,0
150.15,15.96,0.26,18.81,85.75,8.38,0.921,169.06,1
79.71,3.73,-0.006,26.61,67.56,2.23,0.604,78.52,0
69.96,11.46,0.037,39.54,84.16,5.8,0.823,64.97,1
70.7,5.42,0.073,41.75,84.3,5.27,0.878,74.11,0
89.91,3.34,0.043,23.15,61.3,3.01,0.615,91.76,0
72.61,7.83,0.047,31.71,67.0,1.34,0.68,87.91,0
86.06,4.42,0.062,29.48,56.55,2.26,0.746,91.39,0
74.1,4.7,0.033,38.5,80.56,5.03,0.838,75.26,1
73.69,7.44,-0.088,32.13,66.26,1.69,0.752,65.34,0
52.35,2.36,0.02,34.78,57.62,1.82,0.574,52.47,0
136.07,23.35,0.101,20.89,77.54,3.64,0.914,164.99,1
154.07,22.67,0.2,20.26,85.72,9.48,0.977,157.2,1
71.08,6.82,-0.019,30.03,67.08,2.27,0.661,68.98,0
86.41,5.68,-0.064,30.21,71.06,3.32,0.748,95.56,0
52.7,3.29,-0.048,27.78,48.34,2.37,0.392,52.16,0
100.46,8.72,0.044,27.9,93.62,3.67,0.771,112.85,1
111.16,18.61,0.171,21.55,86.9,7.64,0.72,147.27,1
55.67,1.83,-0.052,30.39,58.61,2.42,0.464,53.99,0
88.68,5.93,-0.069,29.25,55.84,1.73,0.738,86.36,0
82.14,11.23,0.161,36.72,82.21,8.82,0.853,99.13,1
85.35,9.14,0.196,29.79,75.85,4.42,0.771,97.24,1
46.77,4.58,-0.044,26.94,62.95,1.55,0.393,38.32,0
88.37,16.06,0.192,35.41,71.85,4.63,0.831,94.56,1
63.72,6.08,-0.01,33.56,73.89,1.45,0.605,67.86,0
82.37,6.7,-0.02,32.99,73.25,2.42,0.797,87.96,0
86.71,10.63,0.07,31.02,85.19,9.22,0.732,78.15,1
70.19,14.37,0.209,41.55,83.75,10.32,0.848,96.17,1
66.78,5.71,0.037,40.66,78.29,3.31,0.864,72.31,0
122.66,24.75,0.173,28.25,83.21,3.62,0.938,155.73,1
88.16,5.01,0.05,33.95,78.58,4.66,0.942,90.4,1
91.91,19.27,0.13,25.05,73.43,6.77,0.741,63.23,1
82.97,5.06,0.078,37.99,79.7,3.5,0.904,86.46,1
149.84,19.74,0.209,18.57,79.7,6.93,0.882,154.42,1
141.86,18.73,0.253,19.04,67.73,3.15,0.85,130.23,1
50.56,4.47,-0.173,22.3,64.83,1.88,0.357,49.4,0
125.33,24.81,0.141,27.94,69.82,4.59,0.948,197.65,1
61.55,12.34,0.109,36.27,76.4,11.16,0.685,60.2,1
92.21,10.88,0.068,28.09,78.47,7.98,0.738,85.33,1
78.89,3.15,-0.011,30.83,59.75,2.82,0.749,78.56,0
71.78,17.64,0.107,36.8,73.9,8.28,0.843,30.0,1
110.3,18.04,0.113,31.74,74.87,5.76,0.959,111.03,1
52.05,4.69,-0.095,39.73,55.76,2.54,0.611,49.9,0
141.0,19.15,0.246,22.8,86.44,10.78,0.957,144.1,1
48.06,1.58,-0.133,34.3,64.61,1.94,0.532,45.07,0
53.31,1.66,-0.03,32.04,61.17,1.66,0.489,50.47,0
69.95,8.32,0.077,50.8,65.5,4.19,0.942,59.49,1
113.88,10.64,0.088,24.53,69.7,3.96,0.823,119.69,1
100.63,17.05,0.2,30.95,75.0,4.77,0.893,117.3,1
41.61,2.48,-0.09,30.59,62.96,1.57,0.354,45.08,0
137.74,22.79,0.289,21.88,86.57,8.86,0.904,99.49,1
51.85,2.94,-0.148,35.14,52.07,1.67,0.587,54.26,0
57.97,4.71,-0.107,23.38,61.09,1.1,0.38,56.79,0
56.53,1.9,0.002,24.89,51.84,2.27,0.407,58.37,0
109.97,16.02,0.19,22.79,79.77,3.75,0.782,127.64,1
148.58,16.32,0.248,21.03,71.64,3.75,0.976,158.5,1
83.01,5.52,0.098,34.59,90.49,5.9,0.846,84.85,1
111.14,8.25,0.088,24.9,75.29,10.33,0.823,109.78,1
54.9,3.21,-0.164,28.55,53.67,2.14,0.447,49.37,0
87.67,4.39,-0.044,32.91,78.15,3.87,0.86,93.5,0
95.87,6.98,0.042,33.56,73.88,4.74,0.958,95.9,1
80.15,6.54,0.1,41.25,65.7,4.73,0.946,87.22,1
35.63,2.78,-0.15,59.61,48.22,2.26,0.568,33.24,0
89.7,14.54,0.148,31.15,96.81,3.06,0.839,86.43,1
93.72,4.61,0.09,31.23,72.47,3.19,0.924,94.63,1
106.37,13.91,0.127,21.53,72.83,11.45,0.744,94.6,1
72.47,8.62,0.028,39.01,81.88,4.17,0.864,71.35,0
46.59,4.36,0.017,35.78,50.35,1.68,0.446,47.77,0
103.28,14.02,0.133,26.71,83.04,5.0,0.853,66.8,1
68.8,3.48,-0.039,40.58,63.01,3.91,0.782,66.51,0
128.3,15.27,0.223,21.35,83.54,3.47,0.889,142.16,1
111.75,9.7,0.179,23.99,77.57,3.57,0.775,99.72,1
70.87,3.21,0.024,36.67,67.46,2.68,0.726,74.5,0
172.46,25.17,0.287,18.51,84.98,11.77,0.982,179.65,1
60.74,9.77,-0.016,48.31,81.5,2.17,0.902,76.7,0
55.18,4.54,-0.146,26.32,60.14,1.96,0.443,55.39,0
85.21,11.21,0.232,35.48,68.25,4.8,0.905,83.63,1
57.65,5.17,0.073,36.89,70.83,1.74,0.621,59.91,0
102.18,16.0,0.182,30.08,75.5,8.32,0.843,106.16,1
110.62,18.51,0.187,21.89,85.98,11.06,0.684,101.81,1
143.45,21.86,0.264,24.26,86.52,8.57,0.969,152.42,1
76.81,7.94,-0.045,39.12,74.74,2.74,0.831,94.77,0
90.89,8.26,0.086,33.47,69.41,2.88,0.84,76.08,1
67.5,18.61,0.168,37.11,87.38,10.75,0.786,74.07,1
47.7,2.94,-0.011,30.37,55.68,1.81,0.387,47.76,0
84.27,9.11,0.062,34.32,80.23,4.91,0.943,95.76,1
72.44,6.42,0.052,44.65,70.5,3.4,0.863,64.95,0
35.16,1.95,0.008,60.84,56.99,1.83,0.589,34.86,0
62.24,6.25,0.046,56.46,77.36,3.23,0.946,70.56,1
129.28,12.03,0.13,25.18,65.66,5.38,0.971,138.97,1
131.48,17.21,0.112,20.56,66.26,3.22,0.866,119.76,1
41.54,3.63,-0.158,44.48,56.12,2.43,0.578,39.89,0
35.77,3.36,-0.114,50.64,56.05,1.47,0.493,33.47,0
66.64,6.37,-0.091,38.75,64.57,3.93,0.716,54.19,0
117.75,18.62,0.241,25.92,72.13,4.51,0.918,89.65,1
50.75,2.23,-0.131,38.23,61.75,1.79,0.535,50.02,0
81.46,5.72,0.117,32.67,94.44,3.75,0.751,92.78,1
55.81,1.27,-0.121,32.47,54.87,1.58,0.568,53.72,0
97.63,10.65,0.221,27.97,74.12,3.88,0.784,101.38,1
79.94,7.88,-0.091,30.93,62.37,1.63,0.773,75.03,0
110.81,17.52,0.103,27.65,71.89,8.11,0.868,116.94,1
72.68,3.48,-0.024,30.64,68.96,3.38,0.713,71.03,0
94.38,9.61,0.208,31.3,80.29,3.8,0.862,104.27,1
84.47,4.03,-0.048,27.52,65.47,1.91,0.697,87.33,0
95.92,11.45,0.038,35.13,91.0,4.19,0.897,98.55,1
150.25,17.19,0.233,21.36,70.23,3.97,0.967,131.67,1
45.46,1.44,-0.134,46.75,57.63,1.11,0.568,41.7,0
148.27,19.75,0.223,18.77,69.19,4.01,0.892,182.34,1
93.55,12.06,0.08,35.96,79.59,5.29,0.896,112.23,1
39.32,1.51,-0.128,33.14,64.4,2.08,0.42,37.54,0
91.46,5.02,0.004,34.06,69.63,3.08,0.865,96.5,0
53.64,5.98,0.055,37.97,67.7,2.63,0.617,50.16,0
69.53,11.76,0.07,36.44,93.48,5.81,0.768,71.87,1
60.61,17.73,0.099,41.24,82.37,10.45,0.747,42.91,1
51.64,4.83,-0.003,36.47,64.03,2.26,0.525,70.1,0
60.35,4.18,0.062,50.36,77.94,5.32,0.898,77.44,1
64.86,15.15,0.067,41.07,79.5,10.06,0.804,58.69,1
144.18,18.22,0.197,20.32,81.73,7.0,0.892,135.93,1
88.75,5.03,0.061,36.44,75.29,2.83,0.88,89.13,1
155.33,27.02,0.237,18.78,96.32,9.86,0.904,150.7,1
82.47,8.05,0.052,39.07,80.23,4.89,0.921,96.8,0
75.56,7.61,-0.015,30.83,55.76,3.72,0.717,80.27,0
113.81,9.63,0.093,22.62,81.89,8.7,0.777,122.32,1
98.48,5.97,0.052,32.25,76.11,2.4,0.921,99.88,1
90.53,5.2,0.002,29.82,80.08,5.0,0.849,86.36,0
87.45,6.96,0.021,33.87,75.83,2.83,0.943,98.66,1
111.34,8.99,0.175,25.97,72.52,10.38,0.779,114.87,1
97.1,12.74,0.12,27.25,80.13,7.3,0.74,117.77,1
81.98,9.09,0.088,38.28,75.22,3.12,0.946,98.0,1
56.45,7.99,-0.081,44.76,65.62,2.85,0.734,63.87,0
62.32,9.98,0.097,44.46,68.54,2.64,0.893,58.7,1
90.82,13.25,0.228,31.54,77.25,6.3,0.762,133.35,1
79.59,5.74,0.038,35.76,72.77,1.45,0.819,84.85,0
82.93,11.19,0.157,30.22,77.06,10.68,0.762,100.69,1
85.8,9.24,0.043,39.15,65.6,4.39,0.889,92.24,1
68.77,4.12,0.025,31.11,72.74,2.19,0.639,74.96,0
40.4,2.93,-0.044,35.07,59.93,1.78,0.426,42.35,0
50.48,6.58,-0.025,56.56,65.15,1.43,0.758,46.68,0
114.3,14.06,0.176,29.24,70.86,5.27,0.973,138.48,1
70.06,5.89,-0.062,42.43,57.21,3.13,0.804,61.33,0
53.36,3.14,-0.04,48.52,69.35,3.5,0.774,50.5,0
68.74,6.02,-0.021,41.72,71.19,2.51,0.838,76.38,0
51.42,5.16,0.072,47.93,57.75,2.05,0.679,46.92,0
54.72,2.04,-0.084,22.69,50.96,1.0,0.366,49.26,0
82.84,4.77,-0.032,29.82,61.41,2.33,0.666,82.59,0
95.51,6.5,0.048,30.39,70.76,2.48,0.902,94.5,0
72.87,15.65,0.171,39.8,72.93,6.72,0.884,78.03,1
87.81,5.07,-0.007,26.79,64.15,1.8,0.699,81.32,0
79.88,8.47,-0.029,38.93,76.26,3.34,0.9,76.23,1
145.0,26.55,0.298,21.08,96.9,9.62,0.904,208.93,1
85.73,7.55,-0.051,25.87,72.04,2.57,0.679,73.26,0
68.05,3.53,-0.054,33.98,69.99,3.15,0.637,75.17,0
77.97,3.64,0.076,26.01,62.01,3.18,0.641,84.81,0
94.35,9.84,-0.018,30.86,77.59,2.66,0.837,79.4,1
89.3,14.28,0.16,31.44,74.89,9.28,0.85,98.77,1
80.45,4.21,0.029,27.3,70.07,3.59,0.665,81.42,0
65.1,8.05,0.053,43.56,86.64,2.63,0.824,64.84,0
44.41,1.71,-0.103,31.49,64.91,0.66,0.433,44.52,0
62.75,9.14,0.013,45.68,76.77,5.25,0.931,70.28,1
92.19,16.03,0.148,26.66,86.79,11.11,0.796,76.66,1
66.55,5.55,-0.036,28.57,64.45,3.93,0.611,62.51,0
98.84,11.87,0.139,31.99,84.55,5.05,0.898,109.02,1
72.26,3.38,-0.093,40.18,62.89,2.06,0.77,69.5,0
103.56,9.15,0.113,22.02,96.72,2.98,0.71,101.46,1
38.92,2.99,-0.017,40.33,50.42,1.38,0.417,38.6,0
143.47,22.49,0.234,21.01,74.24,3.31,0.86,140.09,1
53.08,3.24,-0.045,49.61,69.2,1.21,0.807,56.43,0
150.21,23.83,0.166,24.0,79.55,5.15,0.962,175.79,1
87.91,7.49,-0.064,26.69,73.02,2.31,0.646,96.34,0
66.18,9.3,0.157,37.94,93.04,5.15,0.798,77.91,1
56.23,6.62,-0.09,44.62,73.36,2.81,0.675,62.48,0
124.34,13.44,0.278,25.54,68.77,6.37,0.873,107.08,1
59.45,1.29,-0.161,24.68,58.06,0.67,0.462,57.8,0
53.59,7.66,-0.054,49.81,73.46,2.57,0.795,63.81,0
71.13,8.84,-0.021,48.05,74.64,2.87,0.907,50.93,0
57.07,2.06,0.02,22.26,52.15,1.87,0.4,54.93,0
85.55,3.55,0.077,31.77,71.79,2.34,0.792,88.34,0
111.74,16.96,0.274,29.84,72.97,5.53,0.898,116.7,1
143.25,28.27,0.192,24.67,85.24,7.35,0.97,73.42,1
67.2,6.06,-0.053,34.19,64.67,1.3,0.652,58.92,0
151.14,21.46,0.184,21.15,65.52,6.65,0.924,125.19,1
86.39,7.51,-0.022,34.8,76.5,3.04,0.877,76.73,0
60.2,3.36,-0.03,44.78,59.28,3.31,0.761,61.54,0
104.75,10.63,0.109,25.92,96.72,5.64,0.756,107.04,1
70.75,12.04,0.06,32.72,94.15,5.86,0.738,65.22,1
173.33,24.75,0.252,17.12,90.21,8.39,0.936,161.76,1
81.21,5.35,-0.054,29.1,59.19,2.57,0.739,75.18,0
84.88,12.55,0.126,28.17,83.14,5.73,0.78,104.21,1
53.36,4.78,-0.119,23.4,52.24,1.2,0.369,61.13,0
57.52,2.86,-0.031,23.62,53.59,0.82,0.382,57.59,0
57.69,4.56,-0.115,22.09,52.66,1.15,0.409,53.58,0
130.37,15.66,0.255,24.58,97.96,8.93,0.948,127.44,1
63.73,8.98,0.168,41.05,83.92,10.03,0.727,79.1,1
90.07,15.82,0.139,24.58,73.92,8.53,0.721,112.3,1
95.57,5.61,-0.042,29.9,78.87,3.39,0.879,109.97,1
80.37,7.0,0.027,24.31,55.04,3.94,0.601,92.39,0
61.29,6.66,0.005,40.85,57.33,1.43,0.702,59.98,0
79.45,7.62,0.057,35.33,62.17,3.8,0.79,71.19,0
85.46,3.44,-0.093,30.04,71.56,2.34,0.695,86.25,0
84.2,17.99,0.19,31.03,85.08,8.23,0.745,116.69,1
67.7,5.59,0.017,43.75,67.2,3.69,0.864,65.81,0
35.73,1.12,-0.108,33.63,63.62,0.98,0.387,33.1,0
45.1,1.77,-0.168,40.53,57.47,0.71,0.538,41.52,0
44.08,4.29,-0.033,40.05,50.39,1.61,0.574,41.63,0
93.02,6.2,-0.04,29.32,69.88,4.68,0.865,102.7,0
146.98,24.17,0.1,22.24,72.39,3.13,0.896,156.73,1
104.44,13.28,0.149,32.36,72.5,4.84,0.902,115.8,1
64.98,19.62,0.055,43.19,71.53,6.76,0.748,72.79,1
88.79,7.03,-0.034,35.28,70.44,2.95,0.894,85.77,0
69.73,6.26,-0.078,35.84,71.74,2.71,0.782,78.84,0
47.52,1.42,-0.027,30.28,53.29,2.4,0.428,47.95,0
125.81,13.61,0.244,27.25,68.38,4.0,0.949,150.37,1
114.1,17.97,0.166,24.89,75.13,6.55,0.863,117.49,1
53.16,6.95,-0.033,50.42,56.09,3.26,0.801,47.07,0
70.73,7.1,0.023,38.27,76.03,4.31,0.869,84.82,1
63.04,7.95,0.071,53.99,65.71,4.44,0.936,71.36,0
89.84,13.43,0.125,29.73,76.53,4.1,0.803,75.7,1
134.19,22.9,0.144,26.07,70.08,3.57,0.936,115.54,1
101.66,9.05,0.188,27.93,83.09,4.49,0.78,108.3,1
96.49,5.78,-0.038,32.41,67.93,4.55,0.897,86.21,0
43.66,3.82,-0.132,43.07,53.9,2.05,0.579,38.51,0
46.28,2.74,-0.108,43.5,52.15,2.1,0.595,43.22,0
63.39,4.02,0.014,34.24,71.26,3.91,0.673,61.82,0
46.68,2.2,0.014,38.28,64.42,1.31,0.545,44.91,0
83.33,10.23,0.139,34.59,89.41,3.51,0.876,93.56,1
86.89,7.03,0.16,34.0,84.25,3.79,0.856,105.03,1
46.36,2.59,-0.036,24.48,56.01,1.1,0.364,41.66,0
74.2,13.59,0.216,36.9,75.03,8.41,0.817,76.28,1
56.15,3.8,-0.073,47.92,68.48,2.85,0.715,47.85,0
87.73,5.34,-0.037,24.18,60.36,3.94,0.647,85.84,0
89.11,4.65,-0.058,25.59,63.24,1.86,0.64,91.51,0
83.36,4.43,0.036,31.95,66.8,2.23,0.789,81.44,0
81.45,4.47,-0.04,25.67,62.98,1.44,0.635,73.3,0
64.05,7.13,0.08,49.82,69.03,3.0,0.867,59.58,1
81.11,4.78,0.056,33.01,66.02,2.89,0.842,80.16,0
162.58,22.16,0.213,20.48,88.26,7.18,0.938,220.0,1
59.05,2.69,-0.095,22.31,63.14,2.37,0.361,56.99,0
47.52,4.34,-0.03,41.87,62.75,1.5,0.549,44.79,0
36.7,2.78,-0.174,54.31,64.29,0.76,0.579,30.0,0
92.54,9.25,0.111,30.15,68.32,5.9,0.848,80.43,1
55.81,3.4,-0.038,22.88,52.52,2.49,0.379,58.65,0
61.82,13.95,0.086,40.96,73.6,6.69,0.754,57.94,1
91.57,9.71,0.044,31.75,78.09,3.77,0.874,98.26,0
80.02,9.78,0.07,34.24,77.59,3.59,0.879,75.07,1
95.83,16.66,0.225,29.05,74.46,3.54,0.848,119.42,1
74.8,5.93,-0.018,34.18,72.42,2.3,0.698,80.1,0
83.51,6.85,-0.093,27.94,61.29,3.57,0.633,80.84,0
84.02,4.25,0.076,27.74,73.75,2.4,0.708,84.23,0
88.12,16.84,0.136,31.12,75.99,7.27,0.864,70.25,1
73.13,5.01,-0.089,36.09,62.51,2.58,0.787,70.18,0
47.22,1.07,-0.017,31.53,60.32,0.72,0.433,46.62,0
138.88,16.39,0.279,22.23,98.53,8.19,0.906,160.25,1
46.45,1.25,-0.074,40.66,60.62,1.59,0.518,43.86,0
82.09,8.85,0.073,35.94,79.55,9.5,0.822,90.05,1
75.25,12.22,0.153,32.85,84.99,8.22,0.699,78.18,1
58.6,4.08,-0.089,46.88,60.87,1.68,0.769,57.68,0
42.73,3.4,-0.096,37.41,56.32,1.2,0.434,35.93,0
53.59,2.41,-0.128,28.47,51.73,1.17,0.44,50.05,0
103.88,8.71,0.071,27.91,82.36,3.56,0.856,93.73,1
91.64,13.66,0.167,28.73,79.26,5.02,0.848,100.29,1
63.06,18.16,0.165,47.0,86.72,10.25,0.833,39.09,1
157.86,19.05,0.14,17.17,81.31,4.0,0.877,179.11,1
84.28,13.17,0.086,35.58,95.24,5.5,0.861,69.28,1
53.99,5.66,-0.098,47.97,57.04,1.5,0.702,58.05,0
75.62,6.23,-0.027,31.82,61.06,2.42,0.691,70.66,0
87.21,12.0,0.189,36.43,76.05,8.75,0.844,79.79,1
83.1,4.08,-0.05,25.65,68.56,2.09,0.618,85.08,0
43.13,1.95,-0.01,38.37,61.97,0.88,0.445,44.06,0
86.74,6.7,0.106,35.02,88.23,3.12,0.874,102.94,1
88.42,7.82,-0.006,35.54,74.8,5.01,0.923,82.38,0
119.01,20.25,0.127,29.08,79.07,6.03,0.975,119.62,1
94.31,7.29,0.129,33.86,86.4,3.2,0.864,88.83,1
35.13,2.02,-0.099,55.2,64.95,1.3,0.518,36.63,0
118.27,17.99,0.257,25.45,67.1,5.09,0.892,102.38,1
59.18,7.53,0.008,41.95,74.92,1.59,0.676,52.6,0
69.93,6.31,0.024,32.01,60.74,3.05,0.605,64.57,0
86.8,5.6,0.026,35.67,67.3,3.91,0.911,94.97,1
50.91,4.89,-0.094,29.27,50.68,1.64,0.483,40.18,0
66.0,5.03,0.045,46.36,78.57,3.63,0.899,69.9,1
35.09,2.7,-0.142,48.98,59.45,1.94,0.543,30.0,0
86.75,8.15,-0.05,32.01,66.48,4.38,0.864,82.58,0
69.35,3.17,0.052,32.5,56.23,2.99,0.606,69.71,0
109.07,8.09,0.099,24.32,70.48,9.14,0.784,118.45,1
75.1,15.31,0.123,37.6,81.65,11.26,0.767,80.51,1
75.58,5.31,-0.024,35.02,59.36,2.85,0.773,68.14,0
77.83,6.13,-0.068,28.27,68.57,3.72,0.699,80.32,0
50.35,3.83,0.078,51.31,67.29,1.57,0.769,54.51,0
65.27,8.0,-0.075,38.25,72.51,3.02,0.685,66.73,0
109.93,13.6,0.09,25.53,80.14,10.36,0.819,125.4,1
91.42,9.72,0.176,31.37,95.45,4.27,0.829,104.95,1
76.52,6.64,-0.019,28.48,59.79,2.39,0.678,84.13,0
89.08,5.89,-0.074,24.99,67.04,2.24,0.694,86.03,0
40.67,2.9,-0.137,31.43,62.84,2.08,0.412,39.16,0
73.03,14.83,0.145,41.2,72.51,4.84,0.818,40.77,1
54.72,4.74,-0.04,33.55,52.41,1.87,0.494,53.35,0
136.72,26.35,0.242,22.21,81.2,11.35,0.977,118.09,1
75.82,9.03,0.075,34.92,78.64,10.42,0.714,64.54,1
53.17,5.47,0.038,46.49,66.66,1.33,0.736,55.43,0
97.52,13.98,0.081,28.67,84.15,5.53,0.784,111.85,1
127.82,15.86,0.174,24.98,71.62,4.03,0.91,98.91,1
89.04,10.02,0.209,31.98,83.08,5.72,0.873,88.2,1
76.22,3.95,0.013,38.88,65.8,2.52,0.785,79.76,0
50.9,4.66,0.065,47.95,65.84,2.99,0.741,51.27,0
78.51,13.24,0.117,33.1,73.53,7.42,0.784,75.81,1
93.69,11.42,0.178,27.46,71.01,6.95,0.803,97.52,1
100.79,13.73,0.134,22.84,82.05,3.17,0.72,135.29,1
119.13,18.63,0.194,28.05,69.03,3.37,0.944,169.59,1
129.04,21.76,0.223,24.13,65.55,6.43,0.935,128.26,1
116.78,21.82,0.188,26.36,80.64,4.74,0.854,110.48,1
50.33,2.44,-0.071,27.88,58.0,2.08,0.372,49.63,0
72.81,4.93,0.005,36.16,71.95,5.2,0.823,88.44,1
73.1,8.3,0.166,36.79,92.17,2.98,0.759,68.39,1
75.35,10.01,0.071,33.12,87.42,8.57,0.689,81.54,1
98.9,16.09,0.099,25.16,70.23,7.08,0.795,114.51,1
89.2,3.55,0.019,27.57,73.62,2.1,0.745,89.93,0
73.4,16.46,0.181,39.48,77.84,7.29,0.833,71.35,1
100.51,14.12,0.092,25.68,83.9,5.29,0.749,86.75,1
35.16,4.87,-0.018,41.07,55.77,2.37,0.45,37.56,0
92.11,4.11,0.081,30.46,73.12,4.47,0.902,91.8,0
74.71,3.72,-0.032,27.98,67.91,3.77,0.657,68.34,0
57.57,6.0,-0.018,43.96,60.76,2.73,0.758,64.24,0
54.9,2.32,-0.055,22.88,61.45,1.13,0.395,51.2,0
97.6,6.53,0.047,31.82,76.66,3.98,0.933,101.28,1
82.86,5.95,-0.028,37.52,78.32,4.61,0.882,86.87,1
119.62,17.73,0.148,22.18,75.89,6.88,0.783,148.41,1
94.26,14.69,0.108,31.4,86.65,5.53,0.893,81.87,1
104.53,19.04,0.156,27.08,87.26,8.38,0.826,114.48,1
84.94,6.09,0.033,23.78,61.79,3.36,0.603,90.65,0
44.07,4.81,-0.069,34.07,56.03,1.59,0.398,43.61,0
131.6,23.9,0.216,25.55,74.29,4.11,0.896,187.83,1
78.08,4.96,-0.067,27.5,64.55,2.51,0.639,68.68,0
164.65,21.3,0.183,20.43,85.33,7.01,0.9,143.85,1
83.66,8.08,0.078,29.21,79.93,10.02,0.745,80.17,1
75.24,7.23,0.018,36.78,81.95,4.97,0.856,83.95,0
170.16,23.22,0.152,17.21,80.49,7.42,0.918,107.15,1
38.72,2.58,-0.119,36.13,50.93,1.76,0.453,35.38,0
65.52,7.47,-0.024,39.73,56.36,2.9,0.697,57.9,0
99.41,8.93,0.242,27.78,69.96,4.84,0.829,87.62,1
63.82,6.47,-0.038,34.52,61.44,3.38,0.671,66.72,0
133.9,15.05,0.277,22.35,80.26,5.6,0.882,134.81,1
45.15,4.49,-0.085,32.98,54.02,1.12,0.444,31.9,0
66.94,4.64,-0.029,46.53,72.68,2.68,0.864,77.19,0
79.67,9.24,0.249,33.46,70.89,7.08,0.826,80.61,1
107.23,10.74,0.05,28.55,88.25,5.06,0.869,113.31,1
78.57,4.72,0.069,33.06,56.55,1.39,0.723,82.55,0
61.1,4.13,0.002,34.38,62.58,2.96,0.643,65.21,0
80.65,11.69,0.128,31.11,84.08,9.83,0.815,85.79,1
86.81,7.82,-0.016,28.75,62.31,1.93,0.802,94.93,0
84.85,15.95,0.216,31.9,83.22,10.98,0.784,94.47,1
98.71,15.59,0.192,25.15,70.87,4.64,0.76,97.59,1
106.16,14.78,0.064,22.04,80.01,7.76,0.757,94.6,1
105.71,14.08,0.1,24.54,92.25,3.4,0.794,69.95,1
50.1,3.39,-0.068,51.81,59.25,1.55,0.741,46.7,0
108.64,14.06,0.148,26.8,68.17,5.68,0.917,114.52,1
126.47,13.73,0.22,26.54,84.73,5.62,0.902,118.09,1
74.51,9.03,-0.018,43.28,65.74,5.11,0.953,62.12,0
153.67,28.96,0.281,22.66,91.13,11.59,0.979,179.16,1
91.24,7.83,0.059,33.96,77.02,2.97,0.881,100.18,1
48.09,4.59,-0.045,32.16,53.32,2.24,0.499,48.74,0
57.58,7.51,-0.041,39.85,61.38,3.89,0.637,63.4,0
171.26,19.18,0.162,18.98,89.18,10.46,0.942,150.55,1
86.88,7.61,0.045,26.18,57.95,2.78,0.635,86.97,1
155.23,23.62,0.128,21.97,68.14,6.36,0.979,184.65,1
153.48,20.28,0.253,20.05,82.33,6.97,0.87,198.09,1
89.05,4.1,0.049,25.3,65.32,3.06,0.637,84.07,0
59.34,1.03,-0.056,33.16,63.15,1.97,0.567,59.65,0
85.58,9.5,0.088,35.27,93.7,4.3,0.84,76.82,1
84.06,7.35,-0.052,30.77,65.22,1.55,0.773,83.6,0
64.21,17.22,0.083,39.36,73.75,7.63,0.713,47.15,1
88.98,6.09,0.019,33.09,77.05,3.32,0.837,91.83,1
77.09,4.29,0.056,40.85,72.38,2.71,0.897,75.51,1
63.11,17.1,0.065,50.51,85.62,11.36,0.858,30.47,1
88.86,7.44,-0.08,26.97,56.52,2.73,0.696,92.02,0
78.58,7.28,0.03,39.91,80.23,2.43,0.948,65.57,1
80.11,6.42,0.014,38.47,61.74,2.64,0.819,88.24,0
56.19,4.23,-0.032,39.21,64.94,3.73,0.702,62.37,0
69.93,4.86,0.06,42.04,80.2,4.53,0.956,76.38,1
95.92,9.72,0.129,22.46,79.37,11.01,0.698,94.1,1
74.56,4.17,0.078,30.45,67.35,1.92,0.614,75.18,0
67.41,8.8,0.003,42.59,77.34,4.86,0.846,56.84,1
82.05,11.32,0.124,32.59,86.41,5.79,0.832,64.99,1
87.24,7.14,0.046,25.88,68.72,1.84,0.601,80.99,0
71.23,5.82,-0.036,35.5,69.99,2.77,0.718,83.14,0
154.98,12.66,0.119,19.32,72.55,4.13,0.939,153.87,1
90.77,8.48,0.101,30.94,94.13,5.29,0.892,85.63,1
118.43,14.82,0.083,22.37,72.48,5.66,0.831,114.52,1
72.84,11.23,0.13,41.54,76.07,4.67,0.872,78.26,1
38.68,2.12,-0.124,39.34,64.2,1.22,0.466,34.81,0
78.44,11.92,0.111,35.22,82.58,3.71,0.773,90.01,1
73.37,4.48,0.004,43.25,80.85,3.85,0.845,78.58,0
74.05,7.34,-0.021,42.11,65.7,4.43,0.933,89.6,0
78.43,4.02,-0.004,33.14,60.64,2.59,0.694,85.79,0
58.72,2.12,-0.003,35.73,52.24,1.74,0.569,52.82,0
76.03,3.86,-0.071,33.67,55.84,3.45,0.783,75.84,0
151.74,22.61,0.265,21.32,95.28,9.75,0.977,143.74,1
69.8,6.2,-0.002,37.18,65.86,3.47,0.833,69.96,0
71.45,6.85,-0.019,43.26,72.35,3.57,0.831,73.5,0
42.99,1.49,-0.101,38.95,54.18,2.05,0.457,39.25,0
38.72,1.67,-0.096,35.44,61.93,2.49,0.43,37.95,0
94.0,7.64,0.036,30.51,91.82,5.87,0.809,107.5,1
77.75,9.96,0.006,40.37,75.51,2.93,0.843,64.31,0
65.67,7.9,0.005,41.97,75.41,2.78,0.871,63.55,0
76.29,3.03,0.063,27.0,63.96,1.79,0.64,78.64,0
79.02,7.51,0.054,33.86,93.69,3.39,0.811,90.71,1
78.81,6.69,-0.063,27.58,72.4,3.27,0.684,80.11,0
71.02,6.6,-0.083,36.76,67.1,1.69,0.783,68.74,0
63.32,8.66,0.062,43.32,72.68,3.62,0.889,55.0,1
57.39,7.81,-0.053,42.35,72.76,2.36,0.706,53.28,0
56.75,4.43,-0.009,43.71,55.77,2.32,0.68,58.46,0
109.73,8.49,0.231,25.98,76.81,4.51,0.857,106.96,1
107.61,14.12,0.12,27.32,85.37,5.84,0.816,129.95,1
71.65,9.77,0.184,34.82,80.01,9.37,0.792,70.2,1
73.98,7.44,-0.013,38.96,74.47,5.3,0.891,76.78,1
39.67,4.12,-0.145,45.13,56.3,2.45,0.563,36.57,0
77.52,6.48,0.029,26.44,60.77,2.15,0.622,75.06,0
162.85,22.37,0.176,19.38,81.85,9.2,0.905,170.51,1
99.05,17.62,0.13,33.12,80.29,3.75,0.88,98.23,1
83.8,13.2,0.099,32.07,82.58,3.38,0.86,96.43,1
46.35,4.42,-0.066,37.41,54.22,0.72,0.48,48.88,0
77.28,6.41,0.096,37.35,69.29,3.71,0.84,80.12,1
48.72,1.85,0.005,39.87,52.39,1.16,0.526,51.01,0
76.02,10.52,0.151,36.48,72.76,7.3,0.862,52.7,1
148.95,16.74,0.25,20.65,68.74,4.97,0.97,170.9,1
147.53,20.55,0.181,20.33,86.15,7.75,0.914,164.03,1
96.29,5.95,-0.009,29.09,81.32,4.68,0.874,101.88,1
98.01,9.35,-0.036,28.14,76.95,5.41,0.884,105.88,1
128.41,18.4,0.174,25.76,72.38,6.88,0.909,119.03,1
104.67,5.93,0.043,31.86,91.07,3.06,0.891,116.53,1
59.37,4.53,-0.132,26.68,54.92,1.7,0.42,57.75,0
95.07,6.0,-0.017,30.86,66.54,5.29,0.925,92.57,1
68.3,7.91,0.078,42.06,71.78,3.91,0.771,83.3,1
83.75,7.04,0.082,38.31,79.62,2.34,0.923,91.62,1
73.18,7.08,0.042,47.75,65.54,2.57,0.938,80.68,0
98.24,14.92,0.171,29.58,80.82,6.63,0.791,121.52,1
88.16,6.74,-0.09,22.54,69.8,1.36,0.605,83.44,0
87.98,6.04,-0.094,31.11,58.05,3.45,0.783,85.03,0
67.08,8.52,0.018,45.05,79.78,2.91,0.909,67.47,1
90.72,10.71,0.121,30.04,74.65,7.69,0.78,95.01,1
73.26,10.53,0.133,38.11,93.93,3.76,0.74,82.37,1
89.95,5.31,0.011,23.39,55.87,2.6,0.601,89.0,0
125.62,13.29,0.241,24.87,77.98,5.6,0.904,137.11,1
126.1,22.65,0.135,25.2,73.81,5.96,0.888,97.27,1
63.48,5.55,-0.058,45.27,58.93,3.49,0.769,59.51,0
37.22,1.66,-0.17,46.52,57.06,2.34,0.51,31.01,0
93.9,9.02,0.153,29.96,88.91,2.79,0.885,86.77,1
103.2,16.75,0.168,25.02,83.62,9.66,0.843,130.44,1
153.21,23.33,0.294,19.47,90.93,9.6,0.952,129.31,1
112.63,16.28,0.216,26.44,81.21,4.18,0.963,112.85,1
90.13,11.15,0.143,32.46,68.52,4.98,0.845,117.93,1
67.45,4.92,-0.004,41.43,69.02,2.3,0.834,62.82,0
52.79,2.15,-0.179,30.34,59.76,1.34,0.489,46.75,0
75.76,6.67,0.027,29.05,71.85,3.85,0.672,76.12,0
70.51,8.22,0.056,43.03,80.7,2.51,0.891,71.51,1
99.45,8.03,0.188,26.58,71.8,3.56,0.833,96.71,1
100.02,14.59,0.19,28.03,83.49,5.14,0.776,101.87,1
88.47,12.7,0.119,28.78,86.52,5.91,0.78,71.62,1
55.18,4.5,-0.041,37.43,69.16,2.93,0.628,57.07,0
97.58,8.2,0.211,31.94,70.08,6.68,0.905,119.39,1
42.13,4.68,-0.177,34.68,63.07,1.51,0.419,35.09,0
68.61,9.99,-0.014,48.98,70.08,4.98,0.895,73.64,1
67.77,14.81,0.188,41.61,77.93,7.63,0.845,47.31,1
66.89,14.44,0.097,41.0,92.56,5.62,0.843,73.04,1
149.88,27.79,0.238,22.37,83.7,8.14,0.888,169.81,1
53.12,3.91,0.057,51.69,58.52,1.84,0.798,52.67,0
62.11,9.67,0.004,48.59,66.79,2.11,0.889,65.76,0
81.78,3.16,0.01,29.93,63.79,3.89,0.779,78.6,0
72.92,5.38,0.099,44.05,71.59,4.97,0.861,75.51,1
143.17,16.54,0.209,22.94,79.92,4.23,0.889,161.22,1
71.46,10.72,0.103,39.58,82.45,3.02,0.753,65.51,1
133.9,15.88,0.264,22.51,65.38,5.6,0.968,96.56,1
73.9,7.33,0.017,30.82,74.16,3.29,0.703,86.4,0
110.97,12.83,0.255,28.18,78.57,4.28,0.856,106.8,1
56.18,4.81,-0.161,26.38,57.76,2.34,0.456,64.6,0
144.53,12.97,0.237,23.39,73.15,5.28,0.936,148.51,1
60.48,7.7,-0.075,41.19,69.82,3.05,0.798,56.84,0
79.82,7.42,-0.056,37.32,67.24,3.05,0.801,82.93,0
81.07,6.64,0.045,33.99,66.05,2.63,0.898,84.47,1
110.24,15.96,0.181,29.57,71.54,6.13,0.972,103.62,1
37.46,1.4,-0.094,34.69,57.72,1.54,0.364,36.21,0
56.98,6.61,-0.045,41.27,72.65,2.57,0.735,46.2,0
154.31,16.66,0.231,18.33,70.96,5.57,0.892,152.91,1
50.77,4.53,0.041,53.46,66.36,2.02,0.789,56.94,0
83.46,4.58,-0.031,27.64,72.74,2.83,0.719,82.72,0
86.9,4.76,0.043,33.72,66.06,3.04,0.934,96.85,1
60.41,6.86,-0.04,45.9,70.47,3.49,0.752,46.72,0
117.53,18.55,0.119,29.42,73.85,6.49,0.968,135.4,1
107.15,18.49,0.059,27.88,74.08,11.45,0.825,93.51,1
84.49,9.5,0.089,35.35,70.38,2.98,0.899,67.31,1
138.12,24.38,0.229,22.59,81.79,8.92,0.965,82.54,1
77.98,5.89,0.059,39.71,68.44,3.92,0.887,95.28,1
35.53,1.82,-0.132,37.67,52.06,1.12,0.412,32.15,0
63.99,4.33,0.074,37.02,67.21,3.26,0.718,69.29,1
98.75,4.91,0.019,29.43,78.44,2.38,0.84,98.45,0
61.21,7.52,-0.09,44.81,68.91,3.69,0.743,50.85,0
158.85,15.3,0.149,20.39,75.75,4.47,0.902,173.29,1
102.71,8.52,0.209,26.39,83.36,7.51,0.784,110.49,1
63.2,7.87,-0.015,41.84,67.06,1.46,0.766,79.77,0
86.1,16.61,0.186,31.22,80.02,7.13,0.757,96.44,1
82.1,10.91,0.047,32.89,90.02,2.59,0.82,77.37,0
122.09,22.85,0.226,24.94,72.22,3.01,0.946,92.99,1
147.76,19.84,0.197,18.52,66.51,6.14,0.886,148.35,1
82.92,9.95,-0.036,38.01,75.23,4.88,0.886,78.57,0
104.43,13.79,0.124,26.91,86.22,9.25,0.804,123.59,1
101.39,15.53,0.177,24.14,77.89,4.69,0.784,73.26,1
111.27,8.66,0.187,29.77,69.49,4.38,0.918,116.27,1
54.45,1.3,-0.153,28.03,57.14,2.25,0.442,53.12,0
51.63,3.72,-0.004,33.83,64.61,0.64,0.544,54.03,0
68.85,8.02,0.096,47.61,78.83,2.35,0.915,76.62,1
58.19,3.36,-0.001,46.82,65.93,3.81,0.765,60.01,0
38.71,4.99,-0.114,41.82,55.94,0.79,0.474,32.78,0
71.73,13.02,0.173,37.07,88.9,2.51,0.862,106.8,1
55.49,3.4,0.016,28.2,58.2,1.04,0.473,55.57,0
104.16,14.02,0.143,25.68,73.82,3.68,0.769,89.6,1
83.0,7.49,0.038,36.37,73.3,4.87,0.889,70.07,0
154.12,28.84,0.177,20.87,88.99,10.99,0.96,123.73,1
94.89,8.31,-0.038,33.8,65.6,2.64,0.92,87.53,0
46.59,4.36,-0.058,46.46,62.54,1.25,0.591,45.68,0
90.73,17.2,0.149,32.7,79.76,3.58,0.851,77.84,1
88.49,14.72,0.063,25.9,73.2,10.85,0.691,54.4,1
162.15,18.63,0.16,17.6,93.83,11.39,0.922,138.48,1
92.42,4.4,-0.0,29.62,80.5,4.47,0.823,100.31,1
53.59,3.73,0.053,37.57,69.53,1.83,0.645,48.78,0
155.0,23.72,0.209,21.17,76.06,4.63,0.91,179.23,1
70.92,7.01,-0.072,29.57,67.96,1.5,0.607,74.2,0
106.06,12.07,0.087,26.31,68.74,7.12,0.901,112.14,1
96.28,9.36,0.082,34.31,74.48,4.17,0.891,99.79,1
55.95,4.13,-0.045,28.85,63.68,0.97,0.505,55.24,0
69.33,7.25,0.053,33.41,58.47,3.43,0.639,73.37,0
59.01,7.21,-0.014,37.65,74.71,2.65,0.703,50.68,0
108.13,7.64,0.089,25.23,86.39,4.96,0.85,98.62,1
122.13,24.82,0.166,25.66,81.8,4.39,0.945,141.33,1
64.47,6.75,0.055,35.84,55.49,1.97,0.652,76.59,0
110.34,18.22,0.088,27.59,84.59,10.17,0.856,119.72,1
55.48,1.49,-0.036,36.62,51.16,1.01,0.56,55.29,0
73.76,6.4,0.007,37.33,80.96,4.82,0.85,71.84,1
45.38,1.03,-0.003,44.5,62.45,2.13,0.563,44.31,0
141.73,24.48,0.228,24.7,80.78,3.99,0.932,143.81,1
107.14,11.36,0.077,24.93,75.43,9.65,0.735,114.56,1
74.23,5.88,0.055,34.73,86.48,3.27,0.759,75.28,1
96.33,17.6,0.102,29.32,71.51,9.14,0.871,122.36,1
90.4,12.49,0.235,31.18,79.87,7.31,0.825,100.78,1
167.25,28.16,0.21,21.34,84.74,11.16,0.957,168.96,1
77.05,6.05,0.052,35.53,86.35,4.74,0.827,77.41,1
134.88,16.52,0.113,21.11,80.49,6.81,0.914,153.65,1
91.9,5.6,0.073,34.98,66.95,4.14,0.868,95.72,1
55.22,1.24,-0.002,30.45,63.26,0.72,0.455,56.19,0
86.94,7.33,-0.041,37.69,75.16,4.54,0.916,73.8,0
57.97,4.7,-0.138,27.41,51.45,2.24,0.508,53.72,0
119.51,14.11,0.084,24.53,79.64,6.29,0.9,131.9,1
85.4,4.1,-0.001,32.84,67.52,2.34,0.904,84.15,0
101.53,11.21,0.144,27.38,80.55,6.57,0.76,120.52,1
49.43,2.97,-0.128,27.4,52.96,1.9,0.363,49.24,0
60.25,6.35,-0.014,39.4,55.03,1.54,0.738,65.62,0
86.08,6.91,0.008,36.94,73.17,4.47,0.907,87.24,1
155.53,28.4,0.275,22.16,90.23,10.47,0.947,195.44,1
55.41,5.15,0.069,40.54,58.08,1.61,0.672,49.13,0
69.01,6.56,0.058,42.89,66.87,4.69,0.944,73.09,1
65.9,7.23,0.117,39.24,82.86,2.68,0.747,67.04,1
98.09,15.06,0.102,29.4,78.22,4.39,0.835,118.98,1
83.35,7.7,0.03,26.66,60.96,3.4,0.647,86.52,0
70.05,7.94,0.086,39.14,75.14,4.04,0.87,56.93,0
87.69,7.41,0.048,26.69,67.77,3.3,0.674,81.9,0
157.09,25.59,0.265,18.74,87.42,10.75,0.906,152.77,1
37.63,1.4,-0.069,39.26,52.48,1.02,0.426,37.28,0
71.92,5.11,-0.075,34.52,63.56,1.55,0.804,67.54,0
50.75,4.88,-0.126,34.97,63.49,1.34,0.547,43.52,0
69.64,7.48,-0.098,34.7,70.15,2.88,0.707,86.65,0
97.51,11.63,0.138,23.87,87.71,7.44,0.735,113.53,1
60.75,7.6,0.019,38.61,73.51,3.72,0.7,69.14,0
42.98,2.63,-0.021,44.79,48.83,0.82,0.525,42.99,0
61.19,9.52,-0.009,45.53,74.6,3.39,0.904,66.19,1
46.16,2.66,-0.16,29.41,56.95,0.75,0.437,39.08,0
47.29,3.25,-0.128,30.05,61.55,2.25,0.431,48.8,0
113.56,11.17,0.184,23.18,74.75,9.91,0.776,111.11,1
74.75,8.39,0.197,36.37,71.35,9.82,0.856,85.88,1
123.01,16.52,0.243,28.62,73.17,6.39,0.946,132.95,1
132.63,12.51,0.192,23.29,69.4,3.4,0.946,143.23,1
75.55,14.92,0.105,32.78,94.36,3.94,0.708,64.9,1
58.78,3.07,-0.019,26.82,60.15,0.79,0.426,56.07,0
112.7,9.02,0.093,22.19,87.65,9.96,0.796,104.2,1
101.15,12.54,0.219,28.06,79.58,9.29,0.806,100.36,1
67.19,10.91,0.131,34.06,73.85,11.13,0.742,72.28,1
97.55,9.44,0.053,31.38,68.83,5.43,0.825,99.88,0
83.37,4.6,-0.022,24.44,55.76,1.4,0.662,79.1,0
89.0,15.04,0.102,29.42,85.98,7.2,0.845,112.05,1
87.83,9.88,0.044,30.57,97.34,3.69,0.77,77.02,1
132.63,15.89,0.214,25.62,87.07,7.86,0.946,144.64,1
88.27,5.35,-0.064,31.84,65.11,3.79,0.785,81.41,0
67.22,6.09,-0.069,35.5,66.88,2.85,0.685,62.41,0
52.95,3.74,0.043,40.91,59.5,1.91,0.614,55.1,0
82.09,9.59,0.126,35.58,84.15,7.12,0.817,79.98,1
55.47,6.82,-0.087,51.77,70.47,3.27,0.797,70.7,0
36.69,4.96,-0.008,47.55,60.23,2.0,0.477,32.27,0
165.99,25.77,0.228,20.09,98.4,8.99,0.924,128.32,1
45.32,2.24,-0.052,44.95,64.68,0.88,0.552,41.65,0
103.69,11.31,0.198,22.27,82.8,8.0,0.712,108.46,1
52.01,5.41,-0.03,42.96,59.53,2.56,0.614,51.6,0
82.18,19.41,0.214,31.91,79.57,10.6,0.718,104.58,1
104.25,12.71,0.149,29.51,71.84,5.21,0.887,100.87,1
137.43,15.63,0.251,23.63,81.4,3.23,0.952,162.97,1
116.79,20.76,0.156,25.63,66.3,5.05,0.951,172.0,1
46.55,2.12,-0.174,41.01,62.8,1.99,0.516,45.95,0
58.24,2.8,-0.04,27.79,63.63,1.67,0.449,57.57,0
79.68,4.29,-0.097,33.2,61.76,2.4,0.764,76.39,0
69.96,6.04,0.174,34.96,86.09,2.67,0.768,59.74,1
131.23,21.15,0.216,24.28,81.3,6.43,0.914,114.54,1
64.7,6.44,0.045,45.93,65.34,5.32,0.829,64.17,0
79.68,8.1,0.147,34.83,84.22,6.58,0.86,71.19,1
63.45,5.6,-0.066,42.91,58.36,2.01,0.783,64.17,0
111.93,15.99,0.188,24.25,76.58,8.14,0.768,98.18,1
153.33,21.61,0.165,22.44,93.78,7.94,0.954,155.98,1
68.08,7.38,-0.012,35.52,59.32,1.38,0.779,68.1,0
98.89,4.99,0.08,29.92,65.68,2.84,0.864,98.81,1
59.55,1.22,-0.086,24.85,60.35,0.81,0.421,60.31,0
117.4,12.54,0.157,24.11,75.07,5.29,0.834,106.71,1
81.77,4.02,0.088,34.65,80.23,3.21,0.894,80.24,1
39.81,2.88,-0.172,50.77,61.44,1.93,0.545,32.38,0
81.17,5.09,0.027,34.51,78.0,3.22,0.896,98.55,1
73.9,6.94,0.075,25.76,69.93,2.87,0.62,81.21,1
87.52,4.72,0.088,36.9,80.3,3.26,0.946,94.38,1
75.74,8.51,0.09,38.98,73.46,5.82,0.847,86.1,1
35.08,1.06,-0.088,54.69,61.5,1.45,0.513,34.05,0
104.82,8.34,0.125,27.43,77.38,8.43,0.879,124.91,1
67.14,13.36,0.167,43.16,96.65,2.83,0.856,68.82,1
52.84,7.18,0.071,41.97,65.71,2.03,0.666,66.89,0
38.67,1.63,-0.14,31.7,58.94,0.96,0.363,35.65,0
97.71,12.84,0.204,31.61,74.91,7.15,0.834,76.82,1
166.45,15.13,0.218,19.55,96.13,11.25,0.959,144.98,1
83.91,3.18,-0.045,21.99,58.31,3.23,0.602,73.33,0
54.91,6.43,0.025,52.24,70.31,2.08,0.76,60.66,0
52.92,6.24,0.075,44.45,60.56,2.81,0.649,61.48,1
82.05,16.74,0.123,34.54,74.08,4.79,0.855,74.88,1
69.97,7.23,0.037,36.82,60.64,3.59,0.699,86.8,1
64.77,3.75,-0.042,35.58,70.39,3.58,0.75,61.95,0
86.89,7.74,0.129,31.16,91.06,4.99,0.749,85.6,1
80.94,13.99,0.087,32.81,84.92,5.03,0.777,78.76,1
50.44,5.96,-0.041,46.22,65.52,3.91,0.717,35.66,0
76.88,4.33,0.053,37.44,72.96,3.52,0.847,83.98,0
88.78,10.42,0.156,31.3,72.12,6.64,0.758,102.73,1
55.28,1.51,-0.075,24.98,61.22,1.59,0.379,56.33,0
54.98,2.86,-0.081,20.97,56.9,1.89,0.357,56.76,0
111.5,20.65,0.212,31.56,71.09,6.51,0.957,90.79,1
51.74,2.89,-0.056,33.81,64.58,0.83,0.532,49.06,0
95.26,6.33,0.133,32.37,91.37,5.18,0.835,108.43,1
151.47,13.66,0.234,20.77,71.68,6.52,0.908,180.75,1
72.13,7.29,-0.081,34.08,58.28,1.83,0.771,70.56,0
59.54,6.66,0.018,36.7,60.4,1.48,0.651,51.77,0
111.73,16.53,0.099,22.15,80.51,6.98,0.795,106.78,1
155.12,12.8,0.214,19.39,83.57,4.41,0.853,150.81,1
147.36,24.65,0.279,20.02,81.94,6.88,0.955,123.75,1
72.66,5.53,0.1,44.86,91.32,4.44,0.892,75.98,1
57.38,1.7,-0.079,28.47,53.65,1.01,0.441,56.68,0
85.27,10.3,0.064,34.05,91.78,2.5,0.893,114.2,1
96.06,8.25,0.09,32.54,81.59,3.89,0.887,113.27,1
63.3,7.67,0.065,52.33,73.54,3.38,0.882,54.73,0
35.72,4.09,-0.07,36.74,54.5,2.34,0.351,33.98,0
52.14,3.62,-0.099,48.91,56.42,1.5,0.791,51.22,0
93.93,17.2,0.168,31.8,71.33,9.45,0.829,108.47,1
82.63,4.07,-0.018,40.85,76.98,4.41,0.955,73.25,0
82.47,3.91,-0.05,24.32,63.0,1.92,0.617,72.25,0
60.16,4.16,-0.042,40.18,63.75,1.38,0.718,58.6,0
110.73,15.29,0.113,29.93,71.33,6.23,0.924,119.09,1
86.09,10.61,0.117,27.4,84.23,3.82,0.754,95.23,1
71.6,3.6,-0.098,28.91,55.72,2.32,0.62,61.51,0
41.04,1.86,-0.101,28.33,51.64,1.37,0.372,40.08,0
65.32,3.75,-0.065,31.04,58.2,2.38,0.626,68.14,0
154.23,24.49,0.224,19.21,70.1,5.66,0.955,161.51,1
85.84,15.73,0.083,33.57,83.23,4.55,0.814,92.35,1
74.4,6.35,0.062,43.44,67.83,2.97,0.947,70.66,1
110.28,15.68,0.149,25.59,71.31,5.45,0.757,156.73,1
72.7,5.65,0.03,32.91,57.94,2.17,0.634,75.81,0
81.51,14.21,0.102,32.14,77.54,7.1,0.815,96.66,1
84.35,8.17,-0.036,39.3,79.01,4.53,0.933,84.69,1
41.71,1.73,-0.052,33.6,63.86,1.47,0.441,40.53,0
58.94,3.06,-0.076,23.25,62.21,1.15,0.446,60.36,0
70.93,5.6,0.061,41.68,72.4,4.92,0.929,72.11,1
128.35,17.26,0.156,24.4,71.76,3.07,0.878,120.85,1
62.92,5.17,0.069,36.43,69.63,1.84,0.733,76.05,0
114.16,18.14,0.229,25.79,79.41,6.65,0.951,127.68,1
69.65,15.87,0.137,34.89,74.46,8.82,0.752,89.7,1
53.31,7.23,0.007,41.97,63.93,3.62,0.68,65.06,0
40.01,3.64,-0.093,43.44,61.38,2.49,0.475,35.52,0
39.01,1.9,-0.098,42.03,56.66,2.31,0.53,35.16,0
98.49,9.65,0.022,27.7,87.79,3.41,0.855,90.66,0
87.84,7.71,-0.086,24.91,67.92,3.08,0.651,102.27,0
88.02,6.63,-0.08,29.62,56.35,2.61,0.758,91.11,0
91.13,4.07,0.081,30.94,65.53,2.56,0.913,89.65,0
67.05,6.38,0.11,43.8,85.94,5.8,0.799,73.17,1
42.86,2.9,-0.077,42.22,55.28,1.64,0.539,42.47,0
93.11,4.32,0.086,32.62,78.91,2.49,0.935,102.82,1
99.21,9.7,-0.016,28.34,67.65,2.92,0.881,100.62,0
69.63,9.95,0.027,39.39,80.52,4.17,0.87,60.82,0
87.38,12.73,0.18,32.17,76.67,8.85,0.819,76.81,1
86.22,6.36,-0.015,30.26,59.26,2.69,0.725,84.51,0
89.35,13.25,0.129,30.16,83.56,10.25,0.832,112.67,1
90.29,12.79,0.157,26.6,86.9,4.6,0.735,101.88,1
117.07,9.94,0.141,25.8,71.22,5.3,0.919,112.78,1
72.26,14.33,0.071,42.71,86.65,3.13,0.848,89.88,1
62.22,5.99,0.067,51.59,76.72,2.23,0.892,66.75,0
49.1,3.96,-0.137,29.46,61.64,2.33,0.449,44.12,0
100.7,6.09,0.088,28.2,97.12,3.54,0.888,101.99,1
63.68,6.14,-0.047,41.86,80.3,3.56,0.856,53.98,0
102.34,17.56,0.159,29.6,83.63,5.18,0.856,116.62,1
70.15,7.43,-0.009,37.55,62.72,3.77,0.747,69.38,0
111.0,12.2,0.222,26.87,79.32,4.29,0.865,107.55,1
91.85,14.65,0.106,30.63,71.52,6.95,0.798,81.83,1
46.71,4.79,-0.033,44.26,58.16,0.86,0.583,42.73,0
80.38,4.94,-0.047,33.81,79.01,2.05,0.866,72.8,0
104.38,10.98,0.209,22.49,84.34,7.79,0.756,121.48,1
60.39,16.8,0.13,45.44,79.72,7.86,0.771,78.23,1
71.82,7.35,-0.029,39.18,68.22,2.6,0.915,68.42,0
121.12,16.26,0.11,27.64,67.38,5.81,0.972,114.5,1
72.11,3.53,-0.056,36.95,64.27,2.48,0.772,76.65,0
89.95,5.9,0.072,33.77,75.67,5.03,0.893,89.34,1
147.81,20.17,0.177,19.94,67.1,5.32,0.953,159.09,1
125.38,15.41,0.272,22.23,76.29,5.14,0.898,110.25,1
95.34,10.13,0.081,23.83,86.69,5.59,0.713,88.98,1
154.54,21.1,0.259,21.33,83.56,4.94,0.969,143.87,1
55.72,2.33,-0.176,28.16,60.18,0.83,0.433,53.58,0
134.28,23.09,0.126,23.16,75.98,5.95,0.941,77.05,1
68.86,3.14,-0.079,36.22,64.63,1.44,0.682,67.75,0
52.14,6.69,-0.061,47.62,63.69,1.35,0.761,55.66,0
67.08,6.68,-0.076,33.63,56.67,2.92,0.663,66.57,0
91.12,4.99,-0.01,35.43,65.23,5.05,0.892,92.25,1
52.32,7.25,-0.099,43.31,56.11,2.54,0.625,54.99,0
57.4,7.95,0.054,41.77,66.83,1.88,0.762,52.41,0
46.51,2.61,-0.045,27.64,57.56,1.92,0.393,44.51,0
56.51,3.97,-0.05,41.62,66.26,3.86,0.635,62.39,0
86.19,16.65,0.242,33.73,83.39,7.49,0.8,121.48,1
74.57,9.98,-0.04,47.36,66.27,2.15,0.945,55.31,0
84.69,4.81,0.072,34.96,73.04,2.87,0.79,87.65,0
104.04,10.8,0.148,27.05,94.87,3.6,0.895,83.83,1
123.64,20.62,0.102,21.91,71.54,6.5,0.875,127.45,1
69.78,10.15,0.081,35.93,71.0,11.2,0.796,63.8,1
88.06,6.89,0.049,25.08,68.39,3.49,0.638,79.06,0
83.64,6.51,0.176,35.22,82.77,4.17,0.837,88.57,1
53.83,6.32,-0.068,42.73,67.51,2.22,0.69,48.85,0
51.38,4.4,-0.149,25.72,62.03,1.65,0.361,52.92,0
58.52,7.16,-0.083,47.48,71.45,2.79,0.794,47.23,0
85.05,15.55,0.22,31.12,77.82,10.22,0.843,78.64,1
66.6,5.12,0.08,36.7,56.67,1.39,0.686,72.5,0
47.07,2.32,-0.028,34.56,60.54,1.96,0.454,45.39,0
56.43,4.39,-0.047,33.07,48.35,2.37,0.589,58.54,0
130.02,17.53,0.147,23.45,67.12,3.79,0.879,121.88,1
105.33,15.39,0.143,32.2,73.59,3.94,0.907,116.84,1
65.75,6.79,-0.08,37.51,58.41,1.39,0.788,64.47,0
97.87,10.92,0.243,33.85,81.66,6.74,0.895,100.44,1
68.78,7.86,-0.032,43.58,78.14,4.27,0.85,71.7,0
107.78,11.68,0.089,21.64,87.42,3.47,0.756,119.64,1
79.13,6.11,0.062,30.79,66.55,1.29,0.658,76.63,0
132.39,14.31,0.143,24.15,67.18,6.7,0.96,121.52,1
66.36,5.74,0.006,35.12,63.93,2.0,0.699,58.32,0
86.02,10.98,0.041,33.61,92.89,3.55,0.853,87.52,1
50.47,3.74,-0.089,27.31,63.46,2.01,0.398,54.86,0
67.94,5.5,0.048,31.08,72.31,1.33,0.603,77.06,0
53.42,5.78,0.054,46.54,56.69,1.3,0.709,46.47,0
62.78,4.43,0.014,44.13,68.47,3.68,0.849,63.47,0
42.27,1.32,-0.043,44.01,51.61,1.71,0.496,39.0,0
112.61,13.92,0.067,25.46,70.49,8.58,0.772,154.8,1
56.32,3.08,0.079,43.07,60.59,2.8,0.674,52.07,0
76.31,10.24,0.073,32.28,84.58,4.29,0.796,82.66,1
111.78,14.8,0.081,24.03,81.96,8.37,0.777,132.2,1
78.13,15.77,0.235,33.3,81.49,3.87,0.804,39.94,1
92.88,10.63,0.034,27.56,82.83,5.83,0.726,83.86,1
103.5,10.41,0.051,26.54,90.09,3.93,0.825,119.66,1
56.06,7.08,0.014,47.66,69.98,1.63,0.718,69.48,0
74.88,10.42,0.189,34.47,84.95,8.14,0.747,88.19,1
56.68,7.5,-0.033,45.26,55.48,3.93,0.704,48.03,0
92.35,17.2,0.238,29.98,71.98,5.45,0.841,114.83,1
77.68,13.39,0.17,40.46,90.44,4.47,0.861,79.33,1
51.78,6.68,-0.005,49.18,70.34,1.95,0.687,59.05,0
70.92,4.06,0.011,39.19,55.23,2.23,0.759,78.81,0
85.29,7.69,-0.016,33.99,78.36,3.41,0.908,85.08,0
97.61,9.11,0.122,28.44,72.81,7.85,0.794,91.09,1
146.25,20.27,0.228,22.99,81.72,6.31,0.926,151.63,1
61.56,5.17,0.071,51.13,78.92,5.05,0.936,63.02,1
106.93,7.09,0.17,24.83,84.62,5.08,0.811,105.34,1
111.47,21.94,0.188,32.94,73.79,6.37,0.977,102.05,1
35.56,1.42,-0.11,51.13,62.25,1.3,0.568,34.05,0
51.26,7.02,0.072,41.37,60.72,3.49,0.609,63.52,0
109.52,14.16,0.049,23.82,92.45,2.89,0.835,77.42,1
90.0,10.1,0.145,31.0,85.98,8.03,0.757,109.79,1
129.5,19.52,0.152,25.97,81.87,6.24,0.955,155.64,1
98.38,7.89,0.093,32.0,79.38,4.51,0.863,86.89,1
52.77,2.92,-0.043,34.2,55.1,2.41,0.583,51.9,0
93.94,5.49,0.054,29.71,69.94,3.0,0.897,92.79,0
71.45,5.25,-0.048,39.12,71.37,2.67,0.813,73.91,0
88.15,7.49,-0.085,23.98,74.22,1.76,0.612,76.44,0
64.11,17.96,0.07,43.25,71.02,7.28,0.809,64.45,1
56.47,2.43,-0.171,29.32,48.66,1.65,0.524,54.4,0
96.89,18.61,0.212,29.3,79.59,6.69,0.786,99.42,1
91.75,8.78,0.068,31.94,68.66,4.63,0.926,99.11,1
105.63,8.04,0.236,30.81,79.61,3.88,0.891,113.97,1
59.4,1.37,-0.038,29.45,50.48,1.85,0.481,59.86,0
56.59,6.97,-0.083,44.79,70.97,1.61,0.73,70.78,0
45.61,2.0,-0.129,38.86,50.66,0.83,0.566,39.83,0
133.34,15.2,0.174,21.14,85.12,7.6,0.901,169.07,1
94.66,14.24,0.125,26.45,86.23,9.64,0.807,102.89,1
82.82,7.15,0.018,37.0,76.43,2.13,0.9,84.28,0
52.71,6.88,0.069,52.07,62.25,2.7,0.787,65.12,0
145.79,20.66,0.136,20.76,81.98,4.62,0.96,108.55,1
79.66,4.58,-0.053,35.31,67.32,1.44,0.791,85.34,0
80.11,4.18,0.074,29.79,73.81,2.02,0.682,82.83,0
90.42,9.79,0.222,29.07,83.04,3.94,0.757,94.95,1
145.67,16.37,0.252,19.99,72.9,4.3,0.927,124.21,1
43.01,4.8,-0.125,40.67,64.57,2.16,0.569,48.53,0
84.74,4.07,-0.036,31.7,63.1,3.03,0.818,90.2,0
157.41,15.67,0.145,16.84,69.04,4.05,0.853,128.42,1
72.54,3.63,-0.008,27.65,73.71,2.06,0.642,70.93,0
55.5,2.25,-0.08,28.41,57.48,1.36,0.461,57.0,0
103.97,12.15,0.196,25.67,80.73,5.38,0.871,112.74,1
142.63,18.82,0.201,20.12,84.97,3.25,0.933,151.29,1
98.57,6.64,0.042,31.92,77.62,4.27,0.925,112.3,1
168.29,16.78,0.192,17.74,92.64,8.9,0.924,182.91,1
66.49,13.43,0.087,38.54,90.49,2.93,0.766,81.65,1
54.3,2.87,-0.106,38.01,50.95,1.98,0.558,55.23,0
142.88,17.77,0.227,20.79,96.54,8.17,0.904,143.29,1
95.39,5.26,0.087,30.14,69.19,3.67,0.864,98.74,0
58.07,4.69,0.028,41.31,71.42,3.32,0.783,51.79,0
73.67,15.36,0.215,45.57,83.14,5.86,0.888,73.0,1
69.35,7.42,-0.08,28.42,66.81,1.55,0.633,72.92,0
58.19,2.33,0.015,35.76,51.84,1.71,0.552,56.77,0
56.22,2.45,-0.119,32.53,57.34,0.91,0.555,51.09,0
87.95,8.26,-0.009,36.12,80.9,4.62,0.876,92.09,0
88.39,9.77,0.151,32.11,70.07,7.07,0.834,95.27,1
74.61,11.24,0.219,35.36,77.55,6.46,0.854,78.4,1
172.64,17.68,0.162,16.45,93.34,8.11,0.917,168.77,1
56.92,4.72,-0.02,48.91,59.55,2.53,0.763,51.09,0
89.46,5.79,-0.022,28.01,64.73,1.66,0.739,89.16,0
61.34,7.74,-0.03,36.55,67.33,2.79,0.686,61.42,0
68.68,4.66,0.033,29.94,70.01,1.65,0.627,77.15,0
72.22,7.92,-0.068,37.62,70.95,2.96,0.733,75.15,0
93.04,17.74,0.08,26.51,77.99,10.76,0.732,66.23,1
150.29,14.6,0.207,18.96,73.06,5.82,0.925,183.03,1
167.87,19.87,0.269,19.78,83.57,8.87,0.914,154.68,1
87.51,5.04,-0.037,22.57,56.41,2.18,0.632,96.47,0
133.13,23.18,0.186,22.07,70.07,3.67,0.912,191.17,1
58.81,4.99,0.002,46.79,61.4,1.96,0.767,67.52,0
47.85,4.43,-0.138,37.03,50.75,1.71,0.543,46.37,0
135.34,18.32,0.207,23.73,78.4,3.52,0.898,121.34,1
98.99,12.86,0.102,30.18,73.02,4.44,0.797,102.46,1
58.23,7.56,0.035,32.48,64.81,2.89,0.609,66.54,0
61.99,6.78,-0.05,48.16,67.81,5.18,0.827,51.6,0
77.44,5.37,-0.088,36.24,56.15,2.56,0.763,57.92,0
70.28,12.07,0.027,45.28,92.91,5.89,0.899,72.32,1
85.07,7.46,0.014,37.15,74.01,3.28,0.86,84.8,0
131.3,22.42,0.275,23.46,85.36,7.25,0.883,141.86,1
50.41,3.25,0.003,25.12,57.56,1.63,0.406,50.18,0
87.28,6.5,0.06,32.5,64.59,3.45,0.816,87.1,0
63.1,5.32,-0.036,43.97,69.54,3.65,0.888,55.7,0
80.67,4.78,-0.035,40.14,79.87,4.76,0.863,68.99,0
88.84,4.91,-0.098,26.98,58.38,3.21,0.78,84.47,0
69.99,9.84,0.031,43.77,94.0,3.65,0.878,82.06,1
129.78,23.68,0.27,24.95,83.22,5.85,0.875,158.44,1
131.24,20.6,0.142,25.7,76.63,4.92,0.948,172.1,1
107.21,17.41,0.102,25.23,81.7,8.12,0.875,115.6,1
159.4,19.79,0.141,19.58,72.95,6.81,0.914,196.67,1
89.55,9.97,0.211,34.1,68.78,6.94,0.905,92.86,1
75.9,7.51,0.085,35.32,71.27,7.44,0.747,87.21,0
56.61,3.22,-0.016,44.51,70.53,2.71,0.675,59.15,0
52.45,4.82,-0.027,42.76,66.66,1.31,0.628,51.48,0
56.22,3.67,0.03,51.71,69.78,2.33,0.77,53.6,0
73.6,5.47,0.099,42.01,75.06,2.73,0.957,85.65,1
53.1,6.44,-0.081,53.3,65.64,3.97,0.786,52.37,0
152.38,16.98,0.231,21.57,97.2,8.1,0.893,136.35,1
62.17,6.54,-0.005,33.14,57.74,2.26,0.624,56.45,0
56.29,3.29,-0.143,23.28,49.74,1.93,0.357,56.04,0
70.44,9.93,-0.037,45.35,66.65,2.94,0.935,77.35,0
36.33,2.58,-0.11,43.49,60.21,0.77,0.512,34.61,0
48.37,4.92,-0.092,28.23,59.57,2.15,0.399,55.54,0
77.67,5.57,-0.027,26.17,58.47,2.54,0.608,83.11,0
85.29,4.94,0.027,34.09,76.63,3.54,0.927,95.82,1
94.83,7.16,0.083,31.24,69.03,3.08,0.881,108.08,0
73.35,9.44,0.084,40.3,72.95,8.23,0.867,81.53,1
90.03,13.58,0.038,26.68,87.06,3.95,0.722,108.06,1
93.47,8.83,0.063,30.81,67.54,4.56,0.826,91.28,1
76.96,6.58,0.064,32.4,60.51,1.43,0.74,70.17,0
54.8,7.99,-0.025,43.13,58.29,3.62,0.648,63.74,0
93.73,14.11,0.212,26.02,77.48,6.62,0.726,106.91,1
43.96,4.34,-0.027,30.71,64.37,1.8,0.387,42.71,0
35.29,3.8,-0.169,40.8,49.68,1.32,0.396,30.0,0
103.92,12.99,0.056,22.29,84.13,10.17,0.725,110.01,1
61.52,5.77,0.069,52.91,74.74,2.32,0.951,69.33,0
57.38,1.58,-0.025,34.83,63.27,1.94,0.58,56.55,0
81.07,5.58,-0.042,27.86,65.81,2.48,0.657,84.11,0
143.1,22.49,0.206,21.13,68.39,3.48,0.948,105.91,1
152.31,19.23,0.182,20.46,67.48,3.02,0.949,136.95,1
108.81,10.68,0.114,28.73,88.36,5.93,0.831,97.35,1
90.77,5.27,0.082,28.38,75.71,3.6,0.834,94.46,1
64.26,7.5,0.023,45.65,80.07,2.47,0.841,63.65,0
144.32,20.85,0.182,23.35,98.78,11.0,0.949,164.02,1
151.26,22.94,0.284,19.45,82.58,10.74,0.957,170.31,1
83.9,6.94,0.05,26.23,74.45,2.92,0.605,69.06,0
76.29,7.91,0.142,31.38,80.22,9.62,0.709,86.62,1
56.25,5.16,0.058,43.67,61.85,2.96,0.701,56.32,0
69.78,4.83,-0.042,36.19,60.81,2.17,0.698,67.34,0
87.96,13.73,0.172,34.64,86.06,4.16,0.884,94.56,1
70.11,7.29,-0.043,42.82,74.62,4.28,0.937,79.25,0
137.91,18.9,0.212,25.78,80.29,5.19,0.96,139.46,1
51.24,2.76,-0.108,23.32,58.81,0.97,0.378,41.65,0
67.29,8.13,-0.029,49.58,77.9,3.37,0.957,63.74,0
147.91,16.28,0.202,23.91,80.52,4.35,0.96,148.78,1
129.44,18.5,0.21,24.49,76.94,5.31,0.859,105.73,1
69.06,6.44,0.001,32.79,61.96,1.38,0.63,63.57,0
85.32,3.23,-0.005,30.33,63.78,2.61,0.725,88.44,1
97.04,8.72,0.242,28.7,81.34,5.61,0.775,101.55,1
70.54,3.29,-0.033,36.51,67.58,3.92,0.737,71.01,0
157.61,21.75,0.279,17.8,87.58,9.44,0.906,168.71,1
144.43,14.45,0.16,20.69,77.77,3.26,0.904,129.29,1
56.66,6.99,-0.093,46.65,68.74,1.68,0.798,61.24,0
58.75,3.48,-0.058,27.68,55.87,0.92,0.513,60.56,0
42.51,3.01,0.018,30.05,54.63,1.29,0.414,44.13,0
135.48,14.71,0.123,25.96,80.32,6.56,0.942,130.6,1
64.14,3.62,0.018,36.34,58.19,2.94,0.758,63.17,0
77.37,5.71,0.1,41.24,67.51,5.21,0.949,86.76,0
89.05,6.01,-0.04,35.82,74.26,3.94,0.878,105.9,0
72.21,17.88,0.248,35.35,73.85,5.86,0.767,33.26,1
52.8,2.46,-0.094,29.28,64.48,1.82,0.494,50.49,0
62.76,5.1,0.033,34.89,68.18,3.55,0.698,68.14,0
150.99,24.43,0.156,19.78,70.25,4.31,0.906,178.59,1
153.49,12.82,0.136,18.73,80.3,5.79,0.929,135.81,1
114.35,19.99,0.059,25.32,84.64,8.12,0.814,110.86,1
39.69,1.51,0.005,40.8,61.89,1.61,0.511,41.41,0
50.62,4.04,-0.054,41.26,56.97,3.58,0.658,48.14,0
111.48,11.55,0.158,26.17,80.12,6.43,0.829,161.84,1
59.57,5.78,-0.016,42.67,57.37,2.42,0.704,63.99,0
130.5,18.34,0.274,25.88,83.57,3.31,0.963,125.45,1
103.99,13.79,0.166,31.88,79.6,6.78,0.888,84.42,1
52.8,2.58,-0.137,24.44,54.74,2.01,0.418,51.84,0
134.97,17.2,0.12,22.54,67.19,6.28,0.888,151.87,1
141.11,15.25,0.229,25.77,94.56,8.03,0.963,111.58,1
44.82,1.5,-0.081,40.88,54.96,2.25,0.538,44.56,0
96.02,8.22,-0.042,27.61,78.6,3.25,0.829,101.22,0
50.04,3.53,0.021,46.36,55.39,3.27,0.69,54.0,0
76.35,5.34,-0.095,35.87,70.76,1.64,0.74,72.49,0
71.09,4.57,-0.01,39.25,69.29,3.78,0.758,63.96,0
119.26,13.95,0.148,23.76,72.15,4.1,0.791,100.39,1
170.15,22.73,0.16,19.28,82.72,8.01,0.887,199.76,1
91.14,5.21,-0.013,34.3,79.82,3.11,0.909,92.5,1
57.29,2.11,-0.042,23.55,58.48,1.18,0.379,57.39,0
77.09,14.66,0.2,42.11,79.68,5.59,0.896,98.17,1
78.98,4.96,0.078,26.9,56.69,2.05,0.678,73.52,0
126.97,13.66,0.179,23.16,66.35,5.25,0.951,156.33,1
83.72,6.04,-0.013,41.63,72.31,5.22,0.926,83.13,0
58.42,5.81,-0.003,48.05,68.82,2.9,0.791,61.52,0
52.31,3.15,-0.025,41.1,65.9,1.23,0.634,51.39,0
76.22,9.63,0.126,38.17,81.8,7.3,0.851,77.54,1
68.82,7.71,-0.076,34.3,60.98,3.62,0.762,74.09,0
114.47,16.99,0.098,27.03,86.61,7.06,0.832,127.32,1
66.27,3.57,-0.039,43.4,67.52,2.15,0.82,65.21,0
67.17,3.25,-0.064,28.78,60.1,3.27,0.604,73.21,0
81.95,4.09,0.005,36.9,70.83,3.91,0.882,83.32,0
119.37,21.78,0.129,25.69,80.13,5.79,0.91,139.81,1
129.23,23.64,0.126,22.84,78.96,6.49,0.897,157.95,1
72.45,3.06,-0.033,28.83,71.85,1.41,0.673,64.08,0
56.46,4.32,0.075,39.02,56.76,1.34,0.713,51.24,0
44.73,4.46,-0.013,33.68,61.17,2.03,0.442,37.93,0
71.15,6.03,0.072,43.11,68.42,2.34,0.897,69.95,0
86.65,8.91,0.07,36.49,72.61,5.03,0.935,84.23,1
127.0,17.1,0.219,25.69,69.5,4.26,0.935,107.71,1
114.21,20.95,0.132,29.78,73.03,3.88,0.961,85.16,1
83.09,5.27,-0.073,31.52,57.67,3.91,0.775,82.95,0
89.13,6.71,-0.022,33.72,69.92,4.39,0.926,86.59,1
150.81,19.98,0.112,20.78,76.6,5.49,0.945,115.05,1
90.59,11.83,0.064,29.98,82.2,9.85,0.849,75.33,1
52.19,2.33,-0.148,34.62,49.78,2.05,0.577,51.21,0
77.39,3.55,-0.008,25.45,72.33,2.32,0.641,73.43,0
94.39,6.6,0.012,33.16,79.62,4.05,0.884,111.08,1
78.82,7.69,0.051,32.71,61.87,1.8,0.804,81.85,1
76.02,3.31,-0.043,34.57,59.97,2.95,0.762,76.1,0
41.57,4.74,-0.129,50.52,57.2,0.77,0.574,42.02,0
101.91,15.12,0.234,27.92,69.41,4.0,0.772,115.09,1
72.52,3.88,-0.074,35.35,71.31,3.45,0.698,71.75,0
53.16,2.94,-0.083,24.97,63.39,1.31,0.382,57.84,0
58.29,4.84,0.057,38.51,59.12,1.93,0.646,51.81,0
98.06,18.8,0.084,29.12,80.55,8.14,0.815,101.62,1
120.5,22.84,0.104,26.21,71.38,6.53,0.924,144.29,1
89.05,4.65,-0.034,38.84,72.96,3.73,0.934,86.44,0
96.15,4.68,0.006,30.81,78.94,4.52,0.945,103.24,1
137.52,25.83,0.197,23.71,86.87,7.41,0.948,198.43,1
62.27,3.36,-0.064,44.21,57.03,1.44,0.736,59.91,0
55.34,7.7,-0.013,41.85,70.38,3.39,0.624,47.3,0
78.23,3.27,-0.001,31.34,69.97,2.85,0.684,77.21,0
67.28,7.9,-0.097,38.19,56.94,1.43,0.78,53.17,0
78.03,6.39,0.013,34.75,59.65,2.97,0.77,86.36,0
121.08,23.89,0.276,24.35,73.88,5.15,0.94,175.89,1
88.17,17.76,0.173,33.26,84.22,7.05,0.845,79.45,1
94.55,9.52,0.024,27.97,75.31,3.29,0.833,91.09,1
155.96,15.11,0.228,18.29,81.56,5.8,0.906,130.57,1
52.84,3.18,-0.112,29.24,49.95,1.01,0.432,49.28,0
74.4,4.78,0.051,34.86,70.89,3.39,0.707,77.97,1
107.47,15.77,0.109,26.98,69.77,4.26,0.801,126.18,1
117.36,14.74,0.231,25.38,82.38,4.86,0.804,115.51,1
37.75,4.5,-0.066,46.32,54.58,0.66,0.565,42.77,0
86.82,4.69,0.062,32.82,74.57,4.8,0.879,96.93,1
115.92,10.9,0.186,29.39,79.03,7.07,0.912,111.81,1
106.82,12.58,0.108,20.77,85.56,3.4,0.719,104.39,1
74.54,9.7,0.089,40.87,81.96,6.75,0.821,69.46,1
79.82,4.22,0.026,29.85,65.86,3.46,0.766,77.66,0
55.13,1.51,-0.137,31.93,64.1,0.76,0.49,56.93,0
68.22,4.63,0.009,45.12,79.06,4.22,0.902,62.84,1
54.26,1.46,-0.151,34.17,64.34,0.83,0.53,49.45,0
121.96,12.33,0.25,25.88,65.48,6.58,0.916,119.37,1
67.4,6.79,-0.007,42.77,75.95,2.33,0.862,80.21,0
71.87,6.55,0.014,39.94,74.85,3.82,0.795,88.27,0
82.71,12.0,0.142,36.76,74.7,8.5,0.861,91.6,1
67.44,9.01,0.05,46.63,77.28,2.98,0.869,67.09,1
60.47,7.08,0.035,43.84,68.03,3.43,0.785,54.95,0
97.29,7.4,0.2,27.43,85.59,10.35,0.817,108.85,1
119.24,13.44,0.103,25.41,66.99,6.21,0.889,110.89,1
76.36,11.02,0.031,36.41,90.02,2.52,0.845,67.23,1
59.05,4.59,-0.024,19.78,54.02,1.17,0.37,61.82,0
119.98,9.47,0.134,28.21,70.45,5.38,0.9,132.03,1
64.4,14.81,0.108,43.96,77.79,7.99,0.82,48.31,1
38.49,4.26,-0.03,44.43,54.24,2.34,0.486,42.39,0
75.4,3.64,-0.079,33.01,60.76,3.06,0.806,71.12,0
137.83,15.0,0.125,21.16,81.19,5.86,0.951,124.34,1
52.27,4.02,-0.054,32.52,55.26,1.63,0.547,44.55,0
83.49,12.62,0.154,28.56,74.29,7.69,0.756,100.26,1
83.17,7.19,0.005,37.41,80.67,3.54,0.928,96.05,0
66.51,8.02,0.034,49.93,74.93,3.01,0.958,63.71,0
42.47,4.43,-0.058,40.36,51.0,2.33,0.553,36.77,0
80.62,7.18,0.081,40.32,71.41,7.23,0.872,76.09,1
52.75,6.93,-0.011,43.98,62.22,2.61,0.671,65.92,0
92.72,8.63,0.065,36.65,77.88,4.37,0.922,104.27,1
96.56,6.66,0.144,28.33,86.74,4.64,0.887,121.23,1
99.46,10.6,0.128,26.03,94.95,3.4,0.729,124.02,1
132.26,25.39,0.269,26.28,87.77,8.64,0.932,169.57,1
90.2,8.19,0.089,36.38,75.71,4.4,0.869,73.2,1
53.38,3.49,-0.008,44.74,56.46,3.9,0.638,47.38,0
144.64,26.06,0.281,20.35,84.25,7.62,0.931,135.03,1
104.68,13.39,0.147,26.84,73.67,6.86,0.771,127.71,1
51.13,3.7,0.036,46.51,67.87,2.78,0.674,54.22,0
54.8,1.96,-0.004,20.87,53.81,1.48,0.368,55.73,0
91.89,14.27,0.219,28.9,77.16,10.45,0.804,84.69,1
62.91,5.64,0.026,32.25,70.94,3.72,0.622,63.77,0
99.44,6.8,0.104,29.81,88.18,2.59,0.86,95.05,1
63.48,4.58,0.042,47.21,69.97,3.58,0.897,56.86,0
77.8,7.31,0.038,28.37,56.99,2.4,0.601,82.65,0
75.5,8.73,0.235,32.61,75.88,4.8,0.778,76.82,1
50.8,4.85,-0.048,30.01,60.1,0.87,0.438,37.11,0
89.58,4.71,0.03,37.09,68.43,2.93,0.94,87.49,0
90.9,5.7,0.004,32.25,69.85,4.33,0.924,102.56,1
78.4,4.12,0.011,33.94,66.72,2.03,0.86,74.69,0
107.72,12.5,0.17,20.67,91.13,2.79,0.723,143.18,1
63.5,11.75,0.065,41.18,78.49,8.19,0.752,57.86,1
92.15,11.33,0.116,26.35,76.76,10.3,0.768,88.83,1
53.1,4.54,-0.003,27.84,52.36,1.75,0.463,57.83,0
81.62,6.56,0.043,30.28,66.15,1.49,0.695,99.25,0
93.88,8.63,0.03,29.36,72.59,3.23,0.87,63.04,1
142.29,20.99,0.275,22.57,84.95,3.75,0.909,171.1,1
106.5,19.21,0.127,26.76,86.81,7.91,0.834,42.43,1
114.75,11.6,0.155,23.74,72.77,10.53,0.811,149.0,1
66.42,4.63,-0.002,37.35,63.68,1.5,0.676,66.41,0
76.47,4.5,0.069,34.4,75.19,4.46,0.823,71.9,1
85.94,6.75,-0.009,30.91,78.33,5.11,0.828,75.61,1
52.54,3.59,-0.025,40.64,56.47,2.47,0.666,52.87,0
49.31,4.31,-0.12,25.18,54.12,2.08,0.384,44.15,0
122.75,13.92,0.278,28.71,78.16,3.86,0.976,153.66,1
84.42,4.59,0.064,31.71,65.94,3.12,0.798,88.52,0
76.2,5.74,-0.042,28.22,68.03,3.88,0.671,83.93,0
38.08,4.98,-0.044,46.79,62.25,2.08,0.578,34.58,0
130.32,14.62,0.257,22.39,67.14,4.44,0.938,126.14,1
81.72,13.18,0.087,32.36,70.98,7.22,0.794,108.13,1
91.3,10.03,0.125,26.48,83.93,2.79,0.756,74.65,0
131.7,12.38,0.213,24.08,65.95,3.87,0.964,134.42,1
61.49,3.2,-0.081,43.98,69.23,3.88,0.801,60.42,0
113.75,8.39,0.191,27.03,77.27,5.52,0.846,119.29,1
59.2,4.32,-0.006,26.41,59.74,1.39,0.471,63.77,0
64.41,5.17,0.048,35.72,55.8,2.19,0.688,68.4,0
68.5,11.47,0.209,39.4,78.03,10.05,0.852,70.52,1
99.74,15.37,0.09,26.56,80.3,10.42,0.847,131.78,1
74.61,4.46,0.055,33.98,56.12,3.23,0.809,72.4,0
79.11,4.46,0.007,28.85,63.05,2.71,0.726,75.19,0
95.05,5.24,0.082,30.24,75.44,2.9,0.893,85.7,0
45.58,2.76,-0.126,33.95,64.54,1.72,0.423,42.83,0
51.83,3.01,-0.007,47.68,67.22,2.93,0.782,51.79,0
54.1,5.07,-0.087,42.02,69.23,2.11,0.692,54.85,0
70.57,5.49,-0.016,38.17,55.96,2.53,0.714,65.11,0
97.27,11.29,0.083,28.61,73.77,10.79,0.835,112.08,1
80.27,4.3,0.017,29.62,55.44,3.48,0.647,83.9,0
62.47,5.35,-0.027,36.56,71.93,2.37,0.697,65.11,0
65.22,8.05,-0.037,40.7,76.59,4.43,0.829,75.05,1
130.59,17.92,0.257,22.18,81.05,4.79,0.853,152.99,1
63.03,6.04,0.022,36.52,66.31,2.5,0.635,47.17,0
48.22,2.96,0.007,31.02,48.63,1.86,0.428,53.5,0
86.4,3.59,-0.006,26.95,64.11,3.44,0.633,87.04,0
93.53,10.52,0.11,32.81,85.35,4.04,0.877,111.41,1
108.27,15.62,0.1,22.28,83.5,4.93,0.788,127.61,1
99.97,15.41,0.114,23.58,85.08,9.81,0.766,73.62,1
139.16,19.01,0.205,23.06,86.96,10.96,0.943,79.92,1
77.08,16.42,0.089,32.61,79.53,7.01,0.818,80.5,1
78.47,15.61,0.145,41.47,76.53,3.63,0.887,94.0,1
99.89,9.26,-0.035,31.43,76.31,4.21,0.905,89.06,1
42.31,3.67,-0.034,40.31,56.45,1.02,0.494,44.67,0
159.21,27.99,0.207,19.9,87.86,9.23,0.924,200.04,1
81.12,4.09,-0.022,27.18,58.38,3.17,0.711,74.16,0
50.34,4.58,-0.023,56.8,63.16,3.76,0.78,51.99,0
73.67,6.56,0.059,36.08,91.34,2.93,0.772,89.07,1
72.0,7.13,0.015,35.83,69.02,2.42,0.803,80.07,0
70.53,8.9,0.112,36.74,80.61,5.04,0.787,73.37,1
100.65,16.78,0.165,23.59,69.11,4.58,0.751,90.84,1
90.82,4.65,-0.026,37.02,69.07,5.39,0.913,85.87,0
63.12,11.37,0.114,36.07,72.17,9.84,0.705,82.33,1
77.12,5.74,0.062,35.49,58.03,2.91,0.775,80.88,0
65.63,5.55,0.046,52.82,80.16,3.26,0.948,72.78,0
80.45,6.79,0.003,41.05,75.19,3.31,0.915,90.83,1
82.66,6.17,0.046,33.13,94.98,4.14,0.831,70.16,1
78.51,14.77,0.13,30.72,83.89,7.21,0.68,97.39,1
84.2,3.77,0.04,26.24,73.43,1.76,0.608,76.69,0
73.36,11.27,0.188,41.59,79.88,4.9,0.862,100.58,1
71.89,3.84,0.052,37.34,59.07,2.37,0.791,64.27,0
137.45,12.29,0.237,25.71,67.84,6.59,0.962,116.57,1
58.3,5.45,-0.009,46.33,71.03,3.82,0.743,60.25,0
105.91,9.99,0.026,22.14,86.3,4.65,0.71,109.56,1
59.62,1.07,-0.162,28.12,53.74,2.09,0.475,56.06,0
52.74,5.72,-0.039,47.47,64.51,3.8,0.812,50.29,0
95.48,7.27,0.074,31.74,66.9,2.86,0.86,89.61,0
153.57,17.91,0.135,19.04,68.94,5.28,0.933,167.43,1
81.65,4.23,-0.008,37.89,73.9,2.36,0.839,84.18,1
152.51,14.03,0.225,19.46,72.94,3.61,0.941,142.87,1
84.14,9.2,0.039,41.76,75.97,3.1,0.956,92.85,1
72.44,9.83,0.022,42.14,68.12,2.04,0.953,76.08,1
41.61,3.56,-0.046,38.84,62.15,0.88,0.522,38.69,0
61.63,8.35,0.114,51.68,76.36,8.76,0.873,64.02,1
59.18,5.99,-0.065,35.44,73.39,2.56,0.612,67.28,0
140.46,17.87,0.18,22.56,81.33,3.85,0.969,161.81,1
148.31,21.46,0.228,23.99,80.33,3.97,0.964,201.03,1
126.78,23.84,0.248,25.52,80.43,5.0,0.86,110.49,1
71.73,6.58,0.039,42.96,73.76,3.69,0.841,71.94,1
78.61,9.5,0.082,35.69,95.38,4.86,0.826,64.16,1
67.93,11.16,0.125,37.76,83.28,11.18,0.768,85.1,1
37.16,1.13,-0.179,52.19,64.93,0.7,0.585,32.22,0
99.72,16.14,0.226,32.78,69.39,4.89,0.87,114.46,1
39.82,2.82,-0.113,37.21,53.5,0.96,0.401,39.0,0
97.69,9.72,0.04,33.07,69.21,4.62,0.858,85.38,1
53.1,6.95,-0.078,44.22,66.33,2.03,0.666,39.85,0
71.24,3.12,0.033,36.0,73.93,1.49,0.715,70.36,0
62.04,4.87,-0.037,40.15,63.62,1.26,0.679,63.91,0
72.25,7.68,0.026,38.91,73.08,4.71,0.909,84.02,1
87.21,13.59,0.18,29.98,69.27,3.58,0.779,102.97,1
46.24,2.58,-0.011,39.56,58.98,1.33,0.505,40.25,0
66.08,6.41,-0.043,45.07,66.39,3.55,0.836,57.98,0
78.91,3.04,-0.044,31.59,72.42,3.31,0.737,80.46,0
105.93,13.38,0.218,27.5,84.59,3.92,0.881,118.26,1
103.2,10.04,0.152,30.75,79.2,3.91,0.852,92.17,1
71.7,17.73,0.134,35.59,75.58,6.28,0.804,68.42,1
90.79,7.04,0.108,27.6,87.8,4.72,0.773,96.04,1
66.17,7.63,0.036,37.66,59.61,3.05,0.684,68.68,0
88.42,16.36,0.08,33.51,71.33,9.52,0.85,111.56,1
72.43,4.21,0.058,42.48,68.05,3.9,0.823,74.22,0
73.16,8.02,0.093,41.0,81.25,5.05,0.858,68.32,1
107.91,16.65,0.217,27.5,81.81,4.75,0.806,121.54,1
52.32,2.7,-0.023,39.01,51.17,0.66,0.581,46.75,0
92.1,8.41,0.146,33.09,87.31,4.89,0.865,96.96,1
87.32,14.2,0.145,31.39,69.56,4.43,0.752,89.11,1
67.68,5.94,0.07,30.86,72.24,2.26,0.632,74.84,0
43.71,4.05,-0.176,43.22,58.72,1.66,0.506,41.43,0
58.46,2.37,-0.089,31.04,62.35,1.39,0.548,55.44,0
130.26,13.76,0.198,24.65,76.81,4.79,0.892,153.11,1
77.5,6.72,0.132,34.17,91.02,5.79,0.777,78.2,1
46.96,4.06,-0.141,33.44,48.85,1.93,0.437,38.56,0
68.29,5.69,0.035,34.1,67.14,3.9,0.659,67.5,0
95.96,8.73,0.195,31.94,82.9,5.5,0.861,95.28,1
70.01,7.04,0.079,34.85,77.7,8.84,0.692,68.51,1
54.96,3.31,-0.174,33.15,58.71,0.95,0.562,49.65,0
72.14,5.8,0.045,32.58,65.99,2.83,0.679,71.99,0
126.94,24.91,0.184,25.0,74.67,6.68,0.907,109.0,1
44.73,4.65,0.006,32.09,54.69,2.44,0.416,37.37,0
65.38,6.16,-0.093,30.19,55.11,1.81,0.618,61.3,0
168.29,17.59,0.249,17.8,91.28,9.09,0.893,168.67,1
99.76,16.22,0.201,32.19,68.04,7.04,0.917,108.34,1
50.1,5.33,0.038,46.49,68.57,1.59,0.64,47.78,0
37.27,4.46,-0.173,36.7,57.64,1.01,0.425,34.18,0
54.4,2.16,-0.172,33.68,64.22,2.18,0.53,52.91,0
80.65,5.85,0.058,31.39,74.47,3.6,0.732,80.88,1
156.14,16.45,0.226,20.91,82.91,3.99,0.872,169.11,1
79.68,9.46,0.057,42.75,67.05,2.34,0.928,74.55,1
75.16,13.67,0.043,31.41,96.86,5.44,0.762,90.23,1
110.74,13.4,0.216,28.7,73.98,5.03,0.864,113.3,1
98.3,7.07,0.027,28.7,68.27,5.29,0.922,89.76,1
58.86,5.04,0.049,43.86,56.89,1.36,0.754,49.79,0
89.21,7.99,0.08,35.12,75.3,4.68,0.839,88.5,1
127.73,19.03,0.174,26.84,84.01,3.28,0.962,122.81,1
66.29,18.67,0.074,46.14,77.7,8.41,0.878,36.61,1
50.73,3.91,0.009,32.62,60.0,2.18,0.452,48.31,0
66.54,8.56,0.022,44.46,95.84,5.35,0.812,62.77,1
78.62,14.71,0.103,32.35,74.01,3.88,0.771,78.31,1
158.48,12.26,0.249,20.07,73.73,6.77,0.979,160.03,1
52.62,1.05,0.01,32.71,54.09,1.67,0.481,51.97,0
70.93,5.75,0.02,42.41,77.01,3.13,0.914,91.9,0
142.47,20.03,0.167,21.03,71.16,5.58,0.889,123.77,1
65.37,4.04,-0.046,53.7,72.78,4.3,0.941,63.75,0
81.56,9.05,0.099,41.3,75.91,5.22,0.92,72.14,1
56.63,1.01,-0.077,29.55,51.08,2.03,0.546,56.45,0
67.25,6.7,-0.005,40.47,65.33,2.53,0.742,69.1,0
53.71,5.92,-0.079,45.33,74.27,1.36,0.724,48.48,0
136.02,13.49,0.14,25.29,81.57,5.59,0.939,158.06,1
74.23,7.05,0.077,28.28,64.59,1.73,0.618,95.87,0
77.57,5.95,-0.044,35.74,67.98,3.57,0.825,76.64,0
73.58,13.22,0.129,33.81,94.75,5.96,0.769,33.72,1
53.13,4.45,-0.025,48.49,69.16,3.76,0.781,62.14,0
72.38,6.78,-0.049,39.74,68.6,2.21,0.849,78.66,0
69.84,14.17,0.151,33.4,96.49,5.31,0.743,78.0,1
151.53,19.05,0.247,21.6,72.84,5.4,0.93,170.87,1
103.16,17.9,0.212,29.13,73.43,4.76,0.905,118.3,1
84.79,14.61,0.032,29.07,84.58,5.34,0.8,46.24,0
37.3,2.51,-0.018,33.67,64.72,0.71,0.384,34.08,0
148.74,16.65,0.186,21.58,79.31,3.72,0.874,197.06,1
58.34,4.09,-0.031,31.24,49.56,1.98,0.565,66.7,0
75.45,7.2,0.202,37.36,72.51,8.14,0.828,101.65,1
68.89,6.24,0.059,31.41,72.53,1.81,0.688,68.85,0
121.97,14.69,0.277,24.93,78.03,5.78,0.9,121.71,1
86.32,14.54,0.111,34.56,91.23,3.01,0.894,62.87,1
103.58,12.48,0.067,24.69,74.27,9.32,0.699,129.74,1
75.82,5.62,-0.061,34.0,60.51,1.91,0.794,76.13,0
63.83,6.99,-0.001,45.81,72.7,3.82,0.893,65.03,0
80.42,17.02,0.099,40.34,79.53,3.79,0.875,109.81,1
77.4,16.63,0.097,33.21,87.5,9.55,0.785,118.51,1
46.13,4.64,-0.007,27.56,61.34,2.39,0.387,43.41,0
140.72,15.13,0.167,22.78,87.43,8.86,0.986,144.67,1
146.16,19.16,0.106,21.71,83.63,4.76,0.954,119.31,1
59.19,4.51,0.016,44.0,61.64,2.15,0.769,56.46,0
66.72,18.03,0.132,44.13,70.6,7.87,0.839,107.11,1
79.52,5.77,-0.02,37.82,77.62,2.64,0.862,89.44,1
68.06,5.62,0.01,46.75,72.84,3.46,0.843,65.34,0
73.75,3.35,-0.017,39.84,72.34,3.89,0.793,79.49,0
76.56,9.67,0.244,44.03,70.67,4.49,0.91,91.52,1
84.57,12.98,0.083,33.0,88.35,5.65,0.847,121.69,1
85.95,5.84,0.046,35.81,80.19,2.5,0.84,103.83,1
104.66,11.41,0.136,27.89,71.31,6.39,0.914,110.73,1
106.97,13.79,0.108,21.98,85.54,3.21,0.73,115.94,1
86.44,13.68,0.024,28.32,91.55,5.53,0.748,62.1,1
42.34,3.8,-0.049,45.68,63.6,2.31,0.561,34.98,0
119.28,14.89,0.206,26.4,75.61,6.74,0.969,120.91,1
64.1,4.25,-0.041,46.92,68.99,3.62,0.881,68.51,0
68.32,6.1,0.022,31.28,61.74,2.23,0.687,61.23,0
61.63,6.57,0.078,48.74,71.43,3.26,0.803,58.36,0
90.08,6.83,0.04,32.1,65.06,3.24,0.863,96.3,1
158.13,16.57,0.272,20.05,65.62,5.38,0.954,172.1,1
51.36,5.66,0.005,40.67,73.8,2.91,0.655,51.42,0
86.3,13.35,0.042,28.34,94.49,4.81,0.798,116.06,1
54.69,4.78,-0.039,34.24,54.13,1.27,0.569,59.23,0
96.26,9.4,-0.002,29.65,75.98,5.31,0.833,80.32,1
150.6,27.1,0.214,20.26,87.38,8.81,0.955,195.84,1
91.23,13.09,0.074,25.82,70.84,11.22,0.684,128.12,1
65.99,5.05,0.017,34.4,70.93,1.93,0.683,65.86,1
86.46,6.19,0.021,35.06,67.84,2.36,0.826,87.94,1
88.47,3.34,-0.086,29.28,65.08,3.02,0.721,84.98,0
61.51,9.33,0.02,54.53,74.06,3.79,0.956,66.11,0
69.36,10.3,0.204,36.68,74.19,9.05,0.722,85.96,1
106.18,18.78,0.193,26.07,85.46,7.37,0.837,103.74,1
77.34,7.62,0.02,29.86,73.89,3.33,0.646,84.36,0
111.11,15.3,0.272,29.66,80.43,4.7,0.888,138.48,1
97.88,14.32,0.121,27.79,80.86,3.77,0.76,122.54,1
58.23,5.71,0.011,33.37,69.78,2.29,0.616,59.98,0
75.48,4.59,0.083,41.94,67.35,2.88,0.884,71.39,0
76.15,12.76,0.211,36.17,68.35,5.44,0.839,71.55,1
104.14,13.24,0.244,26.86,78.75,5.58,0.852,85.85,1
88.69,5.42,0.005,36.24,75.68,4.34,0.902,96.22,1
72.73,9.36,-0.046,37.9,66.19,4.35,0.846,70.8,0
74.76,6.1,0.0,39.47,72.2,1.87,0.818,64.38,0
91.31,7.92,0.058,30.37,79.81,9.36,0.84,94.17,1
97.11,4.6,0.038,30.1,67.14,3.21,0.909,99.84,1
59.61,3.17,-0.117,32.69,59.21,1.26,0.516,55.74,0
96.3,16.24,0.08,28.61,84.87,10.28,0.856,122.27,1
116.81,14.35,0.117,29.53,82.03,3.36,0.972,110.4,1
111.0,16.21,0.226,24.41,74.7,6.55,0.88,81.29,1
81.43,4.92,-0.003,25.62,66.58,3.25,0.651,86.21,0
45.42,2.17,-0.09,31.68,53.13,1.76,0.423,38.66,0
87.08,9.02,0.091,35.59,75.65,4.04,0.841,91.67,1
49.89,1.8,-0.125,37.3,50.37,0.95,0.501,48.23,0
157.82,12.07,0.255,22.92,75.51,4.8,0.972,176.76,1
62.93,5.61,0.045,37.71,68.28,3.72,0.64,54.56,0
85.76,5.59,0.038,26.59,64.2,1.99,0.698,86.78,0
72.35,5.13,-0.032,41.55,80.28,3.81,0.869,68.32,0
52.17,5.6,0.02,45.81,74.67,3.76,0.633,59.9,0
78.08,16.74,0.211,33.1,72.53,7.02,0.711,72.81,1
86.67,7.13,0.066,36.6,81.14,2.7,0.939,87.36,0
69.51,7.71,0.032,31.83,62.15,3.76,0.721,77.59,0
62.84,7.73,-0.01,41.52,65.65,2.31,0.737,56.6,0
83.62,4.5,0.032,36.12,74.95,5.07,0.925,91.16,1
47.29,1.35,-0.04,36.81,57.02,0.84,0.461,45.67,0
98.5,14.19,0.243,29.3,73.94,7.41,0.881,127.0,1
98.85,15.01,0.126,29.45,71.67,5.27,0.913,95.76,1
66.56,5.39,0.086,37.83,82.67,2.83,0.805,71.0,0
143.43,15.9,0.201,21.7,82.84,4.22,0.86,140.07,1
117.63,12.62,0.26,28.51,80.0,4.99,0.908,147.52,1
147.48,13.11,0.235,22.37,80.46,6.79,0.885,163.65,1
57.05,6.42,-0.097,40.24,71.65,3.0,0.739,62.51,0
59.77,2.42,-0.104,22.58,50.84,1.12,0.371,59.87,0
84.56,7.99,-0.031,24.91,69.72,3.0,0.686,100.35,0
142.77,21.35,0.277,20.3,78.69,6.15,0.926,156.94,1
134.5,24.38,0.185,22.63,85.34,7.5,0.939,187.46,1
131.94,18.42,0.127,23.29,82.19,6.64,0.892,193.52,1
40.36,4.97,-0.031,33.42,52.63,1.83,0.41,37.86,0
127.77,22.15,0.148,23.32,83.7,3.5,0.942,104.63,1
69.08,9.51,0.066,48.75,72.71,2.5,0.904,58.31,1
53.74,2.12,0.009,34.71,59.21,2.47,0.584,52.14,0
87.67,9.52,0.03,32.83,67.43,4.22,0.927,93.64,1
35.92,3.54,-0.065,42.41,56.72,1.9,0.432,35.53,0
86.38,8.02,0.077,37.55,80.94,5.43,0.901,82.94,1
64.35,3.72,0.048,34.03,57.92,3.77,0.632,66.68,0
73.18,8.06,0.06,43.72,68.32,4.44,0.92,92.13,1
112.5,14.25,0.105,23.02,80.64,6.46,0.804,120.88,1
158.46,23.6,0.209,18.61,82.67,4.19,0.915,185.88,1
83.45,5.53,0.068,30.66,82.84,4.43,0.717,79.72,1
75.8,4.67,0.048,41.38,66.98,2.23,0.936,77.12,0
76.69,10.39,0.086,33.86,87.38,10.79,0.743,74.23,1
142.19,23.48,0.142,21.76,81.96,4.64,0.868,127.33,1
48.7,1.7,-0.04,28.64,52.89,2.32,0.455,44.57,0
62.18,4.48,-0.024,46.31,69.8,4.93,0.891,57.51,0
78.81,4.05,-0.092,27.63,71.75,1.43,0.658,76.23,0
49.42,2.81,0.015,36.72,48.75,0.81,0.534,51.66,0
93.43,7.9,0.128,32.46,88.96,4.54,0.815,103.14,1
110.6,13.1,0.271,27.16,77.67,4.34,0.941,105.56,1
65.2,5.99,0.014,36.67,63.91,2.79,0.637,81.3,0
102.09,12.45,0.115,24.97,84.1,9.69,0.798,124.54,1
129.89,18.66,0.194,23.39,75.45,5.69,0.894,164.81,1
147.84,17.49,0.279,21.28,71.52,3.15,0.859,148.73,1
80.23,6.42,-0.061,30.18,62.11,3.63,0.756,57.3,0
127.59,22.81,0.163,26.17,67.47,5.08,0.896,155.34,1
88.3,7.98,-0.015,31.77,66.05,2.73,0.77,94.97,0
96.86,15.73,0.182,32.14,71.6,6.89,0.842,109.13,1
59.28,1.48,-0.122,29.8,62.54,2.03,0.521,56.28,0
51.56,1.03,-0.17,35.63,56.12,0.71,0.539,48.36,0
67.82,8.46,0.045,34.41,85.13,3.8,0.744,43.81,0
93.59,8.96,0.074,33.64,69.94,3.45,0.886,102.94,1
71.19,6.12,0.025,35.0,73.88,3.55,0.802,88.61,1
61.14,3.42,-0.004,35.83,55.88,2.65,0.698,59.52,0
84.1,7.7,0.175,27.65,90.96,3.03,0.707,88.02,1
50.2,4.09,-0.055,29.82,58.17,2.45,0.408,46.65,0
84.94,13.21,0.073,31.79,75.04,7.04,0.794,89.32,1
40.81,3.08,-0.05,32.45,64.79,1.79,0.351,44.85,0
68.76,6.12,-0.017,29.76,72.0,2.46,0.602,61.55,0
79.02,6.5,0.046,35.2,62.82,2.15,0.814,64.73,0
66.18,8.55,0.037,39.6,79.69,4.17,0.85,68.54,0
65.24,7.92,-0.005,36.04,66.88,1.49,0.646,63.98,0
75.11,7.82,0.024,30.25,64.53,2.69,0.611,94.02,0
138.37,18.42,0.232,22.43,88.27,9.08,0.957,111.66,1
104.91,8.05,0.167,26.74,78.09,3.62,0.751,127.37,1
56.34,1.94,-0.072,33.4,57.14,1.35,0.566,54.35,0
75.36,7.69,-0.043,40.1,74.53,4.75,0.878,73.56,0
142.54,12.23,0.143,24.16,76.72,6.78,0.956,156.71,1
67.99,6.89,-0.016,33.26,55.94,3.62,0.673,60.52,0
55.72,4.3,-0.084,34.4,56.86,1.65,0.518,56.43,0
113.18,11.78,0.106,20.23,83.87,10.11,0.741,118.79,1
83.75,8.92,0.15,39.82,74.23,6.28,0.899,79.34,1
78.47,14.1,0.234,32.09,84.81,4.96,0.783,81.16,1
51.77,2.96,-0.051,22.96,53.95,1.85,0.359,55.14,0
54.39,4.84,-0.173,38.79,50.87,2.34,0.564,46.25,0
107.92,17.18,0.12,23.85,75.1,6.88,0.815,165.19,1
74.92,4.75,0.059,29.11,74.56,1.24,0.675,66.68,0
89.5,8.89,0.055,33.64,72.75,5.43,0.956,87.5,1
93.84,4.23,0.03,31.96,79.56,4.45,0.888,100.72,1
57.25,3.76,0.03,40.38,66.18,3.13,0.661,58.29,0
144.95,20.06,0.168,18.22,82.11,6.38,0.862,142.91,1
78.31,12.37,0.166,33.41,84.88,11.21,0.698,84.87,1
69.13,14.19,0.111,41.44,96.89,4.81,0.845,104.9,1
58.62,4.56,-0.065,22.46,53.89,1.29,0.403,58.79,0
53.67,4.34,-0.116,37.28,60.49,1.44,0.562,53.12,0
77.72,4.61,-0.05,45.76,69.55,4.32,0.951,85.04,0
82.73,3.61,0.044,33.56,61.59,3.13,0.76,86.69,0
133.55,22.38,0.185,22.66,83.32,8.64,0.96,126.5,1
82.48,3.66,0.03,31.31,57.85,2.78,0.756,85.95,0
63.22,8.92,0.079,45.78,76.15,4.46,0.838,66.32,0
70.12,4.59,0.024,29.54,64.2,3.6,0.663,62.53,0
88.92,13.98,0.083,30.12,76.26,5.56,0.834,140.61,1
40.19,3.59,-0.161,36.05,62.12,0.8,0.426,33.2,0
72.5,7.35,-0.001,43.42,68.95,2.38,0.835,76.11,0
59.43,5.65,-0.023,45.02,64.96,3.24,0.725,53.15,0
159.22,23.26,0.166,22.39,78.41,4.75,0.966,146.29,1
51.88,4.31,-0.096,35.74,54.24,2.0,0.55,56.73,0
116.25,24.07,0.192,28.65,73.11,5.58,0.933,107.98,1
107.77,18.11,0.111,27.59,84.05,10.32,0.803,121.43,1
79.95,7.04,0.051,27.35,70.64,3.86,0.678,87.75,1
62.65,7.94,0.087,50.8,72.28,10.24,0.864,62.31,1
47.38,2.29,-0.151,27.07,50.29,1.37,0.403,47.1,0
148.15,26.92,0.248,23.36,95.43,7.2,0.953,135.0,1
72.32,4.63,-0.024,47.56,75.2,3.66,0.954,65.7,0
82.55,3.55,0.033,35.96,66.71,2.92,0.805,86.47,0
74.5,4.83,0.059,35.26,56.16,3.79,0.819,72.9,0
40.13,1.17,0.004,42.33,48.91,1.8,0.54,39.46,0
132.33,26.61,0.236,25.98,92.82,9.09,0.965,184.57,1
35.37,2.36,-0.024,57.16,63.09,1.76,0.541,34.95,0
73.87,12.79,0.131,33.7,83.39,2.94,0.792,121.59,1
75.02,4.95,0.079,43.99,79.57,4.13,0.946,75.31,1
113.12,18.12,0.2,29.22,68.18,6.13,0.921,136.86,1
59.19,5.76,0.042,37.29,60.5,2.52,0.602,56.99,0
78.51,5.83,0.01,35.91,73.49,2.5,0.896,81.36,1
65.21,9.05,-0.047,40.15,81.25,2.23,0.848,52.76,0
90.46,8.39,0.053,36.69,87.46,4.74,0.9,88.08,1
58.06,2.64,0.015,30.37,57.92,1.92,0.531,64.15,0
63.07,6.84,-0.055,44.28,58.04,1.81,0.775,48.84,0
60.53,6.98,0.041,39.07,56.46,1.67,0.657,58.36,0
72.39,5.75,0.055,44.87,84.72,2.8,0.896,80.79,0
74.62,5.67,-0.019,32.64,68.97,2.39,0.754,72.23,0
96.7,14.93,0.189,29.39,79.26,7.0,0.855,105.83,1
75.1,6.48,0.006,39.02,68.1,2.39,0.799,99.62,0
139.11,16.2,0.23,20.56,82.38,6.02,0.863,122.64,1
121.32,17.04,0.245,25.98,74.36,4.02,0.854,160.59,1
74.32,5.98,-0.001,43.38,81.39,2.73,0.915,69.04,0
60.62,5.75,-0.003,36.02,64.97,3.66,0.699,59.57,0
63.34,3.89,0.047,38.54,69.57,2.08,0.73,70.2,0
57.84,4.84,-0.032,32.41,59.8,1.72,0.537,50.93,0
89.08,5.6,0.07,31.46,55.8,2.71,0.757,94.1,0
67.33,13.67,0.118,32.23,87.98,2.61,0.709,74.18,1
71.58,4.68,-0.042,47.05,75.63,2.56,0.948,73.19,0
159.94,22.24,0.18,22.27,79.89,3.35,0.956,169.51,1
70.33,4.14,0.05,31.76,66.59,1.68,0.695,76.03,0
109.33,9.94,0.151,26.84,97.7,5.94,0.866,110.65,1
84.31,8.93,0.087,35.9,72.1,4.55,0.893,91.16,1
86.87,8.83,0.076,35.8,74.71,2.09,0.856,76.0,1
81.83,4.0,-0.029,29.69,62.2,1.7,0.725,79.68,0
65.77,8.31,-0.024,42.05,74.53,5.31,0.888,78.29,0
85.17,6.78,0.06,33.6,68.0,2.12,0.869,108.22,0
84.21,11.59,0.149,33.26,89.89,3.32,0.748,106.0,1
136.56,15.66,0.136,23.78,83.43,3.85,0.935,160.36,1
71.17,6.21,0.006,32.74,68.83,1.96,0.66,67.56,0
38.18,4.34,-0.156,39.56,52.89,0.71,0.433,33.82,0
91.95,9.95,0.09,33.18,69.38,3.44,0.827,105.32,1
86.38,5.79,0.037,31.75,73.16,3.32,0.827,73.76,0
59.4,7.09,0.059,41.93,62.92,1.93,0.795,50.4,0
75.22,11.83,0.144,29.3,87.3,10.16,0.712,95.33,1
143.81,15.7,0.184,19.6,93.64,10.45,0.912,156.82,1
141.42,24.49,0.169,21.45,74.91,6.7,0.91,147.57,1
89.34,5.72,-0.061,24.81,58.46,1.31,0.623,99.89,0
149.11,24.11,0.121,18.33,75.97,3.52,0.874,155.06,1
94.99,12.25,0.155,28.7,89.08,5.93,0.883,92.43,1
96.87,5.34,0.061,32.4,71.48,2.21,0.88,103.2,0
67.01,6.78,-0.029,50.51,68.93,4.08,0.905,62.13,0
75.62,9.94,0.193,40.61,83.59,10.62,0.876,87.75,1
81.15,8.33,-0.045,34.84,76.68,3.17,0.829,84.12,1
82.21,5.1,-0.048,24.56,57.63,1.3,0.652,89.89,0
70.84,5.67,0.007,45.97,77.91,2.69,0.903,76.41,0
79.52,17.51,0.221,33.06,75.17,3.52,0.811,73.27,1
61.57,5.26,-0.075,36.97,68.37,2.24,0.705,57.13,0
127.04,18.86,0.16,25.75,81.97,6.74,0.895,131.32,1
69.45,7.9,0.134,46.29,85.88,5.64,0.895,67.34,1
103.6,14.54,0.234,28.89,68.94,5.45,0.893,65.93,1
59.93,2.71,-0.043,24.56,58.45,0.99,0.421,60.29,0
77.96,9.83,0.16,35.97,77.57,5.53,0.898,81.21,1
59.05,2.39,-0.13,27.27,55.04,1.47,0.453,48.91,0
35.27,4.27,-0.159,34.22,48.82,0.98,0.379,30.64,0
73.91,7.96,-0.042,39.04,70.55,4.12,0.94,71.24,0
81.4,4.92,0.062,35.95,66.97,3.17,0.846,75.36,0
119.45,12.19,0.152,22.88,81.02,4.23,0.76,124.71,1
51.06,3.42,-0.089,26.55,61.24,1.51,0.386,50.23,0
74.96,5.2,0.071,42.35,79.73,5.38,0.868,66.29,1
53.73,4.39,-0.075,40.49,74.76,3.53,0.606,52.86,0
138.69,15.39,0.223,25.68,98.29,11.05,0.962,131.94,1
82.39,9.39,0.216,33.99,73.22,7.01,0.904,81.52,1
95.48,10.27,0.064,31.93,85.39,3.96,0.854,107.93,1
84.62,4.01,-0.021,25.57,63.2,2.61,0.695,82.22,0
56.75,2.16,-0.18,32.86,59.06,2.47,0.521,54.07,0
146.44,26.5,0.2,19.98,93.94,8.68,0.885,146.29,1
78.63,4.61,-0.079,30.31,71.48,1.56,0.689,85.48,0
71.0,6.67,0.024,44.35,78.92,2.01,0.938,62.11,1
102.8,16.52,0.088,26.73,82.31,4.52,0.857,115.43,1
52.32,2.7,-0.176,31.98,53.93,0.95,0.489,48.68,0
78.78,7.5,0.173,33.64,81.14,10.7,0.827,79.13,1
62.41,9.3,0.024,45.29,73.13,3.14,0.865,42.9,0
67.92,5.41,-0.022,38.66,70.67,1.36,0.721,62.63,0
49.99,4.9,-0.177,31.8,59.85,1.69,0.518,41.64,0
74.25,3.58,-0.086,31.06,69.0,3.69,0.753,71.93,0
136.49,16.63,0.231,21.1,75.34,6.2,0.904,95.6,1
79.44,10.21,0.143,35.28,83.16,5.96,0.785,78.91,1
71.88,7.97,0.007,27.73,74.29,2.71,0.648,88.89,0
49.33,1.28,-0.074,41.67,57.16,1.31,0.556,47.52,0
87.45,14.83,0.048,28.28,88.85,2.85,0.76,98.84,1
97.23,10.28,0.197,28.86,69.53,6.56,0.809,95.43,1
60.78,4.28,0.069,44.35,81.6,4.91,0.877,67.71,0
84.8,4.06,-0.012,28.22,56.19,1.55,0.711,78.11,0
71.06,4.9,0.013,36.27,72.03,3.95,0.693,76.02,0
72.59,9.57,0.093,41.84,87.72,4.42,0.868,76.12,1
141.11,17.89,0.188,23.6,81.32,10.1,0.891,123.99,1
77.52,4.56,-0.04,31.51,72.33,1.77,0.719,80.94,0
96.81,15.81,0.095,30.77,78.39,6.21,0.806,98.67,1
83.62,5.74,0.031,35.16,78.33,5.31,0.92,76.71,1
72.71,4.86,0.066,42.16,65.51,4.85,0.948,77.46,1
69.48,6.74,-0.009,34.95,73.12,2.86,0.651,65.89,0
109.3,16.82,0.173,20.32,70.41,9.97,0.681,131.23,1
62.34,5.72,0.076,46.79,75.46,4.8,0.886,63.7,1
82.79,8.56,-0.033,36.27,70.06,3.36,0.923,88.29,0
56.14,4.81,-0.083,45.82,61.12,3.03,0.786,58.42,0
74.96,4.09,0.01,26.91,58.54,3.24,0.601,70.63,0
40.09,3.02,-0.087,39.34,49.23,2.16,0.508,44.86,0
80.52,14.1,0.141,35.47,84.94,2.65,0.785,76.68,1
57.77,4.35,-0.098,37.87,59.61,3.64,0.604,59.08,0
73.4,14.79,0.057,31.32,86.71,4.36,0.73,83.71,1
79.54,4.86,0.002,33.0,73.04,3.49,0.762,79.68,0
81.44,4.95,-0.028,34.58,75.06,3.45,0.844,82.38,0
65.1,6.29,0.007,45.36,71.6,3.47,0.907,62.22,0
51.71,4.02,-0.042,42.82,68.3,1.99,0.632,47.32,0
51.1,2.79,-0.09,34.17,52.46,0.64,0.495,47.55,0
85.03,5.54,-0.045,33.07,74.25,3.26,0.757,100.07,1
70.07,6.21,0.045,38.97,88.24,4.17,0.841,76.16,0
72.21,6.93,0.074,38.02,90.5,5.13,0.756,77.66,1
58.34,3.88,-0.035,36.25,56.84,1.88,0.632,65.07,0
68.91,8.91,-0.045,45.47,75.76,3.02,0.882,74.72,0
84.68,3.45,-0.008,25.04,60.59,1.58,0.604,81.07,0
58.23,4.22,-0.059,45.2,74.12,2.57,0.754,52.14,0
55.45,2.9,-0.12,37.8,63.4,1.02,0.588,57.69,0
151.53,20.76,0.193,22.59,70.3,5.72,0.96,187.95,1
84.81,7.99,0.0,29.77,67.01,3.04,0.707,83.79,0
64.84,3.19,0.01,44.14,73.43,2.65,0.792,58.08,1
78.5,4.14,-0.089,33.48,60.65,2.74,0.765,79.19,0
56.18,4.01,0.02,33.29,51.59,2.43,0.566,61.82,0
100.39,17.41,0.116,32.57,84.2,6.92,0.896,90.06,1
54.01,1.47,-0.002,23.8,57.6,0.8,0.403,51.25,0
49.64,3.54,-0.126,24.52,57.34,2.2,0.38,43.21,0
117.15,8.83,0.087,24.04,81.3,7.19,0.771,135.24,1
78.71,3.29,-0.062,36.13,67.46,2.51,0.806,75.95,0
85.58,13.22,0.069,29.12,84.97,2.78,0.727,120.38,1
103.86,17.34,0.208,29.21,82.69,7.07,0.849,105.52,1
63.45,7.99,-0.016,37.18,71.28,3.03,0.768,60.67,0
65.87,13.19,0.138,38.95,85.98,2.8,0.807,89.01,1
58.53,4.83,-0.065,32.31,61.81,2.03,0.56,70.31,0
75.58,5.58,0.091,43.12,68.01,2.88,0.937,68.18,0
91.65,4.01,0.001,38.66,77.93,3.4,0.95,89.68,1
86.03,3.26,-0.077,24.64,73.59,3.56,0.685,91.57,0
83.8,15.23,0.143,35.29,74.67,7.3,0.797,88.5,1
155.7,23.93,0.132,21.42,69.25,6.35,0.966,142.4,1
149.5,25.26,0.241,23.55,87.54,10.57,0.97,111.19,1
73.16,11.76,0.231,37.21,75.11,4.23,0.87,67.24,1
74.83,5.06,-0.028,40.16,69.24,3.97,0.938,69.46,0
69.67,4.38,-0.084,37.52,64.16,2.3,0.816,80.0,0
62.19,5.4,-0.057,39.53,70.74,1.37,0.716,60.53,0
75.97,4.44,0.091,36.69,74.6,3.3,0.856,88.15,0
81.42,6.17,-0.005,32.57,65.35,3.93,0.771,83.38,0
125.86,17.8,0.188,26.11,68.17,4.73,0.887,113.66,1
80.31,3.41,0.049,29.53,66.0,1.79,0.758,75.87,0
59.27,6.81,0.068,47.03,65.55,3.86,0.762,58.18,0
61.51,4.54,-0.037,39.66,73.79,3.28,0.686,61.31,0
83.46,11.39,0.07,29.3,73.7,8.46,0.771,80.04,1
65.27,13.7,0.123,44.97,90.22,5.04,0.818,65.74,1
116.76,10.44,0.213,26.54,68.49,5.0,0.918,132.21,1
55.91,3.58,0.08,51.38,68.95,2.32,0.782,58.47,0
110.75,16.52,0.118,26.07,71.77,7.29,0.797,87.51,1
42.34,2.6,-0.076,31.0,56.22,1.3,0.421,40.93,0
153.36,15.66,0.21,22.16,68.98,3.12,0.924,107.64,1
90.52,4.2,0.065,33.47,74.38,4.63,0.877,91.45,1
52.47,6.64,0.042,47.12,63.78,1.91,0.702,55.94,0
90.85,9.02,-0.016,29.86,72.41,3.96,0.876,99.32,1
91.48,5.89,0.149,35.64,86.64,4.27,0.893,88.24,1
53.48,3.79,-0.066,35.85,64.24,2.24,0.586,49.99,0
121.27,22.86,0.217,23.62,73.2,6.41,0.901,129.95,1
91.65,6.23,0.038,35.11,72.4,3.71,0.925,96.35,1
52.54,7.32,0.056,42.94,72.6,3.29,0.662,43.94,0
48.36,2.65,-0.096,31.28,60.03,1.76,0.401,41.11,0
65.65,4.68,0.027,43.67,75.38,2.69,0.841,61.45,1
72.8,8.69,0.078,40.25,78.83,3.37,0.859,97.76,1
69.27,7.75,-0.035,48.28,81.83,4.64,0.903,57.94,1
77.98,5.49,0.1,35.02,88.79,4.47,0.83,79.23,1
63.43,6.59,0.032,55.13,70.9,4.37,0.958,68.32,0
145.25,28.58,0.15,20.56,95.01,8.34,0.95,141.21,1
71.22,8.74,0.172,38.4,69.07,3.95,0.893,78.96,1
75.2,12.73,0.08,29.5,73.28,7.55,0.703,73.57,0
54.79,2.91,-0.072,25.22,51.58,0.78,0.444,54.62,0
58.66,4.77,0.003,41.75,68.32,1.74,0.713,56.85,0
80.71,4.94,0.075,33.13,68.5,2.49,0.727,86.23,0
85.37,16.66,0.189,38.08,68.64,4.61,0.886,87.66,1
125.92,21.26,0.279,21.99,73.35,3.66,0.873,101.95,1
47.07,4.91,-0.113,39.88,54.74,1.1,0.568,47.74,0
38.19,3.72,-0.078,41.9,53.15,1.84,0.503,33.79,0
130.01,19.93,0.254,25.17,75.54,6.53,0.956,140.64,1
70.69,6.6,0.058,38.61,73.88,1.85,0.733,72.99,0
100.82,13.02,0.065,32.62,83.29,2.62,0.897,78.4,1
92.76,8.28,0.078,31.75,66.63,5.39,0.839,106.54,1
79.8,8.94,0.167,33.45,79.8,6.75,0.844,98.87,1
37.55,3.63,-0.067,45.23,57.24,1.12,0.467,41.24,0
44.77,1.29,-0.129,43.18,51.24,0.8,0.591,40.08,0
113.9,11.06,0.151,24.02,84.81,7.5,0.803,108.09,1
128.71,20.83,0.152,21.19,83.44,3.98,0.879,148.65,1
90.04,5.46,0.018,30.65,66.16,3.61,0.836,93.88,0
66.3,6.01,-0.082,38.27,71.12,2.66,0.795,64.7,0
91.3,10.97,0.249,29.51,75.18,4.18,0.833,100.22,1
127.9,15.86,0.136,24.9,84.54,6.01,0.854,165.18,1
82.69,18.3,0.094,32.33,73.64,10.35,0.782,109.47,1
163.26,28.53,0.211,19.17,91.69,9.18,0.931,171.4,1
43.51,4.33,-0.073,38.11,51.47,1.08,0.502,38.96,0
57.21,4.61,-0.048,24.49,54.55,1.99,0.429,56.01,0
100.45,17.06,0.15,30.52,83.79,4.86,0.85,105.24,1
107.22,16.73,0.158,22.93,82.07,7.88,0.728,111.44,1
78.39,6.37,-0.028,26.49,64.68,1.96,0.64,87.05,0
69.89,4.87,0.062,39.45,64.89,2.38,0.755,65.23,0
69.51,15.63,0.054,32.22,86.77,9.07,0.681,73.99,1
57.07,3.78,-0.086,22.08,54.63,2.1,0.39,60.5,0
78.49,4.24,-0.017,27.32,64.1,2.92,0.619,69.36,0
71.02,8.6,0.067,43.27,71.5,4.23,0.888,59.53,0
103.36,11.06,0.214,28.59,75.12,4.03,0.804,91.07,1
103.33,12.05,0.091,31.18,87.4,2.85,0.898,114.98,1
80.28,3.29,0.047,33.53,73.59,1.53,0.771,79.31,0
83.25,12.49,0.099,31.52,69.21,5.47,0.802,64.94,1
99.52,12.56,0.121,23.78,80.81,6.03,0.767,109.44,1
95.28,7.44,0.083,30.47,81.07,2.2,0.824,93.12,1
87.29,8.39,0.238,31.82,82.51,4.82,0.773,97.3,1
81.98,5.83,-0.045,27.81,58.5,3.55,0.651,70.36,0
47.72,2.0,-0.093,34.21,49.22,1.29,0.505,48.69,0
42.49,1.17,-0.143,31.28,57.66,0.92,0.39,41.9,0
74.58,7.4,-0.056,30.31,58.47,2.21,0.641,63.85,0
65.25,6.69,-0.029,44.23,66.43,4.63,0.934,69.84,0
104.38,15.15,0.105,26.99,82.13,7.43,0.761,135.76,1
87.8,9.52,0.095,32.34,93.72,5.46,0.773,88.49,1
66.66,16.9,0.084,37.29,74.96,7.96,0.682,61.43,1
63.04,4.26,0.007,38.37,68.58,3.75,0.719,64.2,0
86.24,9.51,0.031,35.82,71.85,4.64,0.863,96.49,1
86.82,6.82,0.054,30.84,67.88,3.91,0.726,94.95,0
81.09,6.43,-0.035,27.91,56.1,2.37,0.721,84.52,0
39.35,1.98,-0.009,40.59,58.0,1.67,0.496,39.92,0
82.17,17.5,0.203,30.41,71.79,6.01,0.765,69.95,1
138.36,23.59,0.286,24.81,82.31,7.6,0.92,125.78,1
71.15,5.33,0.06,34.02,64.61,3.79,0.712,81.1,0
59.43,4.86,-0.025,28.13,62.98,1.4,0.475,48.3,0
69.87,15.6,0.097,42.96,77.45,8.49,0.834,103.24,1
84.2,3.68,-0.014,35.3,71.24,3.93,0.808,81.34,0
77.06,9.33,0.086,32.12,71.36,11.03,0.723,81.42,1
79.65,5.71,0.05,36.28,94.7,3.39,0.832,78.2,0
110.04,15.62,0.133,24.17,74.68,5.52,0.86,126.15,1
89.91,5.93,-0.019,32.46,74.62,3.33,0.854,84.08,1
101.52,10.02,0.179,29.92,85.32,4.25,0.833,113.69,1
61.34,9.66,0.05,46.06,79.86,2.29,0.843,52.17,0
106.85,17.37,0.139,25.7,71.34,3.64,0.891,89.79,1
62.01,9.86,-0.014,47.33,75.42,2.51,0.885,66.89,1
75.91,6.2,0.052,31.78,72.8,3.11,0.696,78.36,1
83.79,8.55,0.058,35.36,75.08,4.7,0.894,74.91,1
65.4,9.25,0.095,41.82,81.84,3.13,0.88,78.96,1
93.96,7.12,0.052,29.83,85.22,7.77,0.825,96.77,1
108.25,9.61,0.042,25.51,89.92,3.71,0.882,126.81,1
97.27,9.97,0.135,25.36,93.76,2.8,0.77,97.13,1
56.94,2.17,-0.139,22.34,54.68,0.73,0.372,51.82,0
86.86,12.45,0.148,33.77,85.37,3.55,0.893,66.16,1
77.81,8.84,-0.014,43.43,68.47,4.49,0.93,77.89,0
126.44,22.04,0.158,23.86,81.69,4.64,0.869,160.67,1
155.92,13.77,0.2,19.82,82.24,4.37,0.923,138.93,1
46.77,2.74,-0.141,37.65,55.33,1.18,0.558,44.2,0
64.94,19.48,0.219,48.46,78.26,10.54,0.86,86.15,1
58.92,2.12,-0.047,29.65,55.7,1.53,0.516,53.71,0
70.84,3.74,0.043,33.3,74.48,1.89,0.745,72.3,1
68.2,6.76,0.046,39.49,77.89,5.29,0.828,51.73,0
54.41,2.67,-0.047,30.88,53.01,2.1,0.536,51.9,0
101.55,10.86,0.172,26.65,87.45,5.43,0.83,100.12,1
42.27,1.11,-0.13,34.15,53.06,1.3,0.415,40.47,0
55.33,7.65,-0.095,47.34,65.94,3.19,0.8,42.17,0
78.69,17.47,0.155,33.1,84.76,4.84,0.832,109.93,1
99.79,14.55,0.069,26.89,88.95,5.24,0.844,138.33,1
135.04,13.0,0.201,22.22,84.2,5.22,0.872,139.04,1
95.45,5.47,0.133,24.82,94.48,5.57,0.721,101.25,1
104.52,9.83,0.111,28.01,89.62,5.68,0.782,115.69,1
54.65,4.63,-0.008,41.61,66.53,3.12,0.645,38.61,0
46.06,4.08,-0.116,34.26,52.59,1.75,0.467,40.35,0
41.99,4.64,-0.076,45.64,63.89,0.95,0.513,34.79,0
81.59,9.14,-0.025,33.25,68.3,4.29,0.858,73.8,0
76.5,7.81,0.139,37.58,96.52,2.85,0.885,86.59,1
86.89,7.71,0.003,35.26,67.22,4.24,0.941,65.18,0
109.09,9.87,0.176,25.27,94.29,5.01,0.751,119.34,1
87.74,8.09,0.049,38.74,68.88,2.11,0.958,93.76,1
42.99,1.17,-0.026,26.64,51.81,1.24,0.363,41.14,0
86.54,6.11,0.058,26.86,74.84,2.67,0.75,89.9,0
79.13,8.47,0.09,30.61,79.33,11.17,0.775,69.21,1
81.1,10.06,0.038,36.48,90.24,4.11,0.838,70.29,1
118.13,18.81,0.167,23.94,67.49,3.09,0.884,92.9,1
41.19,2.94,-0.132,43.21,56.06,1.79,0.554,44.85,0
144.0,19.71,0.271,24.24,90.13,11.3,0.972,114.97,1
52.21,5.8,0.026,42.79,71.64,2.04,0.719,62.27,0
54.13,1.04,-0.045,22.76,61.17,1.94,0.355,54.22,0
152.78,25.01,0.159,21.69,83.82,9.29,0.972,136.55,1
61.99,6.32,-0.026,38.97,67.43,1.44,0.666,65.9,0
88.61,7.06,0.085,27.47,91.87,4.84,0.726,98.2,1
73.04,6.34,-0.077,38.64,63.89,2.23,0.757,68.26,0
72.7,9.96,0.144,40.17,76.68,5.1,0.805,84.4,1
128.47,17.3,0.23,24.75,82.04,5.17,0.866,148.16,1
81.74,4.87,-0.082,36.47,61.89,2.25,0.803,78.94,0
69.0,5.01,0.09,39.11,86.33,3.41,0.814,72.92,1
60.52,7.29,0.016,44.0,72.21,2.42,0.782,64.12,0
93.06,16.95,0.217,31.13,72.6,4.09,0.838,124.52,1
61.84,4.32,-0.081,36.35,70.67,1.5,0.608,63.76,0
82.92,6.96,0.057,30.37,74.72,1.98,0.675,77.78,0
67.5,3.28,0.041,36.35,58.95,3.51,0.773,69.72,0
61.61,3.38,0.072,41.55,63.96,2.61,0.723,61.43,0
153.08,20.74,0.233,20.0,72.68,5.34,0.873,176.32,1
51.46,7.94,0.078,41.39,63.02,1.77,0.635,45.43,0
71.31,7.11,-0.094,39.03,73.81,2.8,0.817,66.4,0
89.51,6.98,-0.007,34.61,69.97,4.45,0.885,89.68,0
65.52,4.57,0.058,35.65,69.32,2.93,0.75,66.1,0
106.87,10.25,0.16,23.14,93.59,3.36,0.719,101.9,1
143.18,24.97,0.21,20.73,84.66,8.35,0.931,113.28,1
70.73,7.18,-0.009,45.75,65.24,5.41,0.902,72.04,0
135.19,23.97,0.257,21.32,67.32,4.01,0.898,149.25,1
112.5,12.9,0.211,25.81,78.24,6.06,0.805,141.69,1
81.98,4.38,-0.031,26.31,69.96,1.96,0.646,78.35,0
78.12,11.51,0.176,30.18,95.36,2.93,0.713,96.65,1
76.67,8.31,0.089,40.36,77.66,3.13,0.834,88.0,1
72.41,14.58,0.021,38.92,92.82,5.49,0.747,53.66,1
118.66,15.99,0.261,25.6,79.67,4.69,0.854,167.65,1
86.67,7.79,0.05,37.65,77.14,4.72,0.9,91.84,1
152.68,16.11,0.234,20.84,72.35,6.11,0.973,153.28,1
104.36,10.99,0.1,22.8,73.93,9.56,0.736,89.51,1
97.4,6.08,0.031,31.22,81.37,3.48,0.877,93.31,0
71.63,12.55,0.174,41.94,75.86,5.96,0.799,82.9,1
74.07,5.24,-0.096,32.69,62.17,2.54,0.668,75.61,0
143.05,19.85,0.173,22.33,92.39,7.37,0.974,156.95,1
71.87,14.69,0.072,42.03,87.09,4.16,0.799,55.53,1
44.28,1.68,-0.032,30.99,57.87,1.86,0.445,41.66,0
75.76,5.66,-0.085,27.95,63.82,2.17,0.627,67.15,0
103.12,16.18,0.08,27.6,72.68,5.23,0.813,112.47,1
39.69,1.54,-0.034,42.76,55.83,1.55,0.521,36.77,0
53.16,3.22,-0.034,31.31,57.28,1.21,0.498,48.02,0
95.5,7.46,0.029,30.82,76.41,4.4,0.827,93.66,1
64.85,7.13,0.077,32.68,66.09,1.22,0.691,61.65,0
62.98,8.32,-0.023,54.21,72.34,4.97,0.926,63.69,0
81.54,6.31,-0.066,27.25,74.25,3.36,0.684,88.01,0
61.24,4.27,-0.041,42.45,63.67,2.22,0.804,65.67,0
108.13,9.99,0.095,26.55,82.53,3.55,0.806,91.47,1
98.67,7.41,-0.021,29.4,73.33,2.53,0.88,83.57,0
64.16,4.38,0.01,36.19,66.03,1.47,0.727,62.36,0
54.43,3.32,-0.056,37.85,69.5,3.15,0.643,52.41,0
86.0,10.94,0.085,30.57,83.27,5.66,0.847,84.87,1
49.99,2.94,0.001,31.56,60.78,0.67,0.441,49.61,0
58.7,3.81,0.005,27.49,58.31,1.58,0.474,57.24,0
49.46,1.16,-0.143,29.32,54.51,1.43,0.404,46.95,0
74.98,13.7,0.157,37.51,73.88,10.05,0.796,58.24,1
111.26,15.24,0.172,24.9,71.91,9.98,0.842,113.23,1
91.93,10.38,0.161,24.1,83.47,7.32,0.687,111.55,1
65.04,8.13,0.082,37.83,85.68,5.63,0.747,57.58,0
101.41,11.78,0.141,27.14,96.07,3.81,0.788,115.39,1
85.6,9.71,-0.03,30.14,72.85,5.21,0.839,73.85,0
85.25,8.25,0.22,32.05,76.12,3.73,0.752,79.86,1
53.66,3.89,-0.033,34.81,55.09,2.24,0.585,51.95,0
84.21,12.58,0.235,31.46,79.43,6.84,0.804,88.56,1
69.31,14.69,0.098,41.48,72.42,7.26,0.81,76.05,1
93.75,6.33,0.096,32.67,81.74,4.96,0.832,109.43,1
83.7,7.31,0.047,31.81,64.22,3.83,0.798,92.83,1
82.84,6.69,-0.094,33.73,55.47,2.69,0.763,89.12,0
111.48,16.41,0.182,23.08,76.64,5.56,0.781,135.36,1
88.31,12.05,0.099,31.46,83.48,5.76,0.823,87.26,1
147.42,20.67,0.244,21.22,83.71,6.32,0.855,187.75,1
73.01,5.52,0.041,35.47,56.54,2.08,0.738,72.78,0
109.71,19.13,0.193,22.49,78.52,8.67,0.731,121.78,1
90.59,11.24,0.155,27.55,80.88,4.17,0.805,79.42,1
142.54,15.0,0.216,19.67,69.94,3.62,0.858,145.81,1
80.81,7.78,-0.0,35.09,81.83,2.74,0.894,61.48,0
93.7,6.46,0.077,32.84,65.37,3.31,0.879,81.74,0
119.92,13.44,0.198,27.31,68.0,5.71,0.873,87.65,1
98.79,8.4,0.078,25.17,92.08,2.84,0.761,133.16,1
157.33,26.16,0.174,21.0,96.57,10.99,0.905,155.65,1
40.22,1.23,-0.075,44.62,52.04,2.32,0.568,37.14,0
38.78,4.49,-0.097,31.51,50.5,1.4,0.398,31.12,0
116.05,12.05,0.104,30.31,73.98,5.92,0.98,89.22,1
81.94,5.99,-0.022,35.32,65.65,5.13,0.914,83.56,0
100.76,15.54,0.092,27.89,74.06,7.49,0.904,87.98,1
76.11,6.66,0.011,37.62,78.04,4.87,0.867,80.33,0
47.07,2.69,-0.061,28.7,61.7,2.11,0.388,46.44,0
88.13,13.95,0.129,27.23,83.18,11.46,0.776,102.6,1
75.36,7.1,0.153,38.23,90.4,4.14,0.784,96.23,1
50.78,6.26,-0.057,48.81,70.03,1.51,0.791,49.62,0
61.72,3.63,0.033,45.89,68.11,1.9,0.817,62.42,0
84.93,12.39,0.136,30.63,76.19,7.07,0.761,84.81,1
55.53,1.42,-0.032,26.63,54.48,2.48,0.417,56.11,0
126.12,20.78,0.182,27.89,76.42,6.08,0.958,168.26,1
82.84,5.01,-0.034,30.06,57.86,1.98,0.791,82.88,0
115.04,9.29,0.215,25.28,78.51,6.55,0.814,114.19,1
116.84,13.5,0.266,26.89,69.37,4.75,0.86,143.91,1
96.14,13.02,0.057,22.61,84.04,3.08,0.704,127.53,1
89.9,9.31,0.057,34.37,75.31,3.82,0.846,118.26,0
101.35,6.23,0.045,25.09,93.95,2.73,0.769,122.91,1
62.74,5.43,-0.017,38.5,67.51,3.73,0.757,49.57,0
54.5,3.82,-0.039,49.57,58.0,1.94,0.762,47.56,0
156.85,16.46,0.292,17.59,81.17,8.46,0.896,164.14,1
109.11,12.23,0.101,25.64,71.11,8.87,0.863,104.7,1
89.09,12.11,0.173,33.47,84.8,3.6,0.827,91.17,1
58.07,7.73,0.03,45.26,74.04,3.22,0.702,53.0,0
52.61,1.31,-0.057,36.11,51.64,2.11,0.595,50.16,0
43.51,4.1,-0.171,31.99,58.71,2.4,0.43,39.62,0
78.66,10.04,0.12,35.53,84.98,5.59,0.859,73.0,1
61.65,14.87,0.086,40.71,74.16,11.09,0.76,71.99,1
77.96,5.41,-0.037,41.43,79.77,3.23,0.892,75.49,0
109.19,11.86,0.153,24.59,76.48,8.33,0.86,97.9,1
43.73,3.98,-0.011,43.53,48.12,0.82,0.531,44.21,0
59.04,3.54,0.058,33.67,58.02,2.87,0.622,61.62,0
59.1,3.71,0.07,38.77,73.63,2.11,0.627,60.63,0
90.81,5.6,0.007,30.4,79.46,4.17,0.897,95.29,0
42.62,4.46,-0.132,34.35,54.62,0.89,0.442,41.89,0
156.14,24.5,0.23,18.27,93.24,11.78,0.885,170.27,1
89.29,7.99,-0.075,29.78,68.51,2.51,0.804,97.79,0
111.71,18.96,0.217,26.74,82.78,6.81,0.853,125.03,1
64.68,9.59,0.071,40.28,74.85,2.4,0.824,61.25,1
169.44,15.44,0.253,21.59,92.18,10.91,0.986,151.43,1
105.74,14.6,0.083,26.73,75.98,5.59,0.838,109.04,1
157.98,19.78,0.244,17.49,72.54,4.3,0.899,137.58,1
58.12,2.4,-0.107,34.33,56.96,1.29,0.54,59.99,0
79.6,6.0,0.037,37.15,83.81,5.67,0.829,87.76,1
121.31,15.63,0.228,25.03,81.79,5.4,0.957,135.57,1
55.88,1.63,-0.043,34.28,52.35,1.96,0.59,56.13,0
42.68,2.94,-0.001,27.97,64.82,2.07,0.36,41.75,0
95.02,4.11,0.032,28.13,66.97,4.42,0.828,84.83,1
112.08,14.14,0.138,28.2,77.5,5.94,0.95,117.36,1
65.62,6.3,-0.011,44.39,75.23,2.58,0.862,63.98,0
85.55,9.21,0.006,33.21,71.25,3.75,0.865,78.11,0
54.45,2.01,-0.011,28.98,58.25,2.44,0.421,50.93,0
45.87,1.27,0.001,31.07,63.7,1.99,0.382,42.8,0
81.63,11.55,0.118,34.3,80.66,10.13,0.857,78.57,1
59.75,2.12,-0.148,31.44,62.26,1.35,0.545,52.56,0
110.67,15.57,0.163,27.85,71.06,6.05,0.827,101.01,1
145.94,18.58,0.107,22.61,71.16,4.2,0.971,159.46,1
56.6,6.45,-0.081,39.67,69.44,3.45,0.661,54.38,0
100.52,14.35,0.17,26.99,86.99,5.04,0.768,80.43,1
50.46,2.72,-0.154,36.97,59.86,1.29,0.51,45.62,0
73.68,12.96,0.243,34.54,70.93,5.01,0.782,70.84,1
85.99,5.24,0.032,28.0,73.7,2.01,0.681,85.54,1
102.1,7.38,0.148,28.08,97.43,5.73,0.858,111.53,1
50.18,6.14,-0.061,57.4,70.93,3.2,0.763,50.1,0
79.17,7.37,0.011,45.53,80.69,5.45,0.956,82.4,1
113.75,15.7,0.104,27.42,81.11,5.78,0.906,126.69,1
72.95,4.95,0.045,35.16,60.06,1.31,0.8,77.03,0
80.69,6.52,0.157,34.21,85.87,2.82,0.743,86.76,1
63.07,3.86,0.072,38.28,69.95,1.85,0.674,67.52,0
84.84,12.99,0.137,39.29,88.03,5.14,0.887,67.84,1
63.45,4.45,0.038,41.07,62.97,2.73,0.698,63.85,0
69.96,13.84,0.042,37.51,97.42,4.47,0.718,56.75,1
46.76,2.74,0.002,47.04,58.52,2.34,0.597,49.08,0
68.4,9.31,-0.004,38.75,78.38,5.26,0.824,69.1,1
71.36,6.75,-0.04,31.85,62.84,2.48,0.632,74.89,0
87.6,14.04,0.111,29.99,86.59,2.87,0.789,81.19,1
66.54,5.84,0.055,37.86,61.29,3.65,0.702,61.44,0
124.55,13.61,0.263,23.66,82.27,6.28,0.93,121.43,1
132.15,24.64,0.142,20.09,71.92,5.04,0.857,88.79,1
58.48,4.32,-0.081,38.39,66.92,3.85,0.617,54.46,0
111.69,15.35,0.243,26.77,81.23,6.36,0.912,107.77,1
39.8,2.63,-0.039,38.87,50.95,2.0,0.419,42.58,0
73.42,5.62,0.036,38.68,55.13,1.99,0.761,74.23,0
90.2,5.01,0.128,29.13,84.05,3.57,0.742,96.21,1
84.64,8.49,0.136,36.46,95.91,4.06,0.863,64.72,1
115.01,10.61,0.215,24.35,80.58,6.22,0.904,117.78,1
58.14,6.33,0.041,37.22,55.38,2.07,0.614,57.01,0
56.06,6.76,-0.046,37.95,56.02,3.58,0.626,55.19,0
47.59,1.25,-0.082,38.95,50.09,2.31,0.511,46.2,0
80.03,11.4,0.056,28.8,90.61,4.18,0.727,100.31,1
81.22,7.28,0.081,42.86,68.7,4.86,0.926,90.84,1
76.99,14.92,0.048,36.06,88.32,3.75,0.85,90.34,1
67.64,6.95,0.069,32.02,68.03,3.41,0.692,78.22,1
54.36,7.17,0.013,42.9,66.2,3.28,0.712,58.82,0
87.74,4.54,0.058,21.63,73.33,3.58,0.603,84.86,0
46.99,1.27,-0.137,42.96,55.11,0.65,0.588,46.38,0
89.79,4.66,-0.075,29.18,73.4,3.61,0.742,91.32,0
105.28,18.04,0.119,25.98,72.79,10.36,0.762,94.68,1
114.99,12.26,0.271,26.83,77.57,4.81,0.852,124.24,1
84.6,9.12,0.028,37.74,72.44,5.44,0.922,78.71,1
90.14,4.56,0.019,30.48,67.07,3.77,0.829,88.87,0
38.99,2.46,-0.008,52.12,56.34,2.02,0.564,30.0,0
112.21,19.94,0.245,28.31,75.83,5.12,0.927,132.04,1
40.39,2.73,-0.074,35.4,52.04,0.84,0.455,42.9,0
124.81,17.23,0.223,28.57,82.95,6.25,0.978,98.58,1
78.88,4.86,0.035,34.02,68.22,4.49,0.823,82.94,0
66.8,7.16,-0.092,29.25,59.58,3.12,0.605,61.77,0
124.18,15.03,0.203,26.04,73.12,4.01,0.961,144.66,1
57.62,2.34,-0.049,26.2,59.47,2.27,0.432,57.01,0
118.74,15.24,0.191,24.13,68.19,4.53,0.891,133.02,1
64.44,9.63,-0.03,48.04,70.7,4.19,0.857,80.54,0
66.08,7.98,-0.069,37.48,71.64,1.89,0.688,70.52,0
74.57,5.07,0.011,44.81,66.9,3.81,0.93,71.0,1
85.99,13.57,0.053,31.99,88.71,3.46,0.899,110.13,1
70.63,12.57,0.124,34.52,96.83,5.42,0.749,57.77,1
51.06,3.8,-0.101,36.91,64.86,1.76,0.534,46.54,0
128.69,12.14,0.272,26.63,78.91,3.12,0.95,145.08,1
74.94,7.59,-0.099,31.42,72.9,1.22,0.635,89.87,0
51.19,6.9,0.06,46.11,67.83,1.34,0.735,65.54,0
54.34,4.99,-0.022,42.4,68.15,2.74,0.747,41.91,0
39.04,1.64,-0.002,54.02,61.71,0.93,0.575,39.45,0
53.35,1.21,-0.06,27.5,56.46,1.33,0.413,50.21,0
152.01,19.22,0.287,23.97,95.24,9.79,0.985,132.95,1
50.7,6.63,0.035,50.68,71.48,2.99,0.804,53.88,0
49.85,2.74,-0.134,38.6,50.54,1.8,0.55,45.1,0
37.91,1.1,-0.177,32.64,62.74,1.59,0.394,32.04,0
105.75,10.69,0.024,28.23,89.57,4.37,0.853,115.13,1
152.78,16.31,0.213,21.63,82.04,6.12,0.979,129.79,1
68.05,5.43,0.024,29.54,72.22,1.25,0.632,57.67,0
44.14,2.33,-0.126,36.75,56.59,1.51,0.445,41.27,0
62.33,4.41,-0.009,33.46,57.24,3.45,0.611,61.62,0
44.96,1.98,-0.106,30.89,55.63,1.38,0.397,41.12,0
58.55,1.74,-0.097,27.25,57.3,1.86,0.491,54.14,0
65.02,8.99,0.021,47.78,80.78,4.48,0.876,71.2,0
57.77,4.05,-0.013,45.71,62.91,1.38,0.744,50.13,0
97.03,8.29,-0.04,28.89,65.48,2.79,0.901,90.52,0
58.2,5.45,-0.046,32.97,64.64,3.18,0.619,59.41,0
135.97,17.15,0.171,21.57,67.31,3.32,0.894,156.21,1
143.35,15.75,0.246,21.45,77.62,4.73,0.899,150.02,1
75.53,11.87,0.156,36.68,74.8,6.16,0.87,55.0,1
51.01,5.53,-0.015,52.47,61.27,1.28,0.747,49.76,0
74.45,5.72,0.002,33.19,69.73,3.36,0.791,78.6,0
65.87,7.98,0.031,48.06,66.58,3.98,0.928,63.5,0
80.69,6.5,0.092,33.96,92.73,5.11,0.876,85.3,1
78.08,9.03,0.076,45.5,73.94,2.01,0.958,71.99,0
116.95,21.11,0.125,26.39,73.92,3.12,0.974,136.24,1
124.52,21.15,0.233,22.09,77.97,3.13,0.878,176.18,1
86.57,5.19,-0.078,34.15,63.75,2.59,0.804,86.99,0
99.29,11.01,0.172,29.86,83.13,4.44,0.856,95.4,1
51.96,4.37,-0.14,25.73,62.0,0.88,0.412,43.39,0
79.31,3.83,0.049,31.68,63.95,1.58,0.708,81.89,0
72.68,8.19,0.026,40.5,72.81,2.83,0.94,80.07,0
61.24,5.82,-0.069,33.42,63.98,2.17,0.609,70.66,0
158.05,15.41,0.27,17.24,80.1,5.73,0.88,158.51,1
79.0,7.51,0.067,30.18,70.73,1.4,0.751,82.37,0
75.45,7.94,0.017,45.0,77.13,4.62,0.929,59.58,1
111.71,15.8,0.091,23.78,68.34,6.48,0.856,114.27,1
73.19,9.68,0.152,36.48,90.59,2.51,0.736,78.13,1
57.78,4.94,-0.005,35.29,73.53,2.51,0.632,60.67,0
155.63,17.6,0.165,19.88,66.06,6.0,0.971,165.26,1
93.28,17.54,0.179,27.54,69.05,4.61,0.839,103.93,1
64.72,6.18,0.072,41.05,68.91,3.89,0.84,72.62,1
44.57,4.93,-0.071,43.25,59.28,1.0,0.525,40.12,0
66.42,4.51,-0.013,42.34,73.85,4.15,0.912,68.66,1
64.4,16.0,0.194,39.19,73.0,8.04,0.752,44.79,1
114.85,12.01,0.111,25.42,75.91,6.63,0.792,142.43,1
70.19,7.05,0.198,34.64,84.79,9.25,0.726,77.78,1
92.73,6.77,0.017,30.94,73.5,4.75,0.926,85.9,0
56.44,2.05,-0.146,23.77,62.18,0.71,0.358,57.88,0
53.13,2.17,-0.019,39.92,54.29,2.19,0.587,54.27,0
73.58,4.84,-0.025,30.14,63.53,3.97,0.668,65.85,0
86.0,5.84,0.142,35.69,87.56,4.34,0.832,96.85,1
62.44,19.09,0.13,49.43,85.51,6.79,0.852,68.88,1
56.7,3.62,0.001,38.88,58.29,3.86,0.613,59.1,0
84.54,5.25,-0.017,32.27,77.82,2.01,0.882,85.6,1
87.79,7.0,-0.028,33.84,80.39,3.34,0.834,89.43,1
78.25,8.39,-0.021,39.6,71.41,2.86,0.888,74.07,0
73.64,3.71,-0.033,29.75,70.38,1.3,0.671,87.24,0
57.96,2.2,-0.15,34.21,48.81,1.41,0.539,56.49,0
59.06,3.75,-0.023,34.43,72.88,2.14,0.616,50.73,0
54.78,2.37,-0.028,24.42,56.99,2.06,0.395,54.63,0
69.76,4.58,0.079,37.67,55.76,2.86,0.793,69.92,1
35.94,1.05,-0.063,43.22,59.96,1.46,0.43,35.34,0
90.9,17.88,0.132,29.0,76.85,5.21,0.837,116.42,1
64.16,4.08,0.062,42.62,60.76,2.78,0.744,66.2,1
173.07,24.2,0.277,18.07,97.43,9.84,0.913,178.3,1
83.43,7.45,0.026,25.06,66.94,3.5,0.606,62.33,0
52.2,6.16,-0.052,43.95,70.98,2.34,0.747,56.68,0
84.61,5.75,-0.043,30.81,68.49,1.61,0.739,89.9,0
58.54,1.41,0.003,34.8,53.83,0.65,0.576,57.54,0
78.96,9.49,0.068,33.01,74.27,10.48,0.719,114.18,1
57.95,4.63,-0.014,28.53,54.23,2.29,0.444,55.93,0
149.92,21.84,0.2,21.37,69.81,3.56,0.894,137.51,1
110.3,24.2,0.179,29.18,78.55,3.5,0.977,149.53,1
86.28,7.9,-0.015,31.66,69.71,4.75,0.845,92.86,1
75.66,4.04,-0.029,39.4,68.23,3.01,0.864,77.01,0
65.95,5.64,0.157,37.33,96.97,2.51,0.804,67.95,1
86.55,6.93,-0.009,26.56,71.22,3.45,0.705,100.52,0
103.73,14.43,0.226,32.24,72.56,7.02,0.898,111.33,1
45.91,2.61,-0.039,28.95,61.94,0.65,0.382,42.18,0
40.63,3.67,-0.075,50.8,62.66,1.24,0.6,44.18,0
76.9,4.69,0.049,33.42,70.05,5.18,0.822,72.74,0
80.18,8.77,0.086,40.33,67.6,5.29,0.898,65.84,1
112.39,14.49,0.24,25.72,67.59,3.78,0.864,104.78,1
39.73,4.62,-0.128,44.74,64.74,2.03,0.58,32.72,0
89.85,9.06,0.063,25.48,75.89,6.75,0.715,81.4,1
56.7,6.86,-0.069,46.21,65.16,3.32,0.774,52.97,0
80.67,3.82,0.059,26.37,64.15,2.38,0.606,84.19,0
67.64,5.94,0.055,30.09,59.88,3.45,0.631,69.38,0
63.27,4.12,0.064,55.66,69.08,2.84,0.94,69.01,1
76.25,3.84,-0.019,33.26,67.42,2.34,0.8,71.5,0
82.64,7.6,0.033,34.65,77.04,3.98,0.855,92.03,1
62.87,11.31,0.11,48.01,79.24,11.16,0.838,47.9,1
68.84,4.96,0.016,45.72,77.91,2.34,0.921,70.03,0
79.26,6.63,-0.005,37.27,73.78,4.1,0.887,77.89,0
109.23,17.42,0.129,25.32,85.66,8.96,0.779,121.0,1
101.42,14.08,0.055,30.91,97.45,3.54,0.895,133.0,1
81.38,8.23,0.069,32.6,76.21,3.97,0.844,92.71,1
59.14,5.1,0.055,41.21,58.66,3.22,0.648,47.89,0
122.7,12.65,0.132,25.49,74.88,6.91,0.862,114.56,1
100.08,12.87,0.185,27.98,71.03,5.86,0.814,106.27,1
80.94,3.46,0.037,37.97,68.15,3.28,0.816,83.67,0
65.65,7.12,-0.028,39.89,68.16,1.92,0.694,58.33,0
77.74,18.13,0.103,32.55,86.84,7.8,0.802,72.01,1
37.42,2.76,-0.159,43.08,62.67,2.08,0.463,31.22,0
151.7,21.49,0.19,21.82,84.34,9.65,0.971,162.18,1
45.79,1.13,-0.041,24.27,61.95,1.11,0.353,46.98,0
77.07,8.58,0.053,34.36,85.96,7.0,0.821,57.01,1
50.81,7.43,-0.02,59.23,64.36,3.61,0.804,60.99,0
86.66,4.13,0.016,40.78,81.09,5.15,0.94,80.08,1
142.65,15.03,0.204,22.28,70.17,6.09,0.905,134.44,1
96.16,5.43,0.04,28.41,74.2,2.35,0.828,102.55,1
94.43,9.36,0.065,32.75,74.84,2.78,0.871,82.47,1
49.62,1.45,-0.043,27.72,57.41,1.35,0.397,47.65,0
41.15,2.24,-0.152,44.75,49.19,1.32,0.544,36.87,0
66.72,4.12,0.015,31.94,58.95,2.95,0.607,60.97,0
76.94,11.83,0.095,37.59,87.32,5.94,0.805,67.28,1
54.35,2.55,-0.162,23.57,55.04,1.39,0.359,48.74,0
49.37,4.08,-0.116,36.6,63.06,0.73,0.506,51.47,0
70.76,6.5,-0.014,44.78,81.46,3.56,0.863,75.66,0
109.74,12.45,0.249,25.34,76.21,4.74,0.893,82.43,1
97.01,5.2,0.153,30.16,89.52,3.14,0.783,96.68,1
65.94,7.21,-0.057,33.22,67.72,3.96,0.621,55.17,0
42.1,2.72,-0.15,35.83,56.29,0.88,0.415,45.92,0
110.58,16.18,0.193,29.09,76.47,4.18,0.971,94.37,1
55.79,5.4,-0.051,36.07,59.33,2.66,0.62,51.4,0
121.89,20.07,0.224,25.72,74.44,6.06,0.881,121.69,1
146.16,14.33,0.135,21.91,70.68,4.3,0.932,138.58,1
101.28,13.48,0.202,25.26,83.57,9.22,0.701,102.19,1
82.94,7.16,-0.032,35.38,68.65,2.35,0.781,65.22,0
61.7,11.97,0.102,50.26,71.79,9.64,0.867,58.57,1
62.63,9.07,0.187,49.7,86.23,8.33,0.869,62.85,1
111.35,16.12,0.091,25.86,83.96,6.46,0.787,65.65,1
76.05,5.36,-0.033,30.55,58.16,2.68,0.677,77.48,0
73.63,3.58,0.065,36.52,57.62,1.42,0.763,69.39,0
56.0,2.38,-0.054,32.33,52.47,1.23,0.484,51.71,0
73.25,8.7,0.079,38.21,76.27,4.62,0.83,62.38,0
85.92,15.08,0.182,28.99,84.8,7.25,0.773,94.0,1
85.0,4.34,0.001,30.74,61.88,2.75,0.772,84.35,0
82.68,9.07,0.055,33.52,72.84,2.44,0.894,101.27,0
88.11,3.93,-0.05,30.48,71.56,3.53,0.734,90.79,0
93.37,16.71,0.083,33.38,83.68,4.55,0.836,91.24,1
110.42,13.03,0.186,26.65,69.51,4.19,0.864,125.33,1
85.44,6.74,0.019,25.56,67.04,1.61,0.645,84.31,0
68.46,6.45,0.05,36.14,55.82,1.33,0.671,56.69,0
35.81,3.12,-0.153,40.64,56.77,1.04,0.454,32.42,0
70.99,13.86,0.114,43.37,78.26,5.73,0.899,66.62,1
100.12,7.86,0.066,27.91,88.28,2.91,0.801,104.19,1
120.69,17.78,0.142,26.25,71.76,6.55,0.961,129.93,1
72.21,6.09,-0.046,32.98,59.75,3.8,0.67,62.11,0
164.03,17.72,0.249,20.93,86.51,7.76,0.964,196.43,1
39.56,2.05,-0.055,46.4,57.43,2.06,0.503,43.13,0
83.83,9.58,0.114,35.15,84.11,4.05,0.798,79.45,1
38.15,1.41,-0.161,42.62,56.9,0.98,0.436,33.0,0
139.32,23.51,0.127,23.29,81.94,5.27,0.869,148.73,1
92.29,5.78,-0.05,29.93,81.83,5.18,0.888,94.83,0
73.45,8.11,0.153,40.29,84.96,4.37,0.865,86.27,1
76.1,13.91,0.167,30.2,87.41,7.33,0.693,39.49,1
68.83,3.2,-0.001,39.81,73.02,2.11,0.791,66.0,0
48.21,2.47,-0.104,25.39,54.92,0.91,0.374,48.54,0
126.51,17.6,0.265,26.82,84.49,5.36,0.932,142.7,1
76.8,5.09,0.002,30.45,67.36,2.64,0.643,81.24,0
57.56,1.53,-0.042,31.59,63.6,2.19,0.588,55.56,0
97.08,8.49,0.03,34.5,68.31,4.25,0.957,93.12,0
87.02,12.85,0.12,37.23,75.11,3.59,0.865,118.5,1
39.92,1.51,0.0,40.27,56.39,1.59,0.498,39.96,0
86.51,4.07,-0.072,33.63,60.15,3.61,0.805,78.22,0
53.97,3.39,-0.129,35.81,60.26,2.33,0.573,48.65,0
65.13,9.54,0.04,45.07,74.93,3.65,0.905,83.06,1
155.83,12.94,0.146,19.49,80.5,3.85,0.951,170.75,1
146.52,15.88,0.26,22.9,96.32,9.06,0.954,152.54,1
105.02,17.13,0.154,27.7,70.84,7.12,0.825,119.72,1
57.21,5.8,-0.041,38.32,58.64,2.77,0.632,51.7,0
155.79,18.74,0.137,21.4,83.47,4.91,0.904,175.96,1
66.39,9.48,0.015,50.77,79.72,4.31,0.951,72.04,1
71.98,4.67,-0.009,36.88,55.11,2.37,0.804,64.41,0
158.06,24.66,0.205,20.2,83.06,3.03,0.922,169.02,1
82.97,18.62,0.22,26.42,83.18,8.34,0.694,42.63,1
83.24,14.98,0.077,29.99,95.54,5.54,0.755,102.49,1
74.23,9.84,0.043,33.45,86.76,4.93,0.761,59.2,1
85.94,7.92,-0.085,26.01,61.04,2.19,0.687,74.65,0
61.19,6.74,-0.038,37.18,57.17,2.17,0.646,57.76,0
76.4,9.22,0.172,36.72,90.51,3.93,0.81,83.3,1
60.05,5.22,0.031,37.13,55.27,2.06,0.718,55.76,0
97.04,8.77,0.098,34.47,73.08,5.09,0.944,75.12,1
97.45,14.67,0.154,27.94,83.31,6.91,0.76,108.14,1
100.19,13.71,0.095,26.31,72.22,7.93,0.784,85.42,0
66.33,7.65,0.052,46.51,65.56,2.52,0.832,72.51,0
97.0,18.97,0.163,31.44,77.9,9.5,0.873,101.09,1
83.68,14.02,0.186,33.4,87.59,9.29,0.844,67.72,1
78.86,8.41,0.072,34.25,83.2,4.72,0.779,71.94,1
53.73,5.73,-0.093,50.62,74.88,2.87,0.759,51.34,0
67.56,6.34,0.017,40.02,69.23,3.3,0.781,45.71,0
65.68,4.33,-0.094,39.59,73.02,3.81,0.748,58.11,0
37.35,4.51,-0.03,40.88,61.66,1.5,0.413,40.82,0
78.48,3.07,0.001,31.65,58.13,2.69,0.757,76.18,0
77.85,5.7,0.012,25.24,57.76,2.75,0.616,91.54,0
92.39,4.86,0.061,32.34,76.54,2.51,0.871,93.54,0
151.88,13.38,0.249,19.0,81.47,6.83,0.909,138.77,1
38.39,3.51,-0.158,43.26,58.81,1.55,0.466,38.35,0
101.06,13.72,0.11,24.09,90.15,3.86,0.755,96.32,1
92.25,13.22,0.18,30.29,83.44,3.07,0.884,96.26,1
48.96,1.18,0.007,27.94,54.65,2.3,0.365,47.65,0
141.81,17.3,0.158,20.9,76.91,4.93,0.946,81.28,1
73.44,13.11,0.185,37.1,83.21,6.76,0.862,87.06,1
83.12,7.22,-0.038,26.21,66.05,2.04,0.658,91.48,0
63.8,19.89,0.103,46.07,87.88,11.35,0.836,30.0,1
84.46,4.69,-0.081,25.04,61.3,3.21,0.665,85.02,0
79.26,5.77,0.156,33.9,89.0,4.01,0.845,87.82,1
38.47,4.06,-0.171,39.67,62.4,1.45,0.428,33.97,0
65.69,15.88,0.189,44.48,77.9,11.02,0.841,59.41,1
68.41,8.53,0.047,43.4,69.02,3.4,0.915,75.34,0
73.41,10.04,0.249,37.59,70.71,6.29,0.79,87.81,1
58.92,5.5,-0.068,40.33,74.74,3.24,0.656,65.82,0
66.35,8.82,0.109,38.7,95.58,2.99,0.73,80.86,1
77.15,10.69,0.194,34.65,83.43,7.46,0.724,83.3,1
93.56,8.72,0.024,27.25,67.25,3.6,0.825,103.22,0
72.4,17.84,0.127,34.16,72.21,5.91,0.804,56.91,1
63.74,4.59,0.05,43.54,72.44,5.32,0.866,64.18,0
118.2,13.88,0.174,26.33,69.86,6.5,0.937,109.24,1
97.36,6.95,0.059,32.13,74.01,4.98,0.939,108.5,1
73.27,16.32,0.063,37.01,86.95,8.78,0.807,63.67,1
89.73,16.35,0.111,26.1,79.04,8.6,0.68,72.41,1
80.21,5.52,0.019,38.5,71.27,4.03,0.868,87.15,0
50.51,7.38,-0.034,52.1,57.45,2.8,0.742,51.69,0
66.64,9.19,-0.04,42.54,76.87,2.89,0.836,83.55,0
89.64,12.96,0.064,34.0,74.32,10.19,0.827,119.48,1
51.48,3.18,-0.065,42.98,58.66,2.98,0.679,51.42,0
93.83,7.36,0.007,36.1,79.08,4.87,0.945,80.24,1
83.24,15.41,0.079,31.25,86.9,6.99,0.846,109.47,1
55.71,6.8,-0.081,42.78,56.26,2.41,0.682,56.86,0
116.91,13.31,0.226,27.0,71.91,4.56,0.919,158.12,1
57.3,5.82,0.023,35.06,68.63,1.65,0.613,52.76,0
48.29,3.36,-0.147,30.65,58.31,1.48,0.419,47.39,0
107.01,8.76,0.062,25.41,83.87,8.75,0.813,120.4,1
47.25,4.27,-0.145,41.19,60.6,2.31,0.52,55.51,0
70.31,5.17,-0.009,40.2,55.34,1.69,0.761,66.41,0
156.97,15.83,0.152,21.4,72.5,4.98,0.97,147.24,1
84.73,3.39,-0.053,28.87,63.69,1.98,0.729,82.95,0
150.43,27.03,0.165,21.92,87.18,8.74,0.92,154.83,1
130.2,25.92,0.276,25.36,96.86,8.83,0.927,122.11,1
53.34,5.21,0.078,40.2,72.91,3.77,0.639,54.24,0
46.55,3.01,-0.026,30.22,53.59,0.92,0.381,46.36,0
84.79,12.15,0.162,34.22,85.63,4.78,0.768,85.72,1
89.18,8.77,0.044,33.34,76.13,2.45,0.872,99.12,1
57.99,1.24,-0.054,30.56,57.12,0.78,0.549,57.15,0
79.11,11.63,0.03,34.46,83.74,3.88,0.81,104.63,1
37.03,2.07,-0.052,59.45,58.55,2.28,0.586,34.98,0
154.2,24.64,0.24,23.66,74.83,4.38,0.965,147.98,1
55.08,2.78,-0.02,20.3,64.56,1.87,0.361,54.49,0
35.12,3.38,0.015,51.62,54.02,2.38,0.481,38.27,0
50.08,4.57,0.067,45.99,61.69,2.7,0.681,56.44,0
168.65,16.14,0.249,18.56,96.72,9.0,0.957,201.08,1
72.69,6.58,0.062,35.62,94.01,4.36,0.75,80.24,0
60.81,19.93,0.191,43.55,71.2,9.97,0.769,92.7,1
56.19,4.64,-0.097,44.91,71.13,3.8,0.816,60.79,0
70.01,6.74,-0.081,34.81,67.95,3.96,0.771,72.54,0
79.75,4.68,-0.079,33.38,56.44,3.93,0.812,79.01,0
94.41,7.33,0.087,31.64,79.45,2.83,0.88,92.11,1
95.66,13.79,0.127,26.07,68.32,5.22,0.766,125.75,1
101.65,15.16,0.166,30.84,77.53,3.52,0.855,102.59,1
54.44,6.31,-0.041,40.04,55.91,1.86,0.616,48.77,0
145.91,13.67,0.125,22.7,84.15,5.21,0.927,133.39,1
87.86,3.36,0.037,32.18,61.38,1.68,0.815,89.3,0
165.78,28.29,0.254,20.06,89.39,10.65,0.917,177.1,1
59.18,4.14,-0.179,23.75,55.57,1.94,0.406,52.2,0
63.09,8.43,0.076,47.37,66.15,4.77,0.849,67.6,1
67.14,7.82,0.04,33.76,73.15,3.98,0.691,80.59,0
95.7,4.27,-0.018,31.5,71.06,3.97,0.843,102.9,1
92.92,14.95,0.167,31.55,83.36,6.94,0.844,134.1,1
66.25,9.75,0.043,50.13,65.94,5.14,0.933,59.02,0
88.51,4.46,-0.042,35.03,65.39,2.56,0.866,89.44,0
102.57,6.8,0.152,24.05,97.33,2.99,0.796,102.31,1
85.57,10.12,0.152,27.62,90.82,4.01,0.715,100.89,1
79.15,19.09,0.096,33.45,78.87,10.1,0.771,49.54,1
78.74,5.33,-0.06,34.02,70.31,2.96,0.78,88.09,0
80.42,16.68,0.097,34.22,82.49,5.88,0.815,46.2,1
103.34,12.94,0.165,26.18,71.58,4.35,0.81,101.75,1
77.27,4.69,-0.041,29.37,74.82,1.46,0.694,84.44,0
67.93,4.08,0.001,49.27,76.76,4.64,0.909,58.31,0
54.62,3.41,0.042,40.28,73.94,3.84,0.696,53.7,0
45.09,4.37,-0.088,26.66,52.09,0.76,0.358,44.32,0
77.87,6.3,0.029,32.86,60.31,1.36,0.684,78.08,0
35.63,2.27,-0.016,45.01,59.32,2.43,0.433,35.14,0
73.1,8.59,0.14,38.66,93.45,3.38,0.896,61.51,1
75.24,11.34,0.102,30.97,84.46,2.57,0.724,76.99,1
169.93,26.1,0.212,18.06,87.73,10.8,0.962,155.75,1
100.94,7.4,0.103,26.27,92.83,3.22,0.851,99.18,1
57.79,3.49,-0.039,24.07,52.11,1.61,0.447,59.42,0
148.08,19.4,0.204,22.25,80.68,3.9,0.928,178.12,1
137.64,18.44,0.197,23.93,65.74,6.04,0.885,169.18,1
82.21,9.58,0.026,34.55,79.79,4.8,0.849,81.92,1
112.1,8.09,0.216,24.37,74.45,6.67,0.867,117.98,1
169.65,16.82,0.235,21.21,94.12,10.01,0.963,145.53,1
79.29,9.28,0.043,36.55,72.9,2.59,0.923,68.83,1
138.37,21.7,0.242,22.24,71.29,6.1,0.916,182.25,1
58.42,4.3,-0.031,21.61,54.17,2.21,0.41,55.41,0
81.97,5.76,-0.005,31.15,71.13,3.14,0.754,91.31,0
72.83,9.07,0.028,41.62,81.93,4.25,0.93,68.94,1
83.02,8.74,0.093,35.79,71.92,3.93,0.897,91.82,0
99.24,11.42,0.103,29.56,70.38,8.96,0.778,94.17,1
167.18,16.38,0.185,17.78,96.13,9.54,0.967,211.62,1
85.75,4.91,-0.093,33.09,63.36,1.73,0.78,97.17,0
55.58,3.09,-0.158,32.58,52.87,2.49,0.591,49.15,0
86.61,16.16,0.204,32.02,74.6,7.72,0.836,96.94,1
117.06,14.42,0.171,25.93,78.07,6.34,0.836,107.66,1
77.93,6.53,0.071,36.26,71.48,1.32,0.798,96.53,1
87.45,8.29,0.08,39.11,75.32,5.13,0.947,80.71,1
74.12,5.35,0.022,40.43,90.35,4.94,0.817,75.91,1
65.39,18.48,0.195,45.36,75.4,6.97,0.819,64.86,1
68.72,6.65,0.03,48.6,73.29,4.43,0.916,61.31,1
85.77,5.75,-0.016,28.48,64.66,3.31,0.727,92.81,0
164.95,25.64,0.192,16.64,96.17,7.81,0.891,123.15,1
74.92,6.72,0.14,36.1,82.74,4.41,0.857,72.96,1
79.98,6.09,-0.02,38.06,81.26,3.97,0.953,84.87,1
65.11,3.69,0.025,40.42,55.03,3.59,0.744,66.23,0
73.81,5.03,0.176,39.75,87.84,4.01,0.851,72.4,1
57.83,3.24,0.077,44.28,66.06,2.4,0.793,61.49,0
73.8,6.45,0.024,25.61,69.04,3.63,0.601,79.63,0
71.05,8.27,-0.035,43.4,73.68,4.97,0.911,75.75,1
67.12,7.67,0.068,29.5,64.71,1.65,0.608,60.83,0
70.56,15.27,0.189,44.8,77.22,7.28,0.903,81.17,1
44.68,3.43,-0.03,33.13,54.33,1.8,0.437,45.61,0
66.97,11.48,0.168,34.74,85.39,3.77,0.747,70.61,1
72.41,6.23,0.048,30.67,63.72,3.4,0.615,69.95,0
49.44,1.38,-0.121,24.87,60.52,1.88,0.39,47.62,0
36.48,2.87,-0.141,34.29,52.49,1.01,0.352,32.3,0
121.15,17.04,0.131,27.8,69.87,3.37,0.973,134.94,1
136.88,20.21,0.274,22.89,72.19,4.35,0.892,158.38,1
64.57,5.14,0.043,42.24,69.33,1.97,0.734,80.14,0
61.93,14.74,0.188,42.5,75.75,8.8,0.853,59.25,1
91.4,17.91,0.236,31.33,71.81,4.51,0.806,102.16,1
162.66,18.03,0.186,17.33,88.23,11.4,0.916,186.82,1
78.93,4.08,-0.014,32.07,57.31,3.97,0.8,80.42,0
71.41,13.13,0.153,32.31,84.69,5.82,0.708,80.22,1
38.88,1.9,-0.092,42.93,59.2,1.22,0.537,37.52,0
60.12,4.1,-0.096,46.19,60.11,3.54,0.815,53.41,0
169.17,23.87,0.237,18.65,84.91,7.31,0.934,205.35,1
63.96,9.43,0.074,48.12,72.69,3.59,0.907,59.13,1
71.25,7.06,-0.008,31.59,59.89,3.07,0.603,74.2,0
57.34,4.29,0.01,25.45,48.21,1.27,0.42,56.28,0
87.82,7.0,0.136,30.15,97.33,5.57,0.718,89.72,1
109.49,14.34,0.089,27.6,80.7,4.02,0.863,66.69,1
57.98,6.7,0.067,44.31,62.38,3.96,0.773,43.34,0
140.55,28.55,0.268,21.07,81.47,7.92,0.964,120.79,1
38.31,1.73,-0.052,43.79,64.0,1.3,0.458,39.17,0
71.86,6.53,-0.07,36.13,56.71,3.14,0.765,69.59,0
152.78,14.01,0.131,19.57,77.51,4.68,0.919,129.24,1
52.69,3.25,-0.093,57.12,57.63,2.03,0.798,58.98,0
52.16,6.64,0.078,47.8,63.99,3.05,0.694,60.11,0
91.59,4.47,0.07,35.51,65.77,2.14,0.941,95.15,0
76.19,14.67,0.136,31.66,81.87,9.19,0.787,78.87,1
56.09,1.8,-0.134,31.2,56.12,1.69,0.512,52.26,0
117.05,24.6,0.203,24.81,79.26,6.52,0.887,43.8,1
77.85,12.7,0.087,40.86,80.52,6.79,0.842,93.96,1
70.06,5.91,-0.018,31.56,59.37,3.89,0.693,70.99,0
88.69,5.87,0.179,33.29,95.03,4.47,0.811,75.2,1
68.24,3.01,-0.033,38.01,68.51,3.77,0.809,73.05,0
79.65,4.21,0.052,37.8,77.71,2.3,0.93,86.82,0
75.08,12.28,0.11,29.56,80.38,9.85,0.681,88.06,1
160.95,18.4,0.257,18.46,96.57,9.61,0.93,177.7,1
37.11,1.19,-0.153,52.86,53.45,1.56,0.561,34.92,0
89.74,8.98,0.027,33.82,68.33,4.13,0.878,85.36,1
89.59,7.76,0.022,32.47,76.36,4.2,0.858,73.49,1
59.54,3.87,-0.039,49.26,70.08,3.69,0.8,67.12,0
56.78,6.6,-0.024,38.13,56.91,3.15,0.635,37.07,0
35.22,4.3,-0.056,31.67,53.18,1.97,0.36,34.29,0
100.23,13.55,0.143,24.46,89.37,3.62,0.716,131.24,1
98.63,4.75,0.08,33.0,81.83,4.79,0.959,102.49,1
74.41,4.58,0.011,28.58,67.68,3.71,0.626,68.15,0
102.05,15.26,0.051,25.87,83.95,6.7,0.704,97.93,1
77.07,14.97,0.154,32.93,73.88,9.68,0.698,94.56,1
67.68,8.21,0.081,41.12,72.46,4.98,0.836,78.32,0
66.03,6.53,-0.077,38.1,62.59,3.99,0.722,57.74,0
104.11,9.31,0.249,26.87,69.2,3.8,0.759,111.17,1
71.33,6.2,-0.008,38.89,73.14,2.84,0.749,68.03,0
81.29,7.32,0.019,28.41,56.39,3.54,0.714,81.86,0
93.46,11.62,0.127,32.4,94.93,5.19,0.831,88.36,1
46.51,1.25,-0.052,31.26,62.61,1.97,0.403,46.78,0
48.2,2.07,-0.018,32.6,51.24,1.18,0.487,44.35,0
42.81,1.75,-0.106,40.06,64.31,1.0,0.523,38.36,0
60.65,3.75,0.001,39.41,63.53,3.71,0.69,50.01,0
44.71,2.02,-0.094,40.61,64.41,1.32,0.565,40.52,0
155.46,20.72,0.193,20.38,92.62,11.78,0.964,143.12,1
83.81,4.51,-0.098,23.43,65.17,3.47,0.633,84.69,0
35.86,1.43,-0.165,45.27,57.54,1.28,0.52,33.95,0
65.72,6.41,-0.083,38.35,56.26,2.9,0.788,62.11,0
143.35,13.57,0.186,20.85,73.55,6.77,0.903,135.45,1
99.67,7.23,0.076,30.28,66.44,2.3,0.869,106.47,0
76.09,4.08,-0.087,25.53,59.93,1.8,0.616,83.24,0
123.23,18.94,0.271,29.73,70.43,3.26,0.97,138.08,1
71.51,7.43,-0.02,37.2,65.71,1.82,0.737,70.93,0
52.19,4.81,0.057,42.74,56.55,1.78,0.711,48.83,0
78.48,6.3,-0.076,30.9,60.92,2.14,0.698,73.05,0
85.95,7.49,-0.026,24.8,65.36,2.53,0.687,101.36,0
68.01,5.07,0.069,39.22,71.33,3.87,0.732,79.42,0
107.43,12.59,0.047,23.0,85.1,3.63,0.745,100.74,1
79.09,7.52,-0.079,24.05,72.77,1.87,0.6,87.7,0
84.76,9.86,0.215,32.49,70.84,5.83,0.858,93.86,1
51.62,2.38,-0.027,34.87,63.58,1.79,0.559,47.39,0
79.94,3.54,-0.067,32.18,73.22,1.39,0.783,81.03,0
82.83,8.93,0.088,38.19,77.59,4.32,0.893,86.41,1
135.85,20.1,0.2,24.44,75.1,3.89,0.933,116.88,1
84.05,3.91,-0.003,28.88,67.95,1.65,0.759,82.61,0
71.7,5.73,0.065,40.0,84.77,5.9,0.805,84.97,1
67.44,5.35,0.06,39.8,66.76,3.86,0.759,73.78,1
44.97,1.19,-0.102,47.08,48.76,0.95,0.581,41.31,0
55.39,3.23,-0.07,27.52,59.48,2.24,0.423,52.1,0
74.5,4.75,0.054,34.34,72.79,1.91,0.725,74.58,0
88.05,4.96,-0.021,28.91,60.22,3.18,0.777,91.22,0
73.75,6.88,-0.095,31.01,73.69,3.48,0.619,86.05,0
114.91,12.62,0.194,20.81,79.79,8.17,0.696,111.43,1
37.85,2.47,-0.165,45.81,55.51,1.23,0.463,31.16,0
83.63,17.02,0.22,29.6,70.5,6.2,0.753,76.75,1
86.77,6.93,0.058,24.81,58.01,3.81,0.642,102.29,0
75.9,9.25,0.094,36.7,68.54,2.26,0.867,69.02,1
76.97,8.29,0.088,34.48,80.03,7.43,0.837,83.66,1
69.13,6.61,-0.057,32.92,62.69,1.71,0.668,82.42,0
55.27,4.59,-0.08,34.86,62.1,2.93,0.608,60.46,0
105.62,5.91,0.08,30.76,94.76,3.32,0.878,115.78,1
144.04,15.44,0.108,20.2,79.26,4.07,0.915,148.8,1
80.53,6.9,0.018,29.17,64.48,2.37,0.744,76.15,0
48.38,1.28,-0.086,40.37,55.53,1.57,0.533,45.3,0
137.15,16.74,0.137,23.72,72.73,6.07,0.934,146.83,1
54.17,4.75,-0.051,40.92,71.0,2.26,0.633,53.8,0
82.9,15.91,0.154,33.68,83.34,5.46,0.846,105.44,1
79.1,3.67,0.064,34.3,66.59,1.63,0.801,72.84,0
39.38,2.05,-0.069,42.46,64.65,1.01,0.521,36.39,0
75.85,17.39,0.145,39.0,83.12,3.68,0.907,56.26,1
77.01,7.0,0.064,35.51,70.08,4.1,0.857,70.26,1
68.93,4.25,-0.064,37.77,69.14,1.9,0.775,58.42,0
68.29,4.69,0.052,40.65,80.43,2.67,0.858,75.68,1
106.85,14.44,0.068,23.04,75.55,10.18,0.79,107.45,1
106.71,15.05,0.11,28.96,71.96,4.26,0.9,124.14,1
59.61,2.25,0.013,24.69,62.19,1.61,0.459,62.38,0
93.28,7.93,-0.012,30.44,75.7,5.11,0.894,97.91,1
85.92,8.33,0.088,29.19,85.48,5.19,0.737,97.25,1
73.2,11.28,0.102,39.27,80.12,8.86,0.812,75.71,1
94.2,16.16,0.15,33.8,70.03,3.88,0.901,79.87,0
77.84,4.07,-0.092,31.07,72.89,2.46,0.697,65.13,0
74.38,9.64,0.097,31.02,84.62,3.73,0.747,82.34,1
94.21,8.13,0.108,28.94,95.43,4.79,0.866,89.06,1
39.07,2.17,-0.046,39.27,55.9,2.17,0.415,38.84,0
84.75,5.49,0.089,34.54,66.4,2.54,0.822,90.43,0
74.91,7.72,-0.037,30.65,68.39,1.69,0.676,74.57,0
100.28,7.04,0.069,26.47,91.85,4.47,0.726,99.73,1
88.81,7.92,-0.081,30.11,70.79,3.05,0.722,67.97,0
71.31,8.16,0.198,42.86,79.22,4.45,0.83,59.42,1
155.14,20.61,0.15,19.68,77.51,6.76,0.878,163.83,1
97.1,14.38,0.148,31.39,77.13,11.02,0.828,120.66,1
146.27,21.66,0.174,20.67,83.65,6.18,0.958,145.03,1
157.39,28.88,0.204,18.56,85.0,7.61,0.918,212.43,1
47.86,4.64,-0.018,28.51,57.55,2.21,0.396,52.27,0
99.26,12.8,0.212,33.36,79.48,6.74,0.884,98.14,1
94.92,4.45,0.078,36.15,80.75,4.59,0.929,98.21,1
156.48,12.03,0.264,22.16,83.45,3.71,0.958,157.78,1
69.5,4.29,0.036,32.02,73.0,3.19,0.704,65.88,0
145.48,24.33,0.284,22.33,94.28,8.52,0.945,125.1,1
95.21,15.01,0.168,31.92,72.15,4.52,0.807,119.0,1
63.93,8.17,0.167,43.49,85.85,10.81,0.771,62.09,1
55.38,4.48,-0.023,28.61,52.5,2.1,0.482,51.27,0
75.09,4.21,-0.033,36.92,70.88,2.08,0.756,71.77,0
63.19,19.82,0.121,39.11,86.63,7.16,0.745,41.63,1
56.21,4.4,-0.062,34.08,62.35,1.89,0.598,45.05,0
90.24,9.78,0.101,31.18,73.32,6.95,0.817,100.86,1
52.6,1.54,-0.104,31.82,59.3,0.9,0.539,50.14,0
95.67,11.09,0.029,29.82,86.04,3.85,0.895,87.04,1
78.26,5.64,-0.081,35.07,67.22,2.04,0.804,70.44,0
95.01,13.25,0.165,31.49,74.69,4.08,0.846,106.2,1
65.99,9.05,0.177,39.45,94.57,2.94,0.713,74.14,1
76.89,6.63,0.076,35.18,61.09,2.25,0.807,74.97,0
59.48,2.96,0.011,22.21,48.67,1.69,0.368,55.57,0
40.44,3.01,-0.005,43.84,51.94,1.24,0.54,42.66,0
119.43,9.58,0.192,22.86,84.86,3.94,0.806,104.84,1
70.2,4.19,0.095,40.58,76.91,4.17,0.9,74.22,1
100.09,11.11,0.111,28.47,85.9,5.06,0.849,87.62,1
86.96,5.65,-0.029,31.48,78.66,2.69,0.824,84.46,0
68.7,5.17,0.011,40.08,71.67,5.17,0.899,78.4,1
66.08,6.71,0.06,32.93,68.47,2.82,0.679,58.23,0
54.6,4.46,-0.084,20.83,60.53,1.49,0.364,57.26,0
63.25,4.45,0.031,39.26,66.74,2.6,0.693,61.67,0
136.08,20.71,0.174,22.31,98.05,9.19,0.986,182.92,1
128.73,23.64,0.152,26.77,68.68,6.3,0.931,175.03,1
65.14,6.54,-0.014,40.26,74.37,3.5,0.764,75.99,0
118.94,14.07,0.091,26.08,81.94,4.04,0.874,118.18,1
92.18,10.57,0.182,32.31,77.71,6.64,0.796,99.09,1
79.91,8.82,0.009,38.77,67.72,2.81,0.939,78.85,1
47.15,1.46,-0.095,31.72,62.88,1.57,0.399,43.76,0
43.54,2.37,-0.112,31.3,61.33,1.14,0.417,40.32,0
80.83,6.9,-0.037,34.56,66.93,3.52,0.894,85.38,0
156.5,15.69,0.244,19.0,90.85,9.25,0.958,173.86,1
70.64,11.88,0.112,33.51,94.08,5.41,0.733,90.28,1
50.9,2.51,-0.168,38.24,61.95,1.2,0.565,43.54,0
55.83,7.22,0.056,51.24,56.46,3.75,0.76,57.39,0
102.66,11.59,0.119,30.38,75.04,7.21,0.854,122.16,1
102.67,7.21,0.171,28.49,79.43,7.59,0.8,124.5,1
82.53,12.9,0.107,36.05,71.31,6.71,0.916,76.94,1
112.29,14.88,0.228,24.16,84.25,3.81,0.758,89.06,1
40.18,4.36,-0.008,44.79,54.85,2.11,0.488,42.22,0
94.46,15.72,0.147,29.53,81.79,9.31,0.778,102.02,1
111.38,11.85,0.12,21.93,79.49,7.16,0.683,124.05,1
71.87,5.67,0.016,34.62,70.01,3.7,0.722,78.36,0
69.97,6.31,0.08,36.07,85.6,4.08,0.799,77.65,1
89.42,3.93,-0.039,23.89,59.47,1.77,0.677,84.45,0
57.69,3.6,-0.122,23.3,58.03,1.92,0.415,49.6,0
53.51,4.93,-0.004,48.82,63.33,3.95,0.744,47.77,0
85.46,7.58,0.048,26.12,63.63,1.2,0.659,80.65,0
83.54,6.37,0.08,28.66,61.61,1.94,0.71,82.57,0
72.39,9.94,-0.023,40.45,67.21,5.12,0.823,63.9,0
84.91,8.25,-0.001,33.62,75.7,3.04,0.921,95.44,1
69.51,7.72,0.04,40.55,69.28,3.56,0.891,78.17,0
68.55,4.06,0.049,34.9,66.88,1.41,0.669,71.35,0
46.52,2.69,0.007,31.2,48.28,2.42,0.473,53.73,0
114.72,14.79,0.218,27.02,71.63,6.3,0.881,129.52,1
59.76,3.64,0.035,43.3,69.77,3.3,0.814,62.69,0
51.26,6.34,-0.074,46.87,61.4,1.5,0.691,38.37,0
128.06,12.57,0.18,23.72,67.61,5.34,0.927,143.87,1
86.05,8.78,0.15,35.36,87.04,2.68,0.882,82.11,1
145.76,19.64,0.224,20.22,84.12,6.46,0.934,103.84,1
78.25,9.58,-0.001,42.75,80.24,2.18,0.906,54.51,0
54.12,1.83,-0.115,29.77,51.76,1.81,0.428,50.74,0
78.07,14.38,0.12,31.87,94.86,5.73,0.743,69.83,1
56.91,4.55,-0.061,35.34,58.42,3.65,0.644,54.41,0
71.74,8.24,-0.02,48.52,65.82,2.48,0.96,70.93,0
59.4,4.82,-0.02,36.64,62.29,0.71,0.593,42.29,0
60.14,15.06,0.164,47.06,75.87,7.14,0.838,43.83,1
44.06,4.01,-0.134,28.47,55.48,1.79,0.385,40.63,0
158.09,24.58,0.228,21.03,69.07,4.5,0.951,133.66,1
147.52,14.17,0.182,21.61,77.67,6.09,0.871,138.85,1
93.14,6.01,0.075,28.32,73.09,4.02,0.855,98.2,1
105.67,10.12,0.051,23.4,92.98,2.79,0.732,87.83,1
76.46,12.91,0.138,31.94,71.58,5.38,0.774,82.85,1
111.49,17.08,0.105,24.16,85.74,8.63,0.732,105.53,1
92.54,7.24,0.052,29.39,65.0,3.17,0.851,95.61,0
83.94,8.18,0.202,26.55,83.76,11.2,0.704,100.53,1
88.58,4.22,-0.039,32.91,74.66,2.19,0.837,83.48,0
127.12,20.7,0.241,26.1,65.75,6.79,0.953,138.04,1
79.36,8.38,-0.017,39.08,66.54,4.97,0.834,87.51,0
92.58,9.43,0.098,32.0,67.62,4.13,0.894,109.05,1
64.99,7.49,0.168,39.46,76.94,8.04,0.732,60.58,1
68.5,16.37,0.207,41.16,86.33,11.19,0.847,72.15,1
83.49,15.47,0.122,30.2,79.98,4.65,0.769,112.81,1
85.24,3.68,0.038,26.95,72.86,2.43,0.685,91.26,0
60.42,8.23,-0.019,55.8,71.39,3.19,0.943,57.59,0
162.51,23.87,0.199,19.73,81.03,11.58,0.947,188.89,1
77.83,19.96,0.167,33.01,72.73,9.55,0.81,71.03,1
103.1,8.8,0.111,27.06,84.49,9.66,0.775,96.9,1
44.52,1.07,-0.014,37.34,49.15,2.26,0.442,43.24,0
85.86,6.14,0.012,30.73,77.09,3.25,0.856,87.03,1
84.52,9.69,0.174,34.15,69.25,4.27,0.797,82.21,1
106.86,18.34,0.141,29.05,72.73,9.89,0.87,108.18,1
58.73,4.04,-0.169,29.54,59.03,2.45,0.485,54.67,0
141.93,23.81,0.219,24.05,74.86,5.87,0.971,91.5,1
96.15,5.62,-0.026,35.26,74.29,2.92,0.92,99.49,0
61.45,3.32,-0.097,45.33,63.04,1.8,0.803,59.54,0
85.54,4.36,0.026,28.2,62.29,2.23,0.685,86.05,0
71.52,6.78,-0.072,34.03,72.21,1.21,0.694,65.81,0
95.34,8.41,0.041,31.88,76.39,4.92,0.848,109.17,1
49.37,3.86,0.015,25.15,59.29,2.11,0.353,53.37,0
86.53,6.42,-0.008,27.51,61.6,3.23,0.681,82.06,0
68.63,8.83,0.062,39.31,75.66,6.6,0.817,64.41,1
50.84,2.76,-0.07,34.04,55.73,0.71,0.499,51.68,0
65.9,4.0,0.061,43.4,60.68,2.71,0.762,69.19,0
99.33,6.0,-0.008,27.37,77.76,3.18,0.868,113.08,0
85.77,5.34,-0.049,34.96,78.93,5.29,0.848,80.89,1
70.7,18.45,0.163,35.82,76.6,9.19,0.697,33.76,1
96.82,4.8,0.075,26.6,69.09,2.07,0.829,96.17,0
86.38,13.33,0.219,30.39,74.77,11.32,0.753,101.19,1
84.47,10.87,0.095,36.96,80.3,5.4,0.845,58.23,1
41.27,1.97,-0.117,47.2,54.13,1.6,0.598,38.4,0
55.74,6.23,-0.002,36.42,72.66,2.62,0.615,53.13,0
78.95,7.29,0.066,39.92,79.53,4.44,0.872,82.44,1
88.76,7.22,-0.038,29.69,72.37,2.67,0.742,91.7,0
99.09,13.89,0.134,33.1,84.6,5.35,0.875,94.41,1
110.78,14.15,0.238,24.56,68.29,7.36,0.766,110.01,1
79.95,6.75,-0.069,30.87,71.15,3.91,0.703,72.22,0
75.53,5.35,-0.003,26.82,61.99,2.62,0.622,77.07,0
50.21,4.51,0.005,46.36,68.53,2.04,0.661,49.91,0
112.49,14.59,0.088,27.74,71.62,6.04,0.885,114.74,1
75.04,7.11,0.032,41.41,68.49,4.96,0.935,87.72,1
89.75,6.01,0.056,37.06,74.49,4.17,0.932,98.95,1
83.99,4.1,-0.061,29.7,72.03,2.86,0.814,87.32,0
103.46,12.52,0.173,24.97,82.46,4.31,0.703,105.52,1
152.67,17.77,0.11,22.81,73.71,4.97,0.93,177.27,1
68.28,6.98,-0.089,33.86,66.73,1.52,0.705,60.07,0
65.14,5.8,0.079,44.55,78.21,3.13,0.927,70.76,1
131.44,23.21,0.255,23.29,90.05,8.34,0.922,162.44,1
51.12,7.72,-0.052,52.94,65.24,2.6,0.8,59.17,0
116.12,10.08,0.184,24.56,83.56,4.18,0.804,141.85,1
38.94,2.57,-0.159,51.12,51.64,2.49,0.592,33.04,0
73.58,8.18,0.182,38.31,76.92,3.77,0.855,90.73,0
45.47,3.29,-0.123,41.17,48.8,2.48,0.531,39.27,0
136.7,25.04,0.268,21.73,85.14,11.6,0.967,117.01,1
82.32,5.57,0.123,27.6,91.85,3.32,0.712,83.09,1
79.09,15.33,0.148,34.65,86.54,7.52,0.816,92.66,1
77.75,10.58,0.152,38.41,95.41,4.64,0.81,60.93,1
116.52,13.08,0.214,26.75,79.99,3.65,0.83,105.43,1
76.1,9.28,0.079,39.9,74.21,3.66,0.861,66.67,1
120.69,13.11,0.105,26.83,83.93,5.74,0.9,121.07,1
151.35,20.03,0.177,19.72,97.23,10.91,0.964,169.95,1
71.97,7.55,-0.001,41.73,74.15,3.83,0.841,74.12,0
138.57,20.39,0.164,23.89,73.37,6.74,0.909,139.5,1
74.54,11.14,0.089,40.65,72.75,3.79,0.838,72.99,0
90.87,7.07,0.073,30.18,78.85,3.88,0.878,88.53,1
78.86,7.32,0.042,43.38,68.12,4.12,0.95,80.26,0
58.56,7.09,0.063,36.29,59.59,3.64,0.623,68.24,0
39.23,3.58,-0.088,47.98,51.79,1.29,0.592,35.01,0
77.85,5.63,-0.006,31.92,67.36,1.65,0.772,83.01,0
81.75,9.07,-0.027,38.56,73.8,2.66,0.835,81.08,1
56.5,6.41,0.013,42.64,66.27,1.73,0.778,55.87,0
88.89,6.64,-0.017,34.93,67.53,2.99,0.855,106.02,0
138.61,23.21,0.241,20.74,81.67,8.77,0.903,212.43,1
70.13,5.63,0.009,37.46,68.5,1.85,0.733,52.53,0
85.92,7.01,0.029,32.9,78.63,3.48,0.823,95.26,1
44.75,3.21,-0.169,36.59,59.37,2.38,0.446,37.17,0
38.08,2.0,-0.126,40.66,58.37,1.78,0.457,40.09,0
75.11,7.73,0.218,37.82,73.29,9.53,0.868,85.04,1
109.31,12.07,0.09,26.45,77.05,7.07,0.818,96.71,1
99.08,9.63,0.172,27.02,84.77,7.58,0.78,94.69,1
55.81,3.75,-0.034,22.31,60.39,1.53,0.367,50.98,0
90.63,16.52,0.11,37.05,83.78,4.17,0.888,83.01,1
56.82,3.6,0.027,41.35,66.27,1.89,0.728,50.3,0
89.59,6.14,0.048,25.26,71.87,3.22,0.683,93.32,0
40.34,3.19,0.013,46.15,58.54,0.73,0.555,41.35,0
51.27,2.64,0.019,35.03,51.18,1.53,0.538,47.78,0
59.52,6.62,-0.081,39.5,61.2,3.91,0.717,75.0,0
43.52,3.83,-0.154,32.53,59.83,0.66,0.431,36.14,0
137.02,16.09,0.158,20.12,81.83,7.41,0.889,183.71,1
77.88,7.71,0.054,26.82,59.09,1.33,0.658,79.4,0
45.59,1.59,-0.096,39.97,58.12,1.66,0.499,45.85,0
70.4,5.36,-0.045,31.94,55.03,2.1,0.64,77.92,0
108.62,10.33,0.195,27.22,73.76,4.37,0.853,143.81,1
58.63,1.31,0.011,25.2,60.07,2.13,0.466,59.38,0
112.14,23.96,0.201,26.93,68.05,5.76,0.863,112.69,1
137.54,27.66,0.17,20.94,90.04,11.18,0.936,134.77,1
52.52,6.16,-0.059,50.02,70.65,2.34,0.727,49.83,0
91.11,5.58,-0.048,33.56,79.0,3.42,0.834,80.9,0
52.81,3.23,-0.11,24.97,49.74,0.96,0.372,51.46,0
106.4,14.31,0.137,28.04,80.06,6.14,0.825,94.82,1
98.42,5.31,0.074,31.59,67.85,3.41,0.907,91.74,0
63.77,4.13,-0.054,42.72,68.76,2.51,0.729,65.35,0
69.03,3.07,0.007,42.51,65.73,2.79,0.78,70.32,0
81.48,13.02,0.101,35.54,84.33,5.12,0.793,107.04,1
83.24,5.55,0.089,41.0,79.93,2.99,0.918,82.38,1
64.59,3.05,-0.086,29.76,59.14,1.72,0.62,62.39,0
84.13,9.25,0.062,33.5,82.95,4.81,0.822,103.08,1
110.83,17.73,0.229,27.86,75.36,4.36,0.872,74.65,1
153.8,20.4,0.217,19.94,71.71,6.83,0.952,190.57,1
56.79,4.64,-0.172,28.99,60.74,2.41,0.508,61.62,0
68.16,18.09,0.119,40.35,70.76,7.61,0.808,77.83,1
78.01,14.58,0.147,40.73,89.46,4.16,0.873,73.82,1
48.21,3.43,-0.05,40.16,55.55,1.16,0.52,37.35,0
102.2,5.03,0.102,22.72,92.28,4.26,0.755,98.57,1
70.41,4.19,0.074,42.34,73.24,4.37,0.901,76.68,0
138.47,15.24,0.111,22.56,69.42,6.0,0.923,152.06,1
37.92,4.05,-0.09,46.53,50.35,1.33,0.553,30.0,0
73.06,17.55,0.204,34.07,72.18,4.32,0.805,97.57,1
72.73,6.67,-0.055,34.65,57.53,2.85,0.675,85.27,0
168.84,22.77,0.247,20.04,89.83,11.18,0.989,182.99,1
59.52,7.51,-0.064,38.68,63.77,2.59,0.631,52.47,0
164.31,19.6,0.208,19.52,90.48,11.14,0.943,164.83,1
153.38,15.96,0.242,21.47,82.51,3.93,0.924,162.17,1
83.96,6.88,0.002,29.0,58.93,1.81,0.749,80.93,0
76.44,18.97,0.178,37.5,78.19,10.01,0.827,88.35,1
133.22,23.07,0.218,24.38,86.54,11.3,0.893,144.25,1
75.3,3.7,-0.081,32.08,61.28,2.9,0.654,75.73,0
95.63,8.09,0.036,30.76,80.95,4.35,0.854,103.51,1
66.74,4.29,0.015,40.41,66.05,4.5,0.831,65.61,1
75.55,5.85,-0.075,28.93,56.32,2.38,0.685,72.05,0
35.09,4.03,-0.148,49.97,62.15,2.34,0.506,30.0,0
81.53,5.27,-0.012,32.03,68.4,3.08,0.72,87.01,0
78.37,7.64,0.035,31.03,72.21,3.04,0.763,81.6,1
63.32,5.89,0.072,40.12,67.55,2.37,0.823,60.48,0
79.16,3.71,-0.026,26.92,55.05,2.92,0.626,82.42,0
130.83,13.02,0.206,23.88,66.34,4.65,0.951,130.16,1
107.49,13.28,0.036,26.29,92.38,4.58,0.796,116.28,1
45.66,4.62,-0.126,28.92,64.63,1.84,0.374,41.4,0
82.38,14.49,0.082,27.18,86.93,5.56,0.716,106.01,1
97.25,7.66,0.139,26.26,92.19,3.35,0.803,90.68,1
167.66,26.67,0.171,19.26,85.55,9.24,0.959,204.26,1
50.0,2.39,-0.165,35.73,64.33,1.87,0.518,47.85,0
74.44,6.09,0.061,33.12,70.67,2.08,0.758,67.76,0
120.34,22.12,0.226,24.8,67.82,6.39,0.894,115.24,1
155.98,13.69,0.165,21.74,73.16,4.91,0.932,154.08,1
109.97,9.67,0.081,23.45,87.91,4.16,0.781,119.32,1
75.74,15.47,0.133,40.24,78.5,7.3,0.826,77.36,1
51.89,3.1,-0.014,41.24,54.96,1.27,0.594,48.46,0
74.18,8.85,0.056,40.77,67.49,2.85,0.941,74.31,1
88.85,3.84,0.008,28.36,67.38,3.14,0.739,90.13,0
61.24,3.38,-0.069,37.32,63.65,3.61,0.663,57.81,0
85.96,9.49,0.213,34.73,84.69,8.12,0.862,73.68,1
36.8,1.56,0.012,42.64,48.11,2.14,0.503,33.93,0
88.33,7.73,-0.041,31.36,65.81,2.23,0.894,94.75,0
128.12,20.31,0.122,26.13,75.08,3.1,0.971,115.15,1
57.38,3.98,0.008,36.57,59.28,2.71,0.65,56.51,0
132.34,27.67,0.218,22.76,84.27,11.6,0.881,106.18,1
146.15,19.41,0.213,22.26,94.23,9.44,0.903,150.72,1
73.99,9.04,0.154,38.69,74.74,6.78,0.868,82.79,1
51.82,3.04,0.055,58.59,57.66,1.37,0.817,52.15,0
82.07,7.99,-0.013,25.65,71.95,2.3,0.646,78.85,1
79.62,9.13,-0.015,39.17,72.55,4.91,0.879,87.02,1
73.71,3.66,0.05,32.69,69.02,3.38,0.734,79.19,0
67.49,5.71,-0.038,35.61,70.54,3.31,0.657,59.34,0
144.72,22.39,0.275,20.96,94.55,8.47,0.918,180.48,1
80.09,6.39,-0.063,33.18,70.69,3.43,0.782,85.73,0
91.47,14.31,0.061,31.63,88.07,3.85,0.895,85.13,1
59.13,1.16,-0.085,27.67,50.71,1.96,0.441,57.4,0
98.91,11.9,0.237,26.07,84.71,4.68,0.828,80.3,1
138.75,22.7,0.17,22.77,79.76,4.08,0.874,152.95,1
85.51,4.02,0.048,24.2,68.21,1.88,0.658,78.52,0
76.56,5.97,-0.028,26.36,64.51,1.62,0.608,80.68,0
88.01,6.95,0.171,28.89,92.29,3.42,0.705,92.5,1
79.91,9.29,0.143,33.72,84.92,3.54,0.88,74.14,1
84.3,9.1,0.083,33.78,84.46,2.7,0.795,69.81,1
83.86,7.05,0.013,31.83,55.03,2.09,0.813,93.67,0
64.06,5.64,0.011,43.68,67.32,2.27,0.786,60.44,0
153.2,22.4,0.2,18.0,86.76,8.45,0.88,161.2,1
137.47,19.28,0.109,22.07,79.61,6.91,0.95,97.96,1
82.15,8.82,-0.031,42.37,69.59,2.98,0.931,89.78,0
84.21,8.02,0.212,29.35,74.82,8.39,0.723,71.86,1
65.77,7.78,0.027,48.06,76.78,3.8,0.862,64.92,0
80.06,5.4,0.088,36.92,72.28,2.65,0.832,77.42,0
78.2,7.36,-0.026,30.76,65.99,3.47,0.771,67.23,0
91.61,4.92,-0.049,35.12,73.24,5.45,0.95,89.91,0
83.63,8.47,-0.008,36.65,76.24,3.79,0.839,84.07,0
39.64,3.47,-0.028,37.79,56.19,1.4,0.416,36.6,0
83.99,4.72,0.097,34.69,74.84,4.72,0.948,89.48,1
65.84,7.56,0.155,35.93,73.3,6.9,0.687,62.6,1
95.46,6.83,0.095,23.45,86.23,3.13,0.704,102.76,1
117.49,15.06,0.092,23.86,80.48,3.94,0.857,108.62,1
131.42,16.04,0.193,22.38,73.89,5.93,0.867,147.01,1
44.86,2.7,-0.108,34.03,58.23,0.96,0.422,40.8,0
94.08,16.84,0.24,28.2,70.7,5.52,0.815,60.09,1
84.78,13.48,0.157,28.68,74.62,7.35,0.681,69.29,1
93.29,8.35,0.096,29.3,72.9,5.15,0.831,98.0,1
89.14,4.86,-0.025,23.93,58.19,3.61,0.636,96.58,0
50.51,4.01,-0.092,44.0,63.95,1.89,0.588,51.99,0
116.35,12.42,0.198,27.11,82.2,4.68,0.873,122.84,1
80.66,7.17,0.052,35.97,81.13,3.4,0.867,89.61,1
159.79,23.05,0.151,18.39,67.13,4.45,0.863,201.52,1
101.86,16.58,0.248,27.85,77.27,5.9,0.819,113.35,1
95.54,13.15,0.033,26.35,85.95,4.81,0.783,107.67,1
98.07,12.04,0.125,31.59,76.27,7.78,0.844,88.13,1
87.44,8.48,0.108,27.78,96.22,4.44,0.728,106.48,1
72.86,3.81,-0.086,35.96,56.41,3.05,0.721,65.57,0
69.81,8.41,-0.012,38.33,71.32,2.29,0.845,71.73,1
68.05,9.94,0.198,33.36,74.93,7.13,0.739,77.98,1
88.79,6.72,0.054,31.35,60.92,3.25,0.773,83.72,0
60.34,7.6,0.08,41.72,61.33,2.2,0.723,63.19,0
50.1,3.36,-0.15,40.38,57.08,1.66,0.586,45.1,0
136.22,24.2,0.208,21.44,80.33,4.01,0.913,131.45,1
42.34,2.68,-0.064,35.12,54.25,1.25,0.486,40.93,0
114.06,10.31,0.141,20.32,84.27,5.48,0.753,123.33,1
75.03,8.14,0.042,43.9,79.16,2.14,0.886,72.53,0
88.72,9.18,-0.047,29.31,68.5,4.08,0.832,88.46,1
101.34,10.84,0.121,24.68,96.56,4.77,0.744,105.18,1
57.04,4.46,-0.18,31.8,54.18,1.4,0.581,54.02,0
115.29,15.81,0.233,24.58,83.06,4.34,0.911,139.74,1
94.11,9.02,0.197,32.43,72.18,7.68,0.869,99.1,1
80.3,10.98,0.163,35.01,75.2,8.13,0.829,107.03,1
68.01,7.21,-0.021,43.23,61.22,3.14,0.815,55.3,0
122.87,19.86,0.219,26.2,71.73,6.45,0.883,160.4,1
73.27,14.33,0.12,40.62,85.21,5.06,0.799,76.29,1
153.86,24.38,0.113,22.45,70.63,5.17,0.953,134.4,1
81.81,4.66,0.039,38.59,70.91,3.95,0.836,77.35,0
95.06,5.36,0.008,33.8,71.98,4.55,0.911,102.15,0
143.36,17.46,0.11,22.03,66.48,4.86,0.963,124.76,1
123.58,24.42,0.275,27.21,75.49,3.19,0.924,107.41,1
66.82,4.86,0.014,49.07,66.64,2.52,0.869,70.8,1
62.14,5.14,0.013,39.76,73.93,1.54,0.773,71.75,0
72.7,7.69,-0.019,35.56,60.87,3.47,0.739,79.69,0
77.79,4.07,-0.039,26.11,74.2,1.32,0.655,66.23,0
64.23,5.69,-0.041,41.88,58.39,2.22,0.789,58.99,0
87.9,5.6,0.057,25.23,67.25,3.34,0.659,82.85,0
141.24,23.22,0.125,21.96,81.48,3.92,0.896,197.03,1
51.7,3.31,0.009,26.94,62.2,1.53,0.394,49.03,0
77.32,5.95,0.144,34.24,88.24,2.67,0.75,84.7,1
85.64,6.53,-0.042,29.82,62.63,1.56,0.682,87.1,0
82.73,3.73,0.07,31.35,73.38,2.0,0.786,77.31,0
46.64,1.04,-0.004,30.58,56.51,2.36,0.391,46.34,0
81.04,6.03,-0.021,31.59,56.74,1.38,0.698,76.28,0
96.47,15.88,0.089,27.08,80.32,9.48,0.762,95.9,1
128.21,12.89,0.104,24.98,69.06,6.75,0.91,103.54,1
63.18,3.9,-0.089,41.92,70.58,3.6,0.74,68.8,0
95.88,9.9,0.094,35.56,68.81,2.37,0.903,114.78,1
95.63,6.87,-0.006,35.93,73.56,2.3,0.929,90.33,0
142.79,12.48,0.102,19.92,81.44,4.93,0.861,145.5,1
64.57,15.02,0.115,41.94,83.58,6.59,0.852,36.92,1
78.96,7.95,0.057,41.32,65.84,2.06,0.934,88.59,1
72.01,14.69,0.057,37.95,84.47,2.65,0.75,85.38,1
60.31,13.03,0.066,38.2,86.82,10.63,0.689,78.64,1
54.92,3.77,-0.073,31.52,54.69,1.6,0.502,52.91,0
94.59,5.31,-0.013,29.02,74.85,4.43,0.85,101.14,1
126.05,14.99,0.259,23.52,79.08,6.7,0.924,157.74,1
80.77,9.34,0.057,34.36,83.33,3.34,0.868,83.4,1
88.65,4.65,-0.021,36.51,74.65,2.16,0.933,90.86,0
79.02,4.92,0.039,39.4,78.79,4.16,0.844,82.33,1
80.42,5.73,0.003,30.6,64.83,3.46,0.722,61.85,0
96.03,8.85,0.054,31.85,74.13,4.88,0.946,99.37,1
78.57,11.35,0.032,38.59,90.24,2.53,0.891,72.53,1
91.59,9.19,0.019,28.4,80.4,5.43,0.838,93.32,1
89.03,10.89,0.071,26.37,91.29,3.03,0.71,80.18,0
139.12,14.71,0.198,23.23,66.32,5.48,0.943,148.17,1
62.44,3.91,-0.049,43.07,66.6,1.68,0.72,58.81,0
73.16,5.61,-0.022,41.49,81.7,4.36,0.837,62.49,0
99.48,5.2,-0.001,27.96,69.8,4.32,0.847,88.51,1
104.4,5.49,0.077,27.51,91.94,5.2,0.872,111.51,1
79.98,4.92,-0.061,27.26,72.24,3.15,0.623,77.08,0
108.83,17.15,0.209,24.44,71.0,6.36,0.822,99.65,1
117.84,15.31,0.148,25.5,70.15,3.9,0.899,141.72,1
94.72,4.42,-0.006,31.42,79.87,2.99,0.899,91.86,0
152.58,17.92,0.202,19.56,67.39,4.42,0.923,182.66,1
160.74,28.07,0.182,17.09,89.63,8.88,0.89,148.78,1
38.06,3.37,-0.124,36.19,58.9,2.03,0.4,38.57,0
62.8,5.56,0.008,30.7,63.88,2.88,0.611,49.5,0
169.05,21.85,0.214,17.83,98.19,11.61,0.907,155.69,1
171.81,23.66,0.267,16.13,80.4,9.47,0.89,154.2,1
58.22,3.45,-0.149,26.25,50.02,0.88,0.49,54.91,0
56.79,3.18,-0.114,20.36,56.02,1.57,0.35,50.89,0
86.88,4.29,0.071,29.91,72.13,2.82,0.708,88.11,1
130.46,17.61,0.203,26.3,97.99,8.89,0.913,155.86,1
65.75,3.95,-0.091,40.93,74.44,1.53,0.744,66.09,0
74.58,9.96,0.081,41.25,78.02,4.57,0.852,83.14,1
66.35,14.26,0.204,35.5,85.39,8.68,0.715,44.19,1
36.43,3.11,-0.14,55.6,52.05,1.71,0.585,37.04,0
79.16,16.17,0.115,33.59,84.05,6.05,0.757,73.25,1
60.6,3.7,0.027,43.6,61.36,2.09,0.714,59.7,0
149.71,14.95,0.245,18.2,80.16,5.22,0.866,164.68,1
74.63,3.96,-0.065,34.21,74.29,3.7,0.698,73.29,0
81.86,13.84,0.033,35.92,90.85,4.39,0.899,102.27,1
72.67,11.8,0.078,36.46,84.6,4.37,0.76,70.49,1
69.67,4.36,-0.075,36.55,68.42,2.65,0.727,68.01,0
50.16,1.5,-0.137,25.62,64.69,1.0,0.352,48.7,0
77.99,7.5,-0.022,37.1,70.98,4.89,0.835,86.31,1
80.55,7.45,0.001,26.01,72.11,1.84,0.681,81.54,0
109.08,14.34,0.12,24.14,82.08,10.29,0.795,101.3,1
81.28,7.31,0.16,33.91,79.2,8.38,0.835,72.52,1
83.96,9.56,-0.0,37.27,79.86,2.96,0.83,97.38,1
112.01,12.27,0.187,23.96,69.43,5.6,0.797,116.95,1
107.36,9.35,0.203,24.11,78.42,6.85,0.76,115.87,1
71.83,12.77,0.193,41.94,80.9,9.97,0.823,79.04,1
92.26,6.86,0.01,36.29,78.93,5.46,0.951,90.64,1
51.26,3.77,0.048,46.94,58.96,1.23,0.741,50.38,0
52.92,7.91,0.054,42.06,57.87,1.93,0.615,48.2,0
88.56,7.78,0.087,28.91,67.74,2.66,0.825,78.48,0
79.31,8.11,0.039,39.87,72.04,3.19,0.861,85.11,1
76.8,4.37,0.043,34.35,70.76,3.15,0.848,78.0,0
38.91,3.22,-0.09,35.92,56.03,1.87,0.436,39.52,0
89.2,13.13,0.056,31.39,97.45,5.3,0.803,93.0,1
89.46,3.85,0.03,24.24,57.51,3.22,0.601,97.69,0
51.58,4.67,-0.079,56.37,64.08,2.44,0.796,52.73,0
97.55,5.88,0.047,28.5,75.13,4.19,0.896,100.08,1
85.8,3.7,-0.024,25.99,66.07,3.89,0.664,80.72,0
93.15,17.16,0.239,31.15,81.07,3.51,0.843,104.07,1
79.3,4.65,0.062,31.06,70.39,1.26,0.772,83.33,0
83.14,4.09,0.016,39.84,76.28,4.0,0.93,91.95,1
94.04,9.1,0.018,28.68,71.23,3.82,0.863,81.84,1
80.36,4.37,-0.088,33.89,56.36,3.8,0.797,90.35,0
52.25,3.63,-0.004,39.54,73.3,3.43,0.603,51.54,0
152.67,22.47,0.205,18.22,76.17,6.83,0.891,163.68,1
68.04,7.86,0.052,38.62,78.71,5.25,0.843,67.1,1
79.9,9.73,-0.026,42.51,69.67,2.07,0.901,78.35,0
52.9,3.94,-0.047,27.55,51.51,1.33,0.386,48.94,0
79.39,9.53,-0.021,39.43,71.3,5.14,0.865,100.8,1
99.54,11.15,0.114,27.25,83.8,7.14,0.806,111.84,1
92.31,8.39,0.139,29.88,84.06,5.2,0.853,91.67,1
82.3,5.57,0.164,27.23,82.02,4.65,0.707,85.02,1
81.68,4.94,0.072,29.39,73.4,2.47,0.7,71.92,0
88.32,6.37,-0.073,30.35,59.5,2.07,0.732,78.01,0
60.26,13.91,0.093,38.21,71.14,9.87,0.686,78.6,1
123.12,23.44,0.249,26.64,70.51,5.03,0.911,152.63,1
40.42,1.81,-0.137,54.38,50.4,2.05,0.583,38.94,0
97.85,6.46,0.076,33.72,79.76,2.56,0.914,107.76,1
79.16,4.37,-0.087,33.92,61.04,1.92,0.71,89.66,0
39.95,1.94,-0.113,41.59,62.77,0.94,0.474,40.48,0
74.08,6.98,0.054,38.04,74.91,2.93,0.801,70.7,1
38.51,1.42,-0.082,48.44,52.22,1.22,0.523,37.05,0
89.24,14.17,0.084,27.12,84.78,3.53,0.742,65.83,1
90.01,7.56,0.052,36.82,73.18,5.25,0.908,87.73,1
42.2,3.98,-0.111,37.07,52.97,0.93,0.51,33.35,0
59.87,1.88,-0.014,33.98,52.01,1.39,0.556,57.35,0
112.2,11.45,0.086,23.2,82.62,6.65,0.709,133.89,1
62.17,4.85,0.044,44.48,63.0,2.75,0.779,65.08,0
112.21,16.41,0.224,25.92,72.37,4.06,0.796,154.65,1
52.43,3.68,0.067,39.3,57.43,3.75,0.628,52.49,0
88.68,9.35,0.236,31.09,71.84,6.41,0.879,103.47,1
70.95,4.27,0.053,34.37,73.42,2.84,0.712,77.19,0
35.38,3.09,-0.025,46.38,48.77,0.63,0.452,37.44,0
57.92,3.87,-0.048,35.23,56.07,3.64,0.622,62.0,0
89.1,6.44,0.071,24.1,70.79,3.83,0.693,92.45,1
72.7,8.44,-0.003,37.23,78.72,2.58,0.822,70.82,0
106.32,13.77,0.086,28.63,92.12,4.16,0.884,123.17,1
52.53,7.04,-0.047,43.06,69.31,2.24,0.659,52.94,0
40.55,4.54,-0.058,34.21,49.56,1.62,0.408,30.0,0
97.3,5.38,0.082,35.08,73.1,5.06,0.927,95.35,1
78.01,13.92,0.122,37.53,77.53,5.85,0.844,85.45,1
147.07,17.94,0.228,20.38,85.23,7.25,0.934,187.35,1
76.68,14.06,0.152,37.17,83.1,4.73,0.861,119.63,1
87.07,9.69,0.023,32.86,80.9,3.64,0.844,68.44,0
109.23,14.41,0.242,26.61,78.53,5.57,0.785,118.64,1
111.52,21.89,0.212,29.78,82.51,5.36,0.929,100.39,1
66.21,11.4,0.165,35.84,83.91,7.52,0.685,72.21,1
58.05,3.88,-0.04,51.1,59.76,1.34,0.803,66.75,0
85.43,6.78,0.043,30.57,68.75,3.9,0.706,77.93,0
74.5,3.43,0.076,27.73,62.22,1.59,0.65,74.57,0
67.58,5.03,0.006,48.64,75.95,4.54,0.917,69.39,0
65.14,11.85,0.13,34.97,88.83,2.78,0.712,63.31,0
63.8,4.51,-0.031,47.71,75.41,2.63,0.827,63.14,0
57.12,3.76,-0.167,36.32,55.12,0.94,0.573,54.17,0
98.44,6.01,0.047,31.53,93.42,3.31,0.894,83.71,1
70.34,18.25,0.126,37.79,87.49,11.4,0.841,60.67,1
75.82,6.22,0.04,37.52,63.56,2.34,0.808,75.29,0
95.03,9.45,0.167,25.54,94.1,3.23,0.71,93.46,1
95.99,6.7,0.055,30.23,69.43,5.15,0.921,104.29,1
139.5,24.08,0.106,21.27,69.93,3.77,0.919,136.92,1
72.97,19.06,0.105,36.07,79.67,9.9,0.825,95.16,1
87.14,9.43,-0.035,30.83,81.53,2.79,0.866,85.88,0
87.27,7.69,0.065,32.84,94.27,3.59,0.866,87.65,1
158.48,24.35,0.275,23.05,77.56,4.23,0.972,189.45,1
91.9,7.59,0.037,32.52,67.56,3.53,0.871,101.78,0
85.11,5.01,0.059,27.06,73.89,1.31,0.67,79.21,0
64.37,15.86,0.117,47.45,82.82,8.71,0.87,47.25,1
52.64,5.95,0.02,40.33,68.65,2.53,0.623,50.28,0
59.37,4.49,0.033,37.15,71.82,2.83,0.616,69.32,0
127.18,14.9,0.245,22.49,68.32,4.14,0.863,152.91,1
100.82,6.21,0.127,24.59,95.14,5.48,0.776,101.05,1
79.15,7.57,0.032,33.32,69.63,5.0,0.855,72.04,1
64.83,6.43,-0.004,35.21,69.63,3.47,0.719,59.1,0
54.32,4.51,0.049,49.08,57.86,1.66,0.719,48.03,0
77.75,7.3,-0.02,34.58,63.6,3.14,0.774,70.94,0
85.78,4.63,0.039,29.67,71.78,2.9,0.75,85.96,0
75.0,11.47,0.039,34.43,86.64,4.88,0.708,87.74,1
56.27,7.73,-0.001,48.12,58.0,2.48,0.804,62.77,0
93.98,8.77,-0.007,30.86,69.41,4.78,0.867,92.32,0
89.15,4.82,-0.069,33.2,70.65,2.83,0.805,86.22,0
152.99,26.13,0.229,21.43,97.53,8.42,0.951,172.33,1
72.54,4.8,-0.034,36.17,73.59,2.97,0.769,73.22,0
48.9,3.44,-0.175,39.44,49.45,1.18,0.589,42.73,0
53.33,3.68,-0.168,27.09,53.42,1.94,0.387,51.18,0
88.63,13.77,0.187,34.4,74.61,7.02,0.838,59.83,1
119.92,12.13,0.087,22.02,81.32,7.25,0.861,122.32,1
74.99,5.33,0.072,37.74,75.28,3.79,0.871,83.13,1
91.51,5.79,0.068,35.54,65.51,4.69,0.877,94.39,0
36.79,4.32,0.018,44.23,53.33,2.21,0.474,32.09,0
77.96,5.37,0.042,39.18,69.47,2.74,0.905,71.95,1
71.04,4.96,0.085,41.37,79.94,3.85,0.83,71.91,0
58.08,2.46,-0.039,30.21,64.8,0.69,0.518,56.9,0
42.01,1.49,-0.094,44.77,56.71,1.45,0.585,40.04,0
50.54,2.82,-0.025,30.0,63.07,2.09,0.479,48.26,0
46.25,1.97,-0.08,29.64,57.34,2.44,0.39,44.28,0
98.22,15.88,0.081,25.39,84.78,6.63,0.798,87.35,1
87.38,5.93,-0.086,25.6,60.79,2.15,0.712,72.2,0
68.35,6.35,0.037,36.35,68.21,3.63,0.753,67.12,1
86.5,3.9,-0.083,26.42,58.39,1.57,0.688,83.69,0
171.37,15.43,0.181,17.73,84.66,9.12,0.971,187.23,1
116.4,24.32,0.206,29.48,80.28,5.08,0.954,144.6,1
59.51,3.11,-0.038,33.68,74.62,3.79,0.634,59.22,0
65.95,6.5,-0.009,33.71,68.55,1.27,0.724,48.97,0
57.12,6.59,-0.057,43.24,56.57,2.82,0.802,60.39,0
61.21,7.08,0.029,46.0,76.13,3.9,0.869,62.71,1
52.63,2.86,-0.086,41.16,57.1,2.09,0.588,55.68,0
78.93,6.82,0.131,34.55,82.68,5.17,0.885,84.75,1
78.34,8.06,0.011,38.19,68.18,5.42,0.862,80.89,1
147.6,24.75,0.25,21.24,78.33,5.09,0.93,105.03,1
81.39,3.89,-0.04,36.79,66.43,2.6,0.815,77.08,0
94.43,9.41,0.059,34.02,83.27,11.15,0.878,108.42,1
83.54,18.2,0.184,28.27,81.21,8.03,0.732,89.08,1
44.81,1.35,-0.036,42.88,52.0,2.42,0.531,42.74,0
82.21,3.02,0.076,34.83,65.14,3.96,0.818,84.63,0
72.32,4.71,-0.057,34.47,68.84,3.66,0.714,69.55,0
66.61,6.16,-0.011,39.15,67.18,3.94,0.743,71.3,0
86.52,3.7,-0.018,31.54,74.2,1.73,0.807,87.59,1
83.93,15.91,0.225,35.3,79.49,6.98,0.83,97.7,1
66.36,7.92,0.0,47.11,68.85,3.64,0.828,58.87,0
122.79,24.72,0.166,29.03,84.12,3.57,0.975,184.69,1
54.4,1.5,-0.02,27.8,60.45,1.69,0.426,54.33,0
158.03,26.35,0.284,21.44,87.45,8.16,0.929,212.22,1
75.44,7.08,-0.097,34.58,56.23,2.45,0.8,71.47,0
111.05,10.58,0.113,27.31,79.67,10.99,0.858,111.76,1
57.06,3.33,-0.033,52.34,57.35,1.22,0.8,53.24,0
48.25,3.23,0.006,38.09,62.06,2.06,0.525,50.66,0
127.77,15.71,0.132,24.91,76.54,5.35,0.896,164.95,1
85.18,6.26,-0.069,24.66,58.94,3.74,0.606,80.49,0
96.94,12.32,0.15,31.21,94.7,5.77,0.807,108.47,1
76.27,14.24,0.099,44.6,84.24,5.5,0.907,91.29,1
83.23,6.44,0.095,36.68,78.64,3.29,0.848,93.13,1
66.55,6.24,0.092,45.35,73.35,4.63,0.898,89.96,0
109.55,13.05,0.026,28.74,90.05,3.31,0.857,104.88,1
41.76,2.28,-0.167,48.57,61.52,0.88,0.594,37.91,0
106.72,13.39,0.178,23.64,93.19,2.91,0.749,109.25,1
152.34,12.1,0.187,18.95,78.82,3.95,0.907,174.75,1
53.79,1.99,-0.177,35.97,51.51,1.39,0.569,53.53,0
39.68,3.08,0.003,39.65,56.85,1.19,0.418,38.53,0
71.42,8.67,0.108,38.74,91.0,5.67,0.834,71.16,1
88.49,5.61,0.052,40.12,81.63,4.55,0.95,90.5,1
95.92,4.64,0.021,28.68,65.46,3.63,0.869,96.65,0
35.91,2.78,-0.134,60.07,61.82,2.42,0.584,35.44,0
62.62,5.59,0.057,43.52,70.53,2.36,0.876,74.09,0
40.25,4.34,-0.047,36.59,49.04,0.96,0.435,41.65,0
91.55,4.82,0.059,33.91,81.36,4.76,0.892,89.28,1
93.2,9.33,0.202,27.69,80.33,9.38,0.792,100.82,1
61.52,5.21,-0.068,37.24,61.72,3.73,0.652,61.88,0
83.52,9.68,0.069,32.28,67.11,2.87,0.822,90.59,1
136.55,22.48,0.166,21.88,84.6,11.35,0.899,156.23,1
106.21,12.51,0.14,26.27,83.54,5.35,0.861,116.89,1
78.16,15.57,0.189,30.33,73.67,10.97,0.756,78.83,1
74.6,7.24,0.071,46.39,73.7,4.01,0.942,97.48,1
61.01,19.36,0.146,45.88,74.46,9.78,0.826,31.91,1
37.81,4.32,-0.012,33.21,54.64,1.13,0.366,48.71,0
41.19,1.89,-0.035,44.84,64.09,2.1,0.594,40.13,0
59.51,6.45,-0.047,42.46,74.07,1.44,0.687,57.46,0
82.22,6.14,0.094,39.66,77.48,4.46,0.891,81.15,0
107.52,13.06,0.197,24.4,82.35,7.37,0.811,93.97,1
69.6,5.45,-0.058,34.71,66.28,1.56,0.725,74.28,0
81.46,10.62,0.14,31.47,84.12,3.56,0.704,106.19,1
83.41,9.15,0.176,36.17,93.61,3.63,0.88,53.13,1
104.47,11.95,0.169,26.73,69.59,4.17,0.775,92.33,1
83.01,5.28,-0.03,27.94,61.61,3.06,0.672,79.68,0
93.38,12.47,0.104,32.29,83.76,6.71,0.891,96.65,1
80.96,6.71,0.027,33.86,59.23,2.02,0.741,84.06,0
39.5,1.61,-0.123,40.49,57.4,1.75,0.441,33.82,0
169.31,23.96,0.224,17.89,96.31,9.21,0.88,174.77,1
52.46,4.75,-0.148,22.11,50.07,2.01,0.368,60.21,0
52.82,2.63,-0.04,38.22,48.48,1.88,0.588,52.04,0
120.63,16.0,0.251,27.18,65.29,6.86,0.926,159.24,1
58.18,4.3,-0.073,38.6,73.09,2.29,0.687,54.29,0
96.66,13.7,0.059,30.31,86.88,3.37,0.862,103.95,1
62.12,3.83,0.026,33.75,63.22,1.45,0.623,66.24,0
55.38,3.16,-0.019,40.78,63.79,1.69,0.725,56.44,0
50.64,7.32,0.051,57.53,72.57,3.07,0.794,46.16,0
79.21,4.5,0.036,34.23,55.55,3.4,0.735,68.53,0
77.09,8.31,-0.018,43.87,69.97,2.92,0.928,105.1,1
72.85,13.63,0.176,34.05,96.85,4.48,0.764,99.18,1
86.67,6.97,-0.011,38.26,70.33,3.16,0.922,84.6,0
137.92,14.42,0.224,22.35,80.21,4.91,0.884,123.92,1
51.26,4.47,-0.002,33.04,64.47,1.74,0.522,52.86,0
86.41,9.46,0.004,30.71,81.43,4.68,0.857,69.26,1
84.34,8.88,0.119,35.86,69.34,7.06,0.836,90.45,1
129.07,13.69,0.279,22.93,73.46,3.79,0.923,136.24,1
59.6,4.81,-0.139,33.63,64.77,2.12,0.6,65.15,0
81.21,9.03,0.089,39.51,84.07,6.59,0.89,102.56,1
143.56,15.34,0.233,20.87,70.87,5.36,0.869,128.23,1
78.18,5.91,-0.091,37.94,70.27,3.67,0.815,82.59,0
113.71,21.52,0.226,28.93,79.57,3.17,0.972,103.6,1
43.7,3.28,-0.094,35.32,59.24,1.19,0.42,42.5,0
102.17,13.23,0.114,24.44,90.93,5.47,0.776,72.27,1
116.12,19.57,0.203,24.12,73.69,3.35,0.888,116.94,1
69.49,14.62,0.054,41.28,97.56,3.13,0.763,93.03,1
88.89,6.56,0.039,36.55,78.68,2.22,0.891,89.16,0
39.79,1.44,-0.111,32.31,51.91,1.84,0.383,38.33,0
155.05,18.03,0.128,19.98,78.86,5.54,0.868,171.34,1
64.55,4.2,0.061,44.53,73.39,2.15,0.915,64.53,0
39.88,3.55,-0.047,45.87,61.65,0.65,0.519,40.84,0
98.2,12.2,0.066,25.48,96.68,5.47,0.771,76.65,1
83.48,4.64,0.048,39.37,69.49,3.48,0.907,89.1,0
42.91,4.36,-0.174,32.54,51.02,2.29,0.415,35.45,0
71.82,4.21,-0.077,34.66,60.67,3.8,0.732,66.55,0
40.17,2.46,-0.004,33.45,61.62,1.41,0.362,36.84,0
103.35,9.65,0.243,24.13,73.72,7.42,0.776,110.41,1
104.45,14.63,0.186,28.6,84.14,5.68,0.844,109.07,1
89.55,7.17,0.083,28.25,71.72,4.16,0.823,85.47,0
97.24,11.43,0.196,25.41,84.73,8.82,0.73,85.84,1
118.42,24.78,0.162,22.82,65.65,4.97,0.877,148.78,1
94.9,8.43,0.125,24.83,82.99,4.46,0.758,96.37,1
59.11,2.95,-0.099,35.73,57.02,1.13,0.582,55.64,0
101.14,14.31,0.117,26.09,83.22,4.66,0.801,74.55,1
80.58,8.47,0.046,32.78,71.75,2.7,0.834,86.7,0
95.32,8.01,0.086,25.46,81.27,4.31,0.775,99.6,1
113.05,10.29,0.165,24.2,83.24,6.32,0.808,121.51,1
82.36,7.89,-0.063,28.85,66.13,2.69,0.645,87.42,0
117.8,17.53,0.195,24.5,66.34,3.59,0.91,91.74,1
39.45,3.95,-0.019,37.51,60.29,0.72,0.403,48.17,0
108.32,6.56,0.146,22.88,97.38,4.08,0.719,105.13,1
44.97,1.28,-0.057,44.15,62.48,1.62,0.55,45.08,0
117.5,21.66,0.101,25.0,77.69,4.28,0.875,126.55,1
44.97,2.86,-0.01,36.1,62.88,1.07,0.471,49.04,0
44.23,3.37,-0.065,41.4,56.97,1.46,0.493,41.04,0
58.45,4.66,-0.055,48.18,69.15,1.97,0.747,48.16,0
61.37,7.14,-0.047,38.55,68.29,2.76,0.691,66.08,0
86.57,4.15,-0.097,30.67,60.67,1.32,0.82,89.29,0
103.44,13.88,0.115,23.14,75.55,3.55,0.782,79.96,1
60.96,6.76,0.09,44.46,69.27,3.64,0.856,71.16,0
50.95,4.36,-0.141,34.93,63.1,2.32,0.515,50.38,0
79.39,6.77,0.068,30.49,64.32,2.61,0.735,73.1,0
63.15,16.33,0.053,37.39,76.01,11.16,0.693,69.04,1
90.73,8.7,0.135,27.52,93.68,3.26,0.788,91.57,1
85.74,8.2,0.117,33.07,96.42,5.16,0.858,90.34,1
105.77,12.07,0.044,21.52,90.7,3.78,0.716,132.01,1
81.91,4.88,-0.085,26.09,68.54,3.01,0.658,77.84,0
58.83,2.31,0.006,32.0,53.7,1.92,0.553,58.55,0
89.07,6.19,-0.007,29.7,59.4,2.06,0.74,87.11,0
94.08,19.94,0.207,31.15,79.01,10.52,0.846,85.85,1
150.63,18.13,0.293,21.16,92.83,7.68,0.946,150.99,1
62.66,6.11,0.006,51.39,73.95,2.67,0.862,69.59,0
57.69,2.05,-0.05,26.58,52.25,2.3,0.475,53.01,0
55.65,3.48,-0.013,28.63,48.19,1.02,0.437,60.13,0
62.67,4.6,-0.019,36.83,71.14,2.1,0.66,52.5,0
83.27,13.02,0.116,30.03,68.67,6.66,0.809,79.2,1
56.81,1.19,-0.01,29.19,56.6,0.88,0.511,56.78,0
135.72,13.73,0.186,24.98,67.45,6.9,0.927,171.73,1
62.7,5.82,0.001,32.81,63.76,1.78,0.623,63.25,0
113.35,20.74,0.28,28.21,78.66,6.3,0.872,135.52,1
98.91,18.83,0.055,22.04,72.42,6.72,0.693,107.26,1
83.01,9.24,0.166,32.13,70.35,11.33,0.764,85.06,1
100.67,17.83,0.222,26.71,68.71,4.39,0.812,122.93,1
75.83,10.2,0.166,42.86,73.87,6.99,0.87,70.15,1
76.13,15.19,0.102,39.41,81.93,4.85,0.808,47.38,1
119.46,12.42,0.206,22.22,71.44,5.5,0.852,111.86,1
105.44,13.19,0.101,27.53,81.68,6.44,0.88,116.46,1
154.47,24.08,0.245,21.17,98.73,10.49,0.968,206.62,1
85.78,5.29,0.046,27.49,97.85,5.17,0.746,77.21,0
76.37,14.86,0.152,39.06,72.96,8.99,0.854,79.25,1
156.52,18.71,0.161,19.82,69.32,6.85,0.888,183.64,1
61.57,5.52,-0.095,40.65,74.13,3.62,0.786,54.02,0
55.63,2.39,0.007,24.01,49.52,2.22,0.425,49.48,0
90.27,8.49,0.066,29.54,79.59,3.63,0.829,99.08,0
71.96,9.42,-0.049,47.31,80.71,2.88,0.932,89.57,0
68.26,13.66,0.116,32.76,79.14,9.43,0.695,89.86,1
89.59,4.44,0.033,34.1,72.41,5.13,0.862,82.36,1
95.08,10.05,0.235,31.74,74.69,4.18,0.83,85.48,1
98.11,9.22,-0.026,32.15,68.47,2.14,0.925,88.76,0
50.14,4.37,-0.138,32.95,56.48,2.18,0.457,49.28,0
108.47,14.79,0.185,28.34,74.28,5.55,0.837,116.98,1
67.84,12.74,0.084,34.22,84.22,10.62,0.753,70.12,1
88.13,7.36,0.063,25.92,64.94,1.67,0.683,80.06,0
113.95,8.8,0.238,24.42,80.21,6.08,0.768,121.19,1
98.24,11.5,0.127,33.19,75.5,6.87,0.911,103.17,1
72.62,6.67,0.053,29.96,74.93,1.93,0.61,74.14,0
58.84,4.05,-0.134,26.16,55.04,1.71,0.441,58.33,0
134.03,18.82,0.202,22.61,87.93,8.72,0.881,146.14,1
54.01,5.07,0.008,48.05,70.33,2.33,0.777,55.64,0
50.84,7.41,0.01,50.65,65.05,1.62,0.776,53.69,0
68.0,6.77,0.046,36.73,64.53,3.06,0.763,62.9,0
77.64,12.49,0.137,35.11,92.86,3.21,0.725,87.58,1
100.15,8.03,0.115,25.27,72.2,5.73,0.789,90.81,1
103.35,13.69,0.187,33.44,74.79,4.36,0.914,101.78,1
36.45,4.24,-0.148,50.79,56.05,2.19,0.516,36.05,0
120.85,14.2,0.115,25.38,79.08,6.97,0.865,106.23,1
78.34,6.91,0.06,28.92,67.09,1.81,0.659,77.48,0
78.32,4.74,-0.005,32.27,55.85,1.95,0.806,83.37,0
79.84,8.62,0.096,39.62,65.75,2.48,0.842,69.84,0
79.4,3.6,-0.037,25.89,74.49,2.0,0.632,74.81,0
141.72,12.22,0.218,24.24,68.68,4.95,0.909,164.02,1
129.58,17.58,0.257,24.11,70.93,6.72,0.877,116.15,1
52.6,3.61,0.004,47.88,70.86,2.39,0.776,47.92,0
140.49,12.93,0.21,21.0,75.32,5.5,0.872,142.06,1
105.5,11.87,0.076,24.05,87.34,10.9,0.773,105.53,1
142.76,24.05,0.21,24.86,78.92,3.41,0.959,100.1,1
57.98,4.83,0.051,47.95,61.21,2.27,0.815,68.65,0
110.86,17.91,0.217,25.68,74.09,5.97,0.801,114.9,1
53.6,4.72,-0.064,45.1,58.37,2.83,0.712,62.02,0
82.9,12.19,0.161,25.76,77.78,7.48,0.691,69.96,1
35.87,1.67,-0.093,47.08,61.53,1.75,0.492,31.8,0
99.72,14.04,0.132,26.13,69.94,6.41,0.847,117.85,1
51.41,7.35,0.004,40.25,67.03,2.24,0.636,50.62,0
61.74,7.72,-0.07,33.15,56.95,1.55,0.631,73.01,0
104.93,14.72,0.21,29.81,76.37,5.23,0.848,122.66,1
123.78,14.05,0.146,25.7,83.52,3.71,0.915,121.53,1
80.89,14.78,0.159,40.4,82.55,4.84,0.875,96.96,1
121.53,23.66,0.16,26.46,84.36,6.65,0.948,123.24,1
63.8,6.06,0.027,39.34,71.97,1.36,0.719,60.21,0
60.51,7.64,-0.032,55.72,81.14,2.62,0.928,60.15,1
83.66,6.69,0.048,40.1,81.5,4.31,0.932,94.37,1
36.62,1.62,-0.104,42.95,49.29,1.63,0.512,38.45,0
108.3,14.67,0.169,28.4,83.86,7.13,0.847,98.63,1
79.46,12.52,0.118,37.45,83.69,3.05,0.841,77.18,1
88.59,11.69,0.147,33.06,79.88,3.92,0.885,88.81,1
67.97,10.73,0.085,35.91,92.43,3.06,0.737,73.76,1
109.73,14.84,0.183,26.03,70.13,6.26,0.908,113.75,1
35.6,3.0,-0.178,50.93,53.3,0.76,0.501,30.0,0
44.75,2.78,-0.105,30.75,55.82,1.86,0.371,42.18,0
78.29,8.45,0.1,32.75,71.74,6.09,0.832,81.19,1
84.29,6.39,0.074,30.93,68.86,1.64,0.81,81.6,1
49.27,3.73,-0.165,31.51,49.01,2.17,0.503,38.57,0
75.6,6.52,0.036,36.87,80.86,3.34,0.833,82.34,1
70.39,9.06,0.16,46.45,68.6,3.75,0.915,65.92,1
79.42,7.48,0.004,32.62,64.02,2.41,0.689,72.37,0
78.03,14.6,0.089,34.39,86.97,2.53,0.763,75.68,1
106.21,11.53,0.228,29.82,78.21,6.32,0.876,77.44,1
55.03,5.02,-0.001,47.51,58.1,3.32,0.809,58.86,0
112.64,14.73,0.124,23.4,73.64,10.07,0.749,119.1,1
78.49,14.83,0.229,40.57,79.65,4.66,0.918,99.2,1
95.75,13.12,0.093,26.1,76.91,6.69,0.783,105.41,1
104.53,12.85,0.089,24.9,82.19,3.54,0.83,96.43,1
55.23,3.1,-0.048,31.55,53.1,1.17,0.536,52.36,0
107.88,5.86,0.059,22.48,84.46,2.77,0.764,102.87,1
71.11,5.98,-0.061,30.6,55.12,2.89,0.711,68.03,0
115.46,13.15,0.101,27.7,81.13,6.43,0.922,152.48,1
108.79,18.21,0.169,23.18,84.89,8.46,0.753,123.28,1
95.0,9.77,0.104,30.14,75.78,4.69,0.801,99.57,1
71.71,5.03,-0.062,38.58,68.48,3.4,0.733,75.38,0
59.95,6.78,-0.042,40.99,73.95,2.49,0.686,59.11,0
71.99,6.82,-0.043,34.0,65.98,2.07,0.793,73.25,0
76.89,7.31,-0.017,41.41,70.58,4.92,0.849,76.8,0
79.59,3.1,-0.021,31.1,73.7,3.29,0.693,86.44,0
87.94,7.32,0.077,32.28,81.0,4.71,0.825,97.1,1
84.41,7.14,-0.025,30.0,58.77,2.51,0.785,96.26,0
146.88,22.62,0.202,24.09,94.94,9.07,0.962,122.73,1
43.88,4.05,-0.05,38.75,63.11,1.69,0.464,44.05,0
126.32,24.36,0.11,25.25,75.13,5.99,0.966,178.76,1
