station_avg_cycle_time,station_temperature_mean,station_vibration_mean,station_utilization,station_current_cycle_time,vehicle_avg_cycle_time,vehicle_cycle_time_deviation,vehicle_quality_event_count,defect
84.94,50.72,1.43,0.484,91.16,78.27,-24.1,1,0
154.09,75.6,2.58,0.675,156.73,159.93,26.44,2,1
127.84,73.17,3.83,0.534,146.45,145.58,-9.56,0,0
111.84,56.15,1.59,0.658,128.11,105.93,-11.81,0,0
58.72,63.46,2.52,0.447,74.23,68.5,-8.3,4,0
58.72,54.47,2.08,0.602,67.11,81.09,39.11,0,0
46.97,45.0,1.47,0.3,42.44,62.62,34.55,4,1
143.94,77.63,3.83,0.769,142.54,139.9,-10.56,1,1
112.13,63.23,1.64,0.722,99.34,120.82,24.3,0,0
124.97,68.64,8.78,0.759,134.17,128.36,-36.57,0,1
42.47,49.09,2.64,0.562,48.73,35.88,19.58,1,0
156.39,70.26,2.85,0.841,157.01,160.66,24.86,0,1
139.89,79.32,2.88,0.871,152.67,135.16,33.51,4,1
65.48,49.56,0.9,0.41,57.68,66.72,-2.51,2,0
61.82,45.0,2.17,0.467,69.56,48.04,14.06,1,0
62.01,52.16,1.5,0.3,45.42,44.38,-21.2,4,0
76.51,45.0,0.89,0.312,58.09,73.64,-8.75,0,0
102.97,51.0,1.58,0.485,97.78,106.15,-5.55,3,0
91.83,63.52,2.96,0.396,97.7,80.55,-1.06,3,0
74.95,45.0,2.17,0.409,57.22,80.21,11.56,1,0
113.42,45.0,2.05,0.491,123.84,113.85,9.08,0,0
56.74,51.87,3.9,0.3,31.03,63.24,17.62,1,0
75.06,57.35,1.61,0.669,73.47,84.51,3.67,5,0
83.96,50.95,2.38,0.335,61.71,97.4,28.32,0,0
94.73,59.97,1.56,0.659,64.58,100.76,7.02,0,0
134.22,66.84,3.0,0.544,137.49,131.27,0.07,1,0
63.96,51.74,2.22,0.637,62.56,65.85,2.44,2,0
101.71,75.65,2.7,0.742,87.79,125.0,-22.08,0,0
111.09,54.7,1.83,0.675,106.39,120.94,0.53,3,0
45.57,53.59,3.65,0.486,48.59,46.29,-16.18,4,0
112.91,63.45,1.85,0.421,104.9,111.4,19.95,0,1
60.46,51.64,1.75,0.655,59.19,54.48,-6.82,6,0
47.81,45.87,4.6,0.575,42.52,35.93,3.76,0,0
153.87,84.19,3.9,0.9,152.87,170.95,-40.0,0,1
155.88,68.23,3.83,0.811,152.96,160.66,-6.27,0,0
137.01,63.53,4.24,0.629,130.09,124.32,-10.15,1,0
76.55,65.87,2.09,0.667,68.86,75.3,12.73,5,1
51.72,48.3,1.07,0.352,34.55,64.43,0.82,0,0
122.11,54.02,3.17,0.671,118.98,117.64,16.77,1,0
92.82,67.61,3.96,0.398,81.11,84.67,2.11,0,0
54.64,51.3,0.97,0.613,42.04,58.21,15.85,0,0
99.42,54.46,1.65,0.435,105.3,106.0,10.49,7,1
44.13,47.47,1.41,0.302,52.97,39.67,-20.35,2,0
149.12,77.01,5.07,0.751,152.13,143.12,-0.12,2,1
71.05,70.86,2.87,0.599,71.83,75.66,-0.31,2,0
119.5,54.96,5.0,0.686,112.92,108.25,-40.0,0,1
77.41,59.02,9.87,0.405,86.31,72.02,-13.84,0,1
102.41,61.75,3.78,0.388,119.02,101.2,45.06,0,0
105.61,63.87,3.28,0.7,105.63,113.0,-4.93,8,1
62.18,62.85,2.32,0.661,57.14,57.91,-4.42,2,0
156.35,83.32,2.9,0.873,165.91,161.98,-34.43,1,1
133.02,58.36,2.58,0.663,135.83,144.68,-22.85,1,1
152.74,89.15,3.82,0.9,152.73,147.68,8.71,4,1
147.38,59.85,2.04,0.686,154.76,179.61,-4.68,0,0
111.75,55.95,2.9,0.625,123.51,125.94,-14.08,0,0
150.62,70.33,2.95,0.723,143.65,153.35,19.87,0,0
50.62,62.84,3.66,0.411,77.34,48.8,0.74,4,0
63.52,53.39,1.76,0.581,44.74,57.96,-32.81,2,0
45.43,48.77,0.97,0.427,31.75,62.04,-6.11,1,0
79.04,64.48,2.6,0.444,78.72,81.14,-14.83,0,0
86.64,53.47,5.53,0.443,110.47,72.25,-2.78,0,0
72.56,45.0,2.93,0.313,60.07,55.44,-7.35,0,0
139.45,67.79,2.21,0.732,129.29,140.57,-16.66,4,1
82.81,64.03,2.39,0.42,85.81,84.15,-28.5,4,1
73.71,52.06,4.87,0.36,65.94,64.54,6.17,1,0
105.12,77.21,2.63,0.657,114.24,89.98,20.15,0,0
56.91,58.28,1.74,0.523,54.53,37.28,-5.7,4,0
136.26,67.17,2.29,0.79,129.77,128.67,7.92,1,0
48.95,49.91,2.06,0.428,73.7,45.32,5.74,0,0
158.43,72.11,2.92,0.913,129.23,165.34,-40.0,0,1
132.67,68.04,2.01,0.853,159.56,131.37,29.58,1,1
63.85,87.29,4.53,0.594,74.93,74.49,3.76,5,0
40.66,56.14,1.32,0.456,30.0,46.71,-2.61,1,0
137.86,73.58,3.61,0.615,160.63,142.99,9.47,0,0
124.82,67.05,2.88,0.848,113.32,134.62,-9.02,0,1
127.48,75.91,3.38,0.572,139.02,113.61,8.33,0,1
132.55,73.05,2.29,0.559,106.74,127.19,-10.01,4,1
48.89,62.09,3.05,0.404,31.21,72.9,13.9,0,0
83.02,65.58,2.58,0.352,64.27,63.95,-1.49,0,0
53.9,45.06,1.3,0.633,45.56,50.93,17.0,1,0
143.57,63.92,3.0,0.746,146.63,148.33,28.66,0,0
114.8,57.87,2.67,0.647,105.83,96.03,-33.49,0,0
79.71,51.38,0.91,0.581,54.9,72.18,10.58,1,0
47.63,51.45,1.09,0.422,49.62,67.59,12.75,2,0
77.32,47.25,1.04,0.325,72.4,79.02,6.33,0,0
79.02,71.91,3.81,0.562,83.17,73.28,19.89,5,1
127.55,82.69,4.05,0.749,132.6,129.66,-2.24,1,1
116.51,63.84,3.76,0.596,127.88,110.74,16.53,4,1
146.47,87.71,5.09,0.822,150.01,163.59,-17.27,1,1
96.67,67.94,4.75,0.461,106.03,86.76,-20.73,1,0
54.35,45.0,1.21,0.332,39.67,49.12,2.23,5,0
125.59,49.31,1.39,0.521,115.39,110.67,-6.35,2,0
131.29,65.24,4.38,0.623,148.26,128.34,8.43,0,0
107.35,61.61,1.9,0.741,126.44,105.61,-4.81,1,0
132.52,73.04,3.11,0.809,143.58,144.47,12.57,0,1
99.26,60.29,1.74,0.531,87.2,89.09,-13.7,0,0
102.73,62.95,5.25,0.624,91.57,107.56,-6.42,3,0
91.3,64.92,2.48,0.642,108.09,92.17,-0.37,2,0
43.05,45.0,0.86,0.306,52.43,30.0,-9.74,0,0
52.95,49.97,2.56,0.306,46.31,45.69,-7.05,0,0
43.77,49.99,1.22,0.6,71.88,36.12,35.39,1,1
116.37,67.26,6.15,0.676,123.4,133.2,-5.0,0,1
77.72,67.5,2.54,0.706,66.55,83.18,-7.87,0,0
101.03,51.04,2.5,0.518,96.08,102.48,-7.24,0,0
148.91,72.07,2.76,0.808,153.13,105.95,-9.36,2,1
69.92,50.63,3.31,0.379,66.53,50.83,20.43,0,0
89.25,52.59,4.36,0.452,101.29,96.52,-18.49,0,0
130.67,74.32,4.59,0.677,120.73,138.49,-6.51,3,1
67.46,46.83,3.44,0.41,47.68,60.03,-25.07,3,1
49.24,45.0,0.66,0.3,50.47,49.51,10.82,1,0
74.77,47.98,4.55,0.409,64.88,74.34,-2.54,0,0
59.35,55.55,2.6,0.3,82.43,61.04,32.82,1,0
151.56,71.2,5.12,0.816,167.21,147.84,21.05,2,1
136.97,72.46,3.88,0.688,132.43,145.13,-0.81,0,0
116.01,74.37,2.6,0.466,127.88,127.07,19.33,1,0
144.58,67.22,3.24,0.582,152.99,134.98,19.25,2,1
136.44,73.01,2.32,0.53,142.65,124.5,-13.32,3,1
62.39,65.36,3.51,0.512,59.17,54.43,12.3,0,0
147.11,74.73,3.07,0.559,151.33,147.59,7.46,0,0
104.72,64.49,1.92,0.696,81.4,108.28,-2.85,0,0
136.89,69.0,7.75,0.499,150.68,144.78,-0.44,5,1
147.53,60.18,4.88,0.622,106.75,157.25,-35.77,0,1
78.16,54.53,4.43,0.671,74.27,81.78,-20.56,2,0
53.21,48.42,3.04,0.527,32.6,55.5,-40.0,7,1
67.35,65.07,3.47,0.311,55.57,83.84,-18.66,5,1
91.25,56.56,2.79,0.682,92.01,91.3,44.28,0,1
138.16,63.72,1.79,0.692,125.63,144.06,8.54,3,0
143.29,66.9,5.28,0.849,114.97,146.49,-8.43,2,1
40.83,52.61,4.15,0.443,40.18,39.1,16.97,3,0
101.29,64.11,3.71,0.657,127.46,99.62,8.4,0,0
90.09,71.31,6.01,0.748,88.83,103.31,-7.69,2,1
66.65,55.52,2.34,0.373,73.62,65.75,-1.74,1,0
54.38,45.0,1.39,0.493,70.29,50.86,-5.29,1,0
80.51,50.57,5.99,0.506,55.83,73.14,-24.11,2,1
153.15,77.91,3.41,0.555,146.77,157.37,-3.48,0,0
78.78,49.95,2.33,0.322,57.91,73.66,-9.28,0,0
102.25,66.01,2.46,0.434,89.27,105.57,17.38,1,0
124.36,66.92,3.33,0.713,147.04,126.14,29.78,0,1
83.64,51.22,2.78,0.558,85.48,79.36,-25.82,0,0
156.61,72.15,3.6,0.771,169.5,142.66,1.14,8,1
155.49,62.03,2.61,0.559,154.15,145.2,-20.57,0,1
70.21,50.03,1.34,0.478,53.25,61.5,-40.0,0,0
99.67,66.58,3.34,0.749,110.78,89.63,7.13,0,1
76.11,58.18,4.88,0.467,88.48,80.66,16.58,1,0
74.18,45.31,0.53,0.553,77.04,95.47,2.71,3,0
44.43,51.17,1.09,0.525,48.8,39.32,10.05,0,0
113.15,62.69,1.75,0.733,100.99,109.3,-12.1,1,0
100.32,56.73,5.05,0.589,108.58,94.48,-14.37,0,0
46.18,53.4,2.63,0.562,61.56,54.75,1.09,2,0
73.44,50.08,5.35,0.457,75.43,77.7,25.63,1,0
148.99,85.59,4.25,0.882,133.08,148.83,-1.21,2,0
68.75,59.69,2.31,0.382,84.02,56.62,-19.74,3,1
57.39,57.49,3.61,0.364,41.33,47.71,-5.69,4,0
98.73,52.78,1.23,0.397,99.34,100.49,23.23,8,1
158.28,70.33,2.74,0.873,175.18,160.51,22.15,1,1
69.05,53.78,1.97,0.454,79.08,68.89,28.18,1,0
120.66,61.89,2.04,0.534,97.73,127.31,-38.26,0,1
131.39,61.12,2.16,0.567,132.14,119.17,2.64,0,1
68.52,49.7,0.9,0.646,70.05,71.55,-5.5,1,0
127.39,70.21,2.34,0.796,148.57,129.87,21.3,2,1
84.13,55.14,1.72,0.554,88.71,74.55,-12.99,0,0
115.88,70.55,4.42,0.674,134.74,109.83,-6.17,0,0
116.02,69.0,2.24,0.618,122.86,122.95,3.36,2,1
104.29,68.59,2.55,0.55,102.39,92.91,-17.54,0,0
50.83,45.28,0.62,0.599,53.13,75.47,5.82,1,0
140.24,69.12,3.17,0.551,157.54,145.79,-28.05,1,1
78.49,50.25,2.23,0.483,60.59,77.92,12.21,4,0
62.38,45.0,3.51,0.405,69.35,59.86,-40.0,0,1
44.89,45.58,3.1,0.414,33.64,52.78,10.66,0,0
110.91,70.51,2.53,0.596,100.71,106.79,-15.55,0,0
121.31,63.38,1.82,0.651,134.62,117.6,-19.44,0,0
41.99,56.26,1.43,0.3,30.0,56.52,-2.94,0,0
101.45,65.3,6.93,0.59,105.77,96.74,18.1,2,0
67.18,48.28,2.37,0.379,56.88,68.54,15.7,1,0
117.42,69.88,2.06,0.506,87.26,109.82,5.18,2,0
60.92,51.26,1.1,0.3,60.66,63.51,-15.59,1,0
122.91,62.25,2.53,0.754,127.5,128.72,5.98,1,0
86.41,70.23,2.36,0.51,61.69,103.24,-40.0,4,1
152.41,75.87,4.79,0.788,147.78,143.03,-0.89,3,1
56.5,53.62,2.29,0.541,33.63,42.02,-5.35,0,0
80.93,52.51,2.37,0.595,89.6,78.26,-2.42,1,0
53.62,58.53,2.24,0.429,66.85,47.45,-26.42,0,0
150.96,74.97,2.74,0.688,162.92,150.81,-4.71,2,1
145.28,74.35,3.6,0.666,158.47,150.5,40.93,0,1
70.95,52.31,2.83,0.549,63.72,93.6,3.42,1,0
119.2,71.11,2.76,0.636,126.47,114.68,-5.09,0,0
138.07,79.44,3.62,0.834,142.63,115.96,-0.58,0,1
106.62,61.56,4.24,0.75,111.84,104.24,9.53,0,1
103.56,48.59,0.96,0.459,112.23,107.06,-23.55,8,1
69.02,54.46,2.25,0.342,77.96,59.33,-22.48,0,0
51.17,45.0,1.14,0.486,44.21,53.51,-16.73,3,0
147.67,70.8,3.87,0.643,131.64,149.04,-17.21,3,1
148.05,63.87,1.66,0.532,144.43,150.65,30.48,0,0
115.97,77.01,4.09,0.783,117.01,123.89,1.79,0,0
80.68,51.17,1.03,0.413,80.35,79.86,-9.47,3,0
81.91,68.97,2.04,0.697,93.85,87.38,6.99,2,0
127.11,65.68,3.67,0.748,107.11,109.13,-40.0,0,0
147.65,81.35,4.21,0.828,144.16,138.03,-18.02,5,1
146.45,82.89,6.15,0.6,134.88,143.04,-19.26,0,1
133.59,58.42,2.41,0.574,148.08,123.53,-11.12,0,0
117.04,67.09,2.96,0.64,115.34,117.11,21.37,0,0
50.1,65.76,3.59,0.3,37.94,46.66,5.8,2,0
59.4,50.38,1.41,0.38,61.46,54.84,-20.76,0,0
147.83,70.41,2.08,0.652,141.75,156.66,-25.84,3,1
112.77,65.99,2.15,0.482,110.23,113.61,-23.94,0,0
41.1,45.45,0.93,0.3,56.87,30.27,4.52,0,0
52.18,45.0,1.11,0.552,72.65,46.14,13.84,3,0
119.62,70.01,6.31,0.506,112.85,127.15,4.1,3,1
40.61,45.0,2.95,0.3,32.42,42.6,-22.35,0,0
59.3,50.22,4.94,0.51,50.06,71.26,-7.83,1,0
105.85,75.53,12.0,0.788,86.5,114.31,-10.68,2,1
123.03,62.0,2.37,0.582,135.09,119.14,27.58,2,1
118.24,56.43,1.57,0.482,144.93,132.59,27.29,1,0
66.91,60.41,2.66,0.509,59.77,82.09,-29.41,3,0
125.46,64.83,4.88,0.819,120.04,107.61,-36.62,3,1
68.47,48.19,1.63,0.599,65.18,68.79,-3.64,3,0
79.05,59.43,2.42,0.566,79.39,73.55,-11.3,0,0
129.58,64.53,1.89,0.595,115.85,126.97,-24.16,0,0
117.96,56.75,2.02,0.651,113.47,109.79,-15.86,0,0
141.91,70.8,2.78,0.542,152.93,132.49,15.94,3,1
118.91,70.3,2.67,0.708,122.61,127.93,-25.22,0,0
108.2,62.58,4.83,0.695,125.33,96.52,41.84,0,1
51.24,52.64,1.05,0.62,56.01,52.17,-10.53,4,0
84.13,58.33,6.67,0.437,67.79,70.63,3.22,0,0
71.82,58.18,1.3,0.303,58.97,84.52,-18.47,0,0
69.28,52.56,5.32,0.506,70.38,69.58,-26.78,4,1
156.76,80.42,3.82,0.833,147.95,164.21,-7.03,0,0
87.17,64.97,3.52,0.658,73.3,89.12,-29.51,4,1
147.05,74.68,2.59,0.599,132.71,144.51,-4.52,0,0
115.74,62.43,3.14,0.532,120.56,116.42,1.96,0,0
135.38,62.7,4.77,0.691,132.81,150.45,-13.79,0,0
100.32,56.14,1.39,0.513,112.77,91.34,8.95,4,1
109.23,69.08,2.15,0.752,101.51,83.73,14.84,2,1
99.1,73.26,2.74,0.567,68.95,91.23,-17.06,0,0
63.43,52.38,1.21,0.59,61.66,51.34,-14.0,2,0
126.69,73.45,2.38,0.692,148.31,136.37,18.01,0,0
73.69,55.52,2.83,0.61,74.31,71.94,8.26,1,0
42.92,47.26,1.0,0.342,30.0,51.19,-11.59,0,0
117.46,78.85,4.18,0.765,101.26,117.78,16.63,3,1
61.25,55.38,4.09,0.374,71.1,61.34,-0.47,1,0
152.86,64.66,3.26,0.757,146.31,154.49,23.51,4,1
154.47,66.39,1.97,0.629,173.55,169.27,-2.24,1,1
149.78,80.75,3.92,0.72,160.02,151.65,20.43,1,1
84.42,56.67,1.95,0.461,72.39,95.51,-9.97,2,0
41.85,45.0,1.13,0.312,50.11,52.31,8.96,2,0
151.4,71.5,2.67,0.921,146.73,149.77,-38.8,0,1
91.38,60.59,5.41,0.418,70.38,90.64,28.53,1,1
156.0,83.43,4.84,0.863,150.86,152.22,3.13,2,1
155.63,78.48,2.72,0.941,171.67,168.47,26.32,0,1
142.36,83.06,3.75,0.515,154.32,132.95,-18.82,0,1
75.33,63.21,2.17,0.586,70.29,68.1,0.57,0,0
86.21,53.72,6.74,0.44,60.59,83.45,-16.04,2,1
142.14,60.18,7.14,0.523,121.91,130.65,-29.15,0,0
78.03,48.26,1.27,0.475,62.72,72.12,15.48,0,0
60.34,58.78,1.98,0.635,45.51,71.7,-4.78,0,0
106.82,54.23,2.43,0.405,106.1,113.33,-1.33,0,0
152.34,85.37,3.9,0.772,179.04,148.13,24.6,0,1
123.52,76.57,2.75,0.651,134.1,131.55,-10.1,3,1
108.41,71.06,3.68,0.755,97.96,129.23,-2.32,0,0
51.66,45.0,1.11,0.3,37.33,54.79,-5.54,1,0
113.8,61.21,3.06,0.694,109.69,128.0,0.36,3,0
158.81,84.82,3.62,0.828,168.05,167.32,23.11,6,1
56.81,49.03,2.55,0.518,74.03,53.87,0.97,2,0
102.2,73.77,3.88,0.764,99.86,104.17,-10.71,5,1
145.28,77.74,3.53,0.845,168.65,150.55,0.62,1,1
128.89,63.28,3.43,0.483,151.81,121.44,-0.35,2,0
123.64,61.11,2.39,0.639,120.23,97.55,18.14,5,1
124.3,64.79,1.87,0.612,120.03,115.96,-3.41,0,0
83.14,56.64,1.5,0.453,75.88,61.56,14.78,0,0
75.23,62.17,1.95,0.486,73.71,67.72,4.12,2,0
137.12,61.99,1.62,0.645,133.73,120.05,-17.43,0,1
137.21,66.86,3.68,0.665,149.12,146.01,-21.17,0,0
144.05,76.02,3.05,0.904,131.54,132.22,-32.39,3,1
149.59,72.68,2.31,0.564,142.46,155.03,-19.6,0,0
101.36,59.17,3.92,0.753,108.37,109.03,21.86,0,0
100.18,51.63,2.62,0.573,110.08,107.2,28.36,4,1
135.8,75.01,3.2,0.737,164.88,117.11,16.21,0,1
118.0,57.73,1.69,0.766,105.85,129.22,10.61,4,1
124.24,74.05,2.49,0.597,116.35,128.44,-13.93,1,0
135.5,67.2,2.75,0.659,109.47,143.54,-24.31,4,1
146.8,59.79,4.64,0.684,135.17,165.1,8.06,3,0
80.56,52.01,1.23,0.472,56.76,88.5,-8.91,0,0
85.07,64.55,2.93,0.705,80.92,73.24,11.13,4,1
51.28,49.6,5.67,0.565,47.85,57.81,-0.79,1,0
109.39,59.34,2.88,0.452,112.06,94.36,-5.42,1,0
44.31,50.83,1.72,0.3,34.73,43.68,-8.67,1,0
95.87,57.93,3.17,0.539,100.29,90.84,7.74,0,0
105.12,51.58,3.51,0.435,103.18,105.22,3.35,3,0
74.38,54.33,2.4,0.551,61.0,59.29,-23.47,0,0
110.9,69.79,5.07,0.47,88.07,96.96,-13.61,0,0
43.66,60.34,2.5,0.42,47.06,39.17,-25.67,2,0
44.48,45.0,3.16,0.3,58.24,42.26,0.59,0,0
138.71,75.51,6.89,0.623,169.59,134.45,-1.13,1,1
83.22,60.75,2.49,0.601,94.46,97.73,-40.0,1,0
55.25,57.24,2.63,0.439,69.52,59.48,46.92,1,0
102.67,62.53,2.96,0.779,111.79,106.63,-9.34,0,0
132.4,59.65,3.66,0.827,140.56,128.58,-12.86,4,1
65.9,56.01,3.76,0.421,63.66,51.98,28.09,1,0
114.75,53.19,1.03,0.442,110.33,114.71,-23.31,0,0
50.24,45.0,2.48,0.569,56.91,68.31,-22.79,0,0
46.2,45.0,2.8,0.583,39.62,48.45,-6.99,1,0
103.76,69.26,3.76,0.72,104.38,114.89,-8.6,1,1
104.88,59.35,3.24,0.446,87.66,117.27,-20.12,5,1
116.49,75.17,2.37,0.829,126.76,122.09,-11.38,0,0
127.13,69.37,2.84,0.565,114.92,129.33,-9.5,4,0
157.1,73.14,4.75,0.841,162.33,147.22,32.07,2,1
101.96,65.03,5.78,0.749,110.94,99.87,-24.5,1,1
78.75,50.0,1.19,0.411,82.0,75.15,16.75,3,0
135.42,71.58,3.39,0.85,149.67,138.72,34.73,3,1
72.5,46.14,3.02,0.421,66.37,58.36,-14.34,2,0
92.68,66.85,3.9,0.749,101.48,87.3,11.18,0,0
49.41,54.96,2.54,0.341,38.39,53.45,-7.71,0,0
43.04,47.0,0.65,0.591,30.0,36.02,-37.47,1,0
155.52,78.0,4.41,0.568,161.24,146.36,24.8,0,1
140.32,72.96,4.4,0.785,147.59,132.4,4.27,1,1
123.52,68.3,3.82,0.663,136.94,120.79,-2.66,1,0
89.07,46.42,2.76,0.538,87.54,65.27,-28.16,1,0
60.8,45.0,1.35,0.352,36.59,53.33,-2.72,1,0
58.77,54.79,8.7,0.539,56.44,68.3,1.57,0,0
70.03,56.69,3.41,0.366,76.0,73.27,13.89,0,0
105.91,58.16,2.59,0.619,112.0,110.11,13.04,1,0
125.75,76.02,6.44,0.559,123.16,107.47,-15.93,1,1
119.22,75.03,5.88,0.82,103.66,115.08,-40.0,0,1
73.59,45.0,3.03,0.312,55.52,72.43,-11.01,0,0
154.58,70.49,3.27,0.624,160.78,159.23,-0.09,0,0
128.55,82.18,3.85,0.563,107.82,139.66,-7.42,1,0
106.52,52.91,1.57,0.565,102.01,116.07,25.06,1,1
113.41,65.04,2.14,0.513,112.13,107.55,-1.51,0,0
90.35,56.48,2.27,0.548,103.1,84.73,18.84,1,0
69.73,62.86,2.87,0.638,77.86,83.85,10.86,1,1
82.72,68.1,2.31,0.613,94.53,79.12,-19.02,1,0
130.94,66.06,5.6,0.705,136.66,120.12,-20.36,4,1
41.73,53.09,2.21,0.3,30.0,39.66,14.9,0,0
53.93,68.12,3.01,0.519,44.95,67.42,-20.32,0,0
45.52,46.29,1.44,0.3,30.0,36.47,-1.12,2,0
44.89,56.96,1.31,0.529,50.56,40.6,-15.59,5,0
142.66,63.96,4.85,0.608,134.49,134.02,9.35,1,0
124.44,65.8,2.32,0.62,120.11,134.0,2.29,0,1
96.9,57.57,2.8,0.511,95.39,99.78,-6.12,5,0
51.74,59.31,2.76,0.579,71.01,61.0,21.63,1,0
98.99,65.47,3.05,0.428,103.43,114.64,6.89,1,0
96.82,60.17,2.53,0.597,87.48,81.7,-17.67,1,0
60.78,59.33,1.66,0.319,56.99,53.19,-1.68,0,0
92.06,71.97,2.61,0.638,112.64,87.73,22.33,2,1
87.82,68.24,3.01,0.705,97.31,88.51,24.68,1,1
113.9,59.86,3.73,0.596,94.63,118.96,-11.95,5,1
116.21,60.25,2.26,0.624,105.71,111.3,26.9,0,1
45.44,47.31,0.98,0.587,33.28,38.52,-19.48,1,0
84.95,64.47,1.81,0.543,101.11,94.52,-19.95,1,0
115.1,55.79,2.78,0.62,130.59,120.56,-17.66,4,0
100.38,66.61,2.62,0.612,93.13,103.54,-3.8,0,0
142.78,64.95,1.9,0.784,138.7,121.32,-1.82,2,0
119.04,67.12,3.51,0.48,117.18,131.11,1.33,1,0
59.55,55.23,1.46,0.587,60.19,61.39,-11.71,1,0
48.47,58.1,2.35,0.4,32.91,46.85,32.28,3,0
117.09,68.56,2.46,0.46,111.3,108.9,24.3,1,1
43.18,61.12,5.49,0.524,30.0,36.85,-27.19,2,0
110.29,72.31,2.53,0.562,124.79,101.38,5.42,1,1
152.83,69.9,2.81,0.579,131.28,132.85,-9.89,0,1
109.06,56.26,5.99,0.661,89.01,100.88,2.32,0,0
86.58,54.41,1.64,0.692,93.64,70.59,-23.91,0,0
117.19,54.14,2.6,0.787,106.09,116.59,-36.41,2,1
94.99,56.86,1.78,0.748,91.94,83.48,-23.47,0,0
105.47,66.39,1.96,0.744,109.1,112.77,28.89,2,0
152.98,64.02,3.12,0.54,159.88,136.33,-8.34,0,0
86.33,55.47,4.84,0.491,81.5,98.28,12.14,1,1
155.34,80.09,3.51,0.873,182.16,163.71,24.01,0,1
148.64,68.48,3.38,0.672,150.09,137.98,-2.51,0,1
63.49,45.95,1.97,0.511,76.01,62.55,21.15,0,0
48.32,50.06,1.61,0.467,49.02,39.78,-21.75,4,0
52.09,45.0,1.93,0.382,73.31,57.88,2.12,0,0
42.19,50.14,1.26,0.568,54.25,60.19,-33.87,0,0
51.33,59.48,2.08,0.435,48.56,63.14,0.37,4,0
121.96,63.7,2.5,0.632,130.14,115.08,-10.17,1,1
48.54,66.79,4.8,0.625,45.91,49.69,38.1,1,0
78.28,66.07,2.41,0.512,73.27,93.5,-1.45,4,0
141.39,63.04,3.09,0.576,125.25,146.63,6.68,2,1
42.79,45.0,0.86,0.414,30.0,52.89,5.35,2,0
137.74,72.26,2.57,0.819,166.84,144.25,13.16,1,1
73.82,65.95,3.33,0.612,59.62,74.59,10.76,2,0
54.18,50.14,2.96,0.558,45.47,53.49,-3.76,6,0
123.61,74.75,3.22,0.734,125.16,111.5,9.34,4,1
115.47,70.48,2.64,0.528,113.31,107.81,41.36,1,0
145.3,69.39,5.58,0.861,155.12,136.28,8.37,0,0
128.21,66.55,2.01,0.822,127.02,124.7,-10.09,6,1
136.42,71.12,3.98,0.567,141.1,137.41,-10.4,0,0
73.84,52.48,2.71,0.354,82.63,72.76,2.9,0,0
61.29,52.24,2.69,0.654,77.57,63.45,10.25,0,0
130.07,68.98,6.05,0.818,131.21,136.72,1.64,0,0
136.82,72.72,4.12,0.848,149.11,132.66,-22.33,2,1
158.86,67.15,2.37,0.911,151.33,166.24,-40.0,0,1
89.51,64.42,2.32,0.565,80.16,100.9,-22.12,0,0
84.64,55.66,1.88,0.592,70.41,88.79,-6.06,0,0
133.17,49.43,0.81,0.698,134.57,127.72,1.84,0,0
80.9,52.05,4.59,0.343,65.45,90.36,0.46,2,0
151.69,69.89,2.11,0.833,138.11,156.52,-0.26,1,0
143.01,82.55,4.56,0.711,140.6,149.2,-10.2,2,1
91.48,56.46,3.15,0.614,71.01,106.83,-28.61,2,1
130.1,60.12,4.19,0.671,147.46,137.2,18.06,0,1
130.55,71.35,3.29,0.668,125.22,146.29,1.41,2,0
52.37,45.0,2.44,0.306,58.32,50.89,-16.71,2,0
148.31,64.2,2.19,0.636,143.13,143.99,8.66,0,1
100.63,61.3,3.53,0.445,83.2,112.12,8.51,1,0
139.17,59.49,2.0,0.576,152.8,129.32,21.02,0,0
78.41,50.67,4.34,0.704,81.56,97.29,18.94,0,0
147.46,80.29,2.89,0.584,169.78,160.48,-2.35,1,1
86.7,59.76,1.95,0.448,78.06,87.58,11.01,0,0
41.3,46.85,1.65,0.44,32.76,53.31,-7.11,0,0
148.65,73.02,4.42,0.77,164.1,155.27,44.54,0,1
50.95,50.18,2.88,0.3,57.1,38.05,19.16,0,0
78.32,65.87,2.11,0.632,80.81,70.15,8.97,0,0
154.01,70.71,2.28,0.856,199.15,156.86,53.47,1,1
154.07,73.1,2.73,0.637,151.45,155.67,-10.43,0,1
108.81,57.32,2.23,0.522,92.02,121.89,1.51,3,1
115.82,67.62,3.02,0.803,107.84,118.84,36.25,4,1
93.81,63.99,2.48,0.692,92.35,81.13,13.91,2,0
75.19,57.35,2.87,0.585,93.1,69.73,11.69,0,0
79.44,57.35,2.08,0.351,72.23,86.87,-8.46,4,0
120.7,68.25,6.28,0.609,139.68,102.48,-7.94,0,0
130.28,57.85,1.72,0.695,137.39,116.17,-1.66,0,1
134.99,56.24,2.66,0.56,147.19,131.26,-8.64,2,0
134.75,65.71,3.16,0.664,140.67,144.02,-1.19,0,0
50.94,63.77,2.12,0.473,52.96,48.78,-0.98,1,0
99.33,53.16,1.79,0.509,106.54,103.94,21.4,2,0
46.91,50.41,1.51,0.533,38.77,46.96,-11.42,0,0
105.94,61.99,1.8,0.734,101.96,104.53,-12.73,0,0
92.98,53.78,2.0,0.488,94.95,86.45,16.95,6,1
146.52,76.1,3.1,0.855,174.92,154.92,26.74,2,1
82.11,62.82,1.86,0.368,58.98,69.57,-15.95,0,0
54.05,57.23,2.13,0.577,30.0,51.71,-1.21,1,0
57.16,45.0,1.32,0.313,48.25,68.62,-9.17,0,0
131.38,83.16,3.0,0.507,141.9,123.74,1.42,3,1
114.19,66.16,1.98,0.679,116.39,98.62,29.07,1,1
52.13,45.91,2.12,0.425,34.61,30.97,-11.25,3,0
50.09,63.73,3.46,0.593,50.91,56.76,-6.9,6,1
124.12,61.77,5.76,0.598,103.27,131.45,-10.1,7,1
48.73,58.98,1.48,0.341,51.1,45.29,-34.19,0,0
138.62,63.6,1.8,0.696,136.84,125.91,-3.92,5,1
124.75,76.14,2.45,0.637,124.5,123.29,4.46,0,0
49.76,49.55,1.91,0.367,50.23,61.54,35.9,0,0
50.18,60.77,2.91,0.508,50.81,37.49,1.98,0,0
158.4,90.05,3.98,0.859,157.08,168.98,7.23,1,1
84.91,53.21,3.39,0.676,98.83,67.96,13.2,1,0
84.48,71.17,3.81,0.723,96.49,73.11,46.84,2,1
137.54,57.25,7.62,0.599,116.23,138.63,7.4,5,1
153.67,67.91,2.1,0.827,155.46,163.15,-25.22,1,1
158.32,67.44,1.94,0.713,147.61,173.04,16.77,0,1
130.41,73.14,2.67,0.742,118.03,140.32,-23.2,1,1
85.15,57.65,1.29,0.526,90.09,100.67,-9.3,2,0
50.02,53.52,5.06,0.628,45.54,51.84,-25.64,1,0
133.26,71.8,2.65,0.771,134.97,127.04,33.66,4,1
107.01,71.24,3.28,0.782,102.61,118.85,19.16,0,1
90.91,66.98,2.39,0.687,97.08,104.54,25.24,2,0
148.76,83.66,3.24,0.887,162.65,158.07,25.59,0,1
53.34,66.39,2.03,0.566,78.7,59.47,25.11,1,0
99.12,60.24,1.99,0.561,96.16,113.03,-7.23,3,0
41.36,45.0,1.93,0.305,30.0,44.78,-1.97,0,0
96.24,63.15,6.93,0.517,88.53,96.03,-13.15,4,1
46.76,45.0,1.72,0.3,50.92,54.01,-13.24,1,0
54.26,46.2,1.71,0.452,42.03,59.03,-17.64,2,0
54.1,57.72,1.32,0.444,33.2,62.96,31.93,2,0
117.91,64.41,4.41,0.644,109.76,116.59,-10.95,0,0
129.53,63.93,1.7,0.858,128.29,138.62,17.4,4,1
110.0,56.94,4.77,0.775,100.5,118.58,32.64,0,1
155.46,70.44,3.19,0.611,158.29,157.59,15.47,1,1
84.98,64.3,1.93,0.483,81.69,77.48,-15.83,4,0
74.29,62.35,2.44,0.472,81.21,86.69,-9.8,0,0
144.23,70.33,9.96,0.657,140.02,132.14,0.03,1,1
66.83,70.58,2.58,0.6,73.53,57.25,43.97,0,1
155.59,73.01,2.65,0.756,152.81,157.27,24.23,0,1
41.46,47.58,0.84,0.433,30.0,30.0,3.93,0,0
156.39,59.24,2.72,0.89,155.68,171.82,-4.03,4,1
45.18,48.59,0.86,0.538,30.0,45.33,-0.76,1,0
146.94,73.85,4.41,0.574,167.87,162.33,13.87,0,0
103.32,74.83,6.06,0.676,106.54,121.36,4.9,4,1
159.16,67.85,5.9,0.732,152.24,157.61,-19.21,0,1
48.86,50.67,1.01,0.344,39.21,62.34,-20.92,2,0
106.46,65.28,2.94,0.419,73.44,95.86,-10.59,1,0
156.32,73.62,2.37,0.744,176.41,160.65,-10.83,2,1
102.77,45.0,1.77,0.53,117.42,98.04,-3.93,0,0
115.53,63.74,4.16,0.527,115.36,122.49,0.45,2,0
123.49,73.56,3.37,0.728,129.89,132.32,9.15,4,1
94.54,55.84,4.23,0.671,80.76,92.95,13.19,0,0
115.31,60.11,3.83,0.524,99.44,120.76,-30.49,0,1
110.12,50.68,1.33,0.43,86.35,119.56,-34.38,6,1
148.14,57.33,2.73,0.864,151.48,150.02,25.19,0,1
45.45,53.01,0.99,0.3,52.19,70.84,33.54,0,0
73.72,59.43,2.12,0.676,70.64,72.34,-20.33,0,0
154.05,85.62,3.34,0.793,162.09,170.61,-11.2,0,1
146.83,75.76,6.5,0.649,159.56,158.29,16.19,1,1
94.68,54.79,1.87,0.463,72.44,76.08,-10.24,0,0
114.42,58.75,2.92,0.427,133.1,129.35,10.36,0,0
73.29,56.31,3.15,0.394,83.05,84.03,-9.17,3,1
62.57,55.72,3.37,0.323,63.2,63.72,13.27,2,0
95.64,63.4,3.6,0.612,106.97,99.33,1.39,0,0
82.4,61.45,2.0,0.394,89.93,87.33,-1.1,0,0
110.04,61.47,3.23,0.622,113.98,123.79,-18.39,6,1
49.33,45.0,1.69,0.464,63.75,45.2,21.45,5,0
156.93,71.34,3.44,0.67,152.9,172.79,-8.52,6,1
158.35,70.91,2.06,0.569,163.27,147.5,1.65,5,1
123.78,53.31,1.45,0.466,136.96,106.18,28.01,1,1
104.33,47.88,4.68,0.404,68.11,110.27,-36.95,0,0
77.14,61.38,2.0,0.607,82.54,89.73,1.14,6,1
137.66,64.81,2.55,0.62,146.75,135.86,-23.5,2,1
122.17,67.79,2.18,0.765,104.97,99.53,-18.03,2,0
59.51,48.69,0.95,0.431,59.52,44.6,23.19,2,0
149.31,82.27,3.09,0.709,141.97,153.67,-31.42,1,1
138.7,78.67,3.73,0.701,145.49,138.6,7.64,1,1
153.98,66.61,5.57,0.827,157.38,166.82,30.57,0,1
127.09,61.1,2.06,0.571,115.14,127.82,3.91,0,0
113.61,66.23,2.36,0.469,124.32,106.2,-5.16,1,0
90.19,63.57,2.86,0.573,84.63,93.28,-22.79,1,0
151.93,70.66,2.7,0.667,156.5,162.08,-32.45,3,1
143.93,62.35,5.16,0.689,161.47,157.44,36.89,0,1
45.43,45.41,1.24,0.475,31.93,44.32,-14.33,4,0
43.16,45.0,1.51,0.407,39.4,43.84,-34.32,0,0
85.18,60.81,2.59,0.584,78.9,92.97,-21.52,5,1
137.27,81.75,4.99,0.709,136.19,129.78,-19.94,0,0
158.47,71.75,3.35,0.851,189.37,165.84,6.54,1,1
58.05,46.44,1.0,0.537,62.26,55.73,45.1,0,0
111.3,63.12,1.79,0.628,115.61,110.54,18.77,0,0
85.71,66.8,5.97,0.609,92.17,85.73,11.95,0,0
156.39,67.3,4.26,0.899,167.52,157.69,27.12,2,1
141.05,79.74,2.62,0.676,120.67,160.19,22.82,0,1
140.6,68.06,4.47,0.667,169.5,135.91,23.96,5,1
96.24,57.66,2.6,0.674,80.16,92.07,17.9,2,0
89.78,48.32,1.8,0.582,110.22,104.25,-1.31,1,0
72.81,55.54,1.15,0.327,74.76,77.26,-14.55,1,0
46.77,51.75,3.18,0.577,48.48,54.44,-17.71,0,0
143.77,67.35,2.17,0.524,138.57,133.46,2.69,1,0
137.55,65.63,3.69,0.792,172.65,140.01,-29.79,2,1
159.97,74.85,2.31,0.863,172.49,168.07,30.11,0,1
159.6,75.53,4.72,0.94,166.61,152.85,-5.38,2,1
106.65,57.33,1.27,0.422,96.66,112.94,9.88,1,1
132.28,64.54,2.08,0.716,126.73,130.23,-27.83,1,0
153.37,61.55,1.96,0.711,156.2,146.92,21.42,2,1
141.96,87.85,3.33,0.638,131.55,152.09,19.69,1,1
69.68,45.0,1.48,0.325,72.34,81.06,3.18,0,0
94.07,61.56,1.99,0.587,86.06,95.35,5.5,0,0
55.5,45.0,8.01,0.438,64.32,60.01,-14.06,2,1
154.49,55.33,2.42,0.585,165.98,167.73,6.57,0,0
112.74,65.68,2.99,0.663,113.34,108.79,17.8,3,1
67.44,57.27,1.61,0.577,73.95,70.92,-2.2,1,0
120.6,77.14,3.22,0.749,131.14,116.74,32.74,2,1
114.18,71.04,2.26,0.785,100.32,103.99,-39.02,0,0
82.98,55.22,3.27,0.493,101.61,79.03,3.4,0,0
53.63,48.45,1.31,0.622,51.0,42.38,-35.89,3,1
120.59,79.78,4.68,0.788,132.69,124.84,11.74,0,1
102.44,66.02,2.46,0.506,109.24,94.72,-0.43,0,0
132.68,56.22,7.91,0.542,101.64,118.71,-18.69,0,1
102.42,61.16,1.75,0.561,93.76,109.85,8.99,0,0
142.26,70.54,2.03,0.668,153.7,149.04,0.61,0,0
106.23,60.74,2.8,0.629,107.56,102.93,51.18,4,1
107.31,68.88,6.52,0.635,116.29,114.34,19.04,0,0
145.2,79.49,4.13,0.816,150.62,137.14,3.25,3,1
88.42,57.16,1.36,0.549,102.15,84.69,-5.28,0,0
56.08,45.45,1.69,0.3,51.45,60.16,-18.71,3,0
43.45,62.35,5.14,0.554,59.62,53.79,15.95,2,0
130.62,72.52,2.16,0.596,118.77,126.79,-15.4,0,0
114.44,69.47,2.24,0.812,117.14,108.48,19.19,2,0
124.49,51.28,3.4,0.501,115.38,134.31,-6.04,0,0
65.56,60.24,4.78,0.66,71.42,71.68,1.51,3,0
56.36,52.34,2.78,0.3,47.02,57.85,-2.61,3,0
41.75,45.0,7.66,0.3,32.99,53.56,-7.11,0,0
82.07,54.19,1.19,0.345,68.51,101.54,-1.79,1,0
110.79,62.56,2.74,0.694,107.15,114.45,35.43,1,1
87.07,60.05,3.14,0.681,88.57,81.17,10.49,1,0
92.5,52.3,2.76,0.531,66.86,97.47,-5.2,0,0
148.5,75.16,4.68,0.897,126.82,140.3,3.32,0,0
81.79,67.55,5.6,0.561,81.73,94.21,-1.98,3,0
101.68,59.55,2.05,0.637,69.19,94.66,-33.59,0,1
134.04,78.87,2.6,0.82,136.13,132.11,-40.0,0,1
87.59,50.53,1.51,0.461,80.29,79.21,-40.0,0,0
114.65,68.15,3.56,0.566,120.47,116.47,16.37,0,1
143.48,74.85,2.65,0.873,140.88,145.66,5.33,2,1
153.94,79.61,5.07,0.902,178.82,161.37,9.78,1,1
57.65,56.29,1.55,0.644,68.7,58.85,48.05,1,1
151.19,81.03,2.68,0.894,138.93,151.65,-6.75,2,1
99.05,45.0,1.56,0.428,92.2,93.32,-40.0,3,1
70.99,47.77,2.61,0.622,89.76,68.13,22.9,0,0
95.1,61.91,2.16,0.529,85.31,81.17,16.0,0,0
157.6,64.56,3.75,0.949,163.95,171.54,16.14,0,1
99.11,56.81,2.07,0.566,115.29,98.17,29.25,3,0
79.45,56.53,1.47,0.54,71.76,95.86,-35.54,1,0
116.01,59.1,1.49,0.64,130.28,114.8,8.84,0,1
68.82,47.36,2.5,0.415,54.2,49.8,-22.25,0,0
49.1,48.27,1.43,0.3,30.0,44.6,-0.14,4,0
55.47,62.0,5.18,0.605,70.3,55.44,34.78,0,0
55.37,47.27,1.8,0.567,59.97,56.02,-4.32,0,0
58.23,45.0,1.14,0.31,58.49,65.0,11.86,2,0
56.66,48.9,1.38,0.561,42.76,58.4,-22.73,3,0
116.9,49.11,0.96,0.681,106.37,113.54,-5.58,1,0
61.83,52.49,2.3,0.429,72.21,52.68,-4.06,2,0
81.48,60.92,2.76,0.426,80.92,77.42,32.14,1,0
147.61,82.43,5.16,0.867,151.54,153.66,-17.47,2,1
96.88,56.2,1.51,0.651,100.54,105.46,3.42,1,0
120.11,57.24,1.75,0.659,139.4,113.37,34.29,4,1
60.68,53.4,1.16,0.506,67.48,70.75,-31.61,0,0
63.07,54.41,1.59,0.306,51.49,68.77,1.97,2,0
44.9,49.43,1.6,0.404,30.0,36.03,-5.45,2,0
60.27,51.02,5.85,0.338,62.09,62.74,-11.35,3,0
73.43,60.1,2.99,0.384,58.02,77.13,14.18,1,0
61.24,48.72,3.01,0.528,45.62,50.6,23.08,1,0
50.64,52.47,1.54,0.596,66.36,37.06,19.7,0,0
54.48,61.24,1.71,0.405,61.04,59.21,-2.06,3,0
95.29,55.64,1.58,0.449,96.9,90.75,-25.24,4,0
64.76,45.69,0.99,0.534,48.57,79.88,-4.85,1,0
83.71,56.36,2.49,0.68,106.78,100.92,8.77,0,0
100.41,57.01,1.85,0.681,114.37,105.13,5.31,1,0
122.85,72.33,5.06,0.796,123.12,132.36,-8.81,0,1
44.72,45.0,7.2,0.429,35.11,34.48,-15.33,0,0
135.93,73.5,2.84,0.789,140.64,122.61,2.88,0,0
115.35,55.7,2.97,0.482,107.25,113.93,-26.21,2,0
49.81,45.0,2.11,0.369,71.73,36.95,29.61,3,0
144.83,72.13,2.45,0.67,141.61,147.91,-15.35,0,1
150.5,73.52,5.96,0.736,140.41,142.67,-3.03,5,1
47.33,57.06,1.56,0.594,66.26,49.23,3.63,1,0
73.23,54.01,3.04,0.649,67.38,71.49,8.78,4,0
136.74,60.16,2.05,0.544,145.06,143.12,14.88,0,0
129.79,67.24,2.52,0.538,136.67,133.05,12.56,1,0
62.14,61.69,2.41,0.409,57.63,58.1,-23.3,1,0
65.12,51.14,3.87,0.392,49.28,51.44,-11.39,0,0
84.46,61.62,1.72,0.579,83.46,86.08,28.34,5,1
98.14,62.36,1.63,0.736,86.82,80.72,-11.82,3,0
114.19,58.01,2.05,0.807,118.06,126.65,20.82,2,0
84.27,65.77,1.83,0.594,93.43,89.56,4.4,0,0
95.5,69.73,3.73,0.702,118.15,103.93,5.75,0,0
129.7,72.91,4.32,0.679,118.23,120.0,-2.38,0,0
44.4,45.0,3.39,0.3,35.4,47.96,-19.48,2,0
70.29,58.74,3.37,0.501,62.01,63.63,12.06,0,0
125.6,73.57,5.94,0.679,130.46,127.09,-12.94,6,1
147.42,85.44,5.0,0.819,133.55,137.44,3.03,0,1
101.4,65.43,5.85,0.472,87.7,100.57,12.56,0,0
103.85,61.0,1.78,0.539,82.33,90.07,-3.1,4,0
52.86,45.0,1.54,0.384,31.28,51.26,-21.03,2,0
93.69,65.26,9.37,0.745,88.66,77.25,0.83,1,1
103.91,63.12,3.3,0.569,123.35,121.39,-3.5,3,1
69.1,61.56,4.66,0.589,73.05,70.7,-1.83,5,1
72.31,66.75,1.85,0.597,73.03,72.37,-9.06,3,0
85.27,54.68,4.16,0.442,98.28,92.03,-7.2,4,1
42.41,63.47,3.4,0.436,43.73,30.0,12.01,0,0
78.65,47.82,0.95,0.674,85.85,70.84,21.31,1,0
65.37,55.9,1.19,0.466,57.02,70.68,14.78,2,0
79.3,55.2,1.56,0.696,73.57,80.91,1.49,1,0
54.37,45.0,4.21,0.329,33.22,47.17,15.87,1,0
146.86,65.87,3.41,0.55,138.66,153.34,-16.29,4,1
111.23,57.24,5.01,0.77,111.27,114.26,23.15,0,1
121.49,68.18,2.78,0.784,129.3,126.55,20.28,1,1
134.7,73.98,6.38,0.881,139.88,138.6,3.31,1,1
99.81,70.58,2.97,0.651,96.46,93.0,2.34,0,0
50.43,45.0,0.84,0.606,39.61,49.67,13.24,0,0
104.45,71.63,2.34,0.724,111.73,85.88,15.55,2,1
110.42,67.48,9.48,0.749,107.43,105.31,3.21,4,1
129.45,75.52,2.94,0.696,135.62,127.0,-5.02,1,1
91.8,54.96,1.36,0.508,67.01,98.07,-29.03,1,1
55.31,45.96,0.57,0.62,59.74,60.43,4.17,2,0
74.05,45.96,1.06,0.475,80.52,66.53,-17.37,8,1
83.57,48.65,4.02,0.546,89.93,75.83,16.36,0,0
117.51,67.75,3.01,0.611,115.37,130.58,-33.01,1,1
108.49,73.9,3.74,0.631,120.11,105.55,11.33,1,0
82.73,52.87,4.81,0.516,65.78,83.87,-13.46,1,0
158.38,74.02,3.32,0.574,156.8,166.23,-8.7,0,1
112.69,57.01,3.95,0.771,113.79,111.9,-4.43,5,1
68.47,54.61,1.66,0.463,78.17,66.95,-40.0,0,0
52.21,55.82,6.81,0.472,30.0,49.06,-19.06,0,1
58.34,45.0,0.62,0.311,39.86,53.25,-24.86,0,0
69.51,48.0,2.62,0.3,84.48,70.94,-7.91,2,0
59.28,54.3,2.68,0.356,30.0,41.06,41.54,2,0
62.39,45.0,0.82,0.549,71.14,58.78,-20.62,0,0
74.21,60.54,2.17,0.342,60.65,79.61,0.35,0,0
60.8,58.75,1.89,0.626,64.38,65.04,-12.53,0,0
147.61,73.88,2.38,0.609,164.75,161.72,-7.85,2,1
49.63,45.0,1.82,0.311,47.36,58.0,-25.38,4,0
102.94,46.42,8.18,0.461,117.38,107.02,27.53,0,0
89.25,57.46,2.48,0.353,78.41,89.53,16.26,1,0
157.89,76.16,3.55,0.862,158.81,153.32,-10.7,0,1
53.44,54.5,1.13,0.59,62.69,58.48,21.04,1,1
87.74,67.0,2.04,0.589,82.25,90.98,-21.39,1,0
156.34,75.89,3.43,0.624,163.99,152.59,-3.39,1,0
143.86,82.17,9.05,0.626,158.58,135.19,19.58,0,1
138.05,70.4,5.16,0.685,150.16,137.52,-11.97,3,1
70.95,54.17,1.67,0.675,53.49,82.51,-22.04,3,1
60.51,48.27,1.87,0.36,51.62,61.61,-4.0,8,0
120.24,70.78,3.25,0.733,126.29,120.52,3.7,0,0
151.53,79.1,4.28,0.71,150.81,155.76,-19.77,0,1
106.81,50.24,2.56,0.52,106.16,111.62,39.87,1,1
108.59,62.55,3.89,0.588,111.9,111.08,-13.54,2,0
73.6,62.04,1.56,0.329,61.86,73.18,11.28,5,0
132.34,69.58,6.29,0.796,133.95,127.26,11.53,0,1
62.45,56.5,1.3,0.365,43.57,72.49,-23.94,3,0
78.84,61.95,2.49,0.607,73.24,74.57,5.54,1,0
91.05,61.36,5.26,0.38,68.34,106.78,-26.49,0,0
100.91,60.09,2.41,0.765,105.61,102.46,3.62,0,0
69.09,45.34,0.62,0.364,62.06,69.62,11.32,3,0
53.78,54.57,1.46,0.594,42.68,61.38,-15.6,0,0
113.27,56.36,2.48,0.744,137.57,106.74,19.55,1,1
74.64,58.08,1.42,0.691,73.51,80.37,-10.93,1,0
109.75,64.74,2.51,0.6,113.2,110.9,4.88,0,0
58.52,66.43,2.38,0.547,49.79,62.63,-2.46,2,0
97.74,62.02,4.05,0.521,91.19,90.9,-9.87,0,0
103.91,63.1,1.76,0.465,105.11,96.98,-32.36,2,1
46.22,56.48,2.91,0.396,38.15,30.0,10.02,0,0
80.39,46.49,1.37,0.387,76.18,75.82,33.72,0,0
56.13,54.79,2.42,0.641,66.64,51.03,7.77,2,0
47.6,63.12,1.93,0.3,35.39,40.93,-17.14,4,0
158.8,74.57,3.69,0.792,146.65,157.64,-2.33,0,1
78.68,65.28,3.4,0.567,59.7,79.33,11.14,1,0
137.18,76.49,2.5,0.707,156.58,142.18,32.73,0,1
70.56,45.65,3.15,0.557,80.86,76.21,21.56,3,0
121.78,64.24,4.62,0.492,127.49,128.29,10.87,7,1
131.23,69.6,2.07,0.696,127.91,138.15,10.5,1,0
111.48,63.76,3.01,0.529,94.07,114.23,-6.58,0,0
96.59,59.36,2.71,0.746,96.12,97.14,-17.44,3,0
89.42,53.42,1.02,0.653,89.36,98.71,-6.84,1,0
81.86,58.31,1.93,0.715,70.58,88.8,-11.46,1,0
151.54,67.29,7.04,0.55,132.9,136.72,-4.06,0,1
139.67,76.07,3.58,0.613,119.17,137.95,-40.0,1,1
155.8,83.23,6.85,0.626,164.2,137.77,13.4,1,1
54.92,57.01,2.91,0.3,34.45,36.69,-40.0,0,0
127.7,70.68,2.08,0.56,130.62,122.62,8.86,0,0
152.6,67.59,1.98,0.809,152.01,151.32,20.76,1,1
61.75,46.84,2.53,0.358,63.98,57.51,17.22,1,0
47.98,50.85,2.06,0.428,48.56,30.22,-15.83,0,0
128.93,66.96,2.02,0.822,130.59,136.69,12.05,0,0
108.94,68.99,3.37,0.684,112.19,101.87,14.3,0,0
141.02,74.22,4.75,0.661,140.91,145.91,30.65,4,1
56.77,53.75,3.12,0.399,45.37,49.98,0.88,0,0
135.43,75.71,2.77,0.669,148.56,130.46,25.04,3,1
64.2,45.0,0.95,0.343,53.99,68.53,-12.97,1,0
59.64,59.79,6.54,0.513,56.85,56.15,-16.73,2,0
59.71,45.71,3.82,0.405,38.83,61.42,5.11,4,0
137.75,66.43,2.36,0.834,145.72,140.52,19.79,0,1
119.82,71.75,4.71,0.742,115.34,105.55,-13.68,2,1
102.77,71.24,2.34,0.633,97.7,107.55,-24.35,2,1
83.06,59.25,1.68,0.475,70.48,73.68,-4.07,7,1
145.26,68.43,2.21,0.6,143.77,134.15,0.04,0,1
87.09,63.03,1.72,0.652,64.05,79.83,-7.31,1,0
137.99,70.37,4.92,0.689,147.95,146.14,20.92,7,1
92.7,48.72,2.02,0.448,89.19,76.69,16.77,0,0
85.23,45.93,1.01,0.414,75.9,91.74,-4.52,6,0
95.52,56.09,4.0,0.433,73.6,98.92,-28.88,3,0
76.17,58.97,3.77,0.619,81.75,76.91,-10.27,0,0
129.71,65.05,1.86,0.561,121.32,132.18,-14.94,0,0
100.33,66.07,3.31,0.592,115.83,97.43,5.59,0,1
67.87,51.78,2.83,0.464,70.99,74.69,-7.7,0,0
147.95,76.53,4.28,0.756,169.48,143.68,6.36,1,1
86.07,60.62,3.36,0.689,89.49,69.82,3.04,5,1
105.23,78.62,2.8,0.743,121.02,104.45,-3.68,1,0
148.78,72.05,2.69,0.707,156.47,156.79,9.64,1,1
114.91,75.89,5.14,0.431,106.11,119.83,28.5,0,1
54.03,52.38,4.37,0.413,52.53,72.17,-3.75,1,0
152.78,72.44,2.64,0.781,146.39,150.25,-15.47,1,1
115.32,58.73,1.36,0.649,141.13,113.72,18.42,2,0
80.19,47.96,3.62,0.581,78.6,77.86,-15.11,1,0
56.71,45.0,1.21,0.312,51.26,48.95,-5.38,4,0
135.28,64.25,2.25,0.744,142.85,130.55,-8.43,2,1
114.41,63.83,2.27,0.496,99.29,104.02,-26.82,0,0
104.02,60.73,2.25,0.692,121.72,81.08,-6.96,0,0
147.27,71.33,2.79,0.657,136.11,141.46,-17.47,0,1
134.63,79.86,3.85,0.768,122.97,134.87,-24.58,0,1
58.2,47.12,0.75,0.3,50.2,64.51,19.02,0,0
77.41,69.55,7.31,0.475,59.56,71.65,-1.16,1,1
69.82,48.03,4.82,0.571,87.99,64.18,26.04,0,0
129.27,63.8,5.71,0.559,125.68,139.58,-26.25,1,1
44.02,47.58,3.83,0.53,30.0,30.71,-12.3,0,0
108.39,70.75,3.66,0.657,111.94,106.75,9.32,1,0
131.5,53.28,1.37,0.71,140.33,141.07,34.16,6,1
145.21,59.61,1.45,0.657,141.3,138.13,-15.51,1,0
81.05,55.81,1.31,0.516,63.1,65.71,-32.13,1,1
138.55,81.51,3.28,0.735,140.0,155.62,4.16,2,1
53.28,51.79,1.96,0.429,44.07,61.27,-16.73,0,0
141.57,62.88,9.07,0.784,133.55,149.88,26.69,0,1
55.3,45.0,1.36,0.419,38.92,54.41,1.57,7,0
87.67,66.96,2.93,0.424,86.03,94.08,-5.97,2,0
135.68,61.82,3.29,0.573,145.96,110.77,0.05,0,0
57.99,45.0,0.8,0.3,57.53,53.62,-2.51,0,0
67.51,62.04,5.57,0.403,42.83,76.99,-40.0,1,0
126.67,76.57,3.52,0.76,137.25,112.71,6.04,5,0
126.4,78.8,3.01,0.777,139.21,123.07,-2.36,1,1
116.94,55.19,5.21,0.512,131.9,120.13,18.87,0,0
123.27,60.15,2.88,0.833,116.54,115.43,-19.52,1,1
105.13,63.11,2.58,0.596,104.37,105.2,11.91,0,0
70.22,60.81,2.75,0.657,78.17,74.07,13.75,0,0
81.48,61.45,3.56,0.607,75.3,84.5,-0.22,0,0
61.79,64.97,1.95,0.554,67.5,57.78,25.42,1,0
149.01,55.74,4.15,0.561,147.95,140.72,-34.46,2,1
110.01,66.47,6.6,0.498,97.81,113.97,1.89,2,0
88.1,45.73,1.8,0.348,73.92,91.49,-7.89,2,0
95.44,68.13,3.61,0.653,111.49,98.34,6.69,2,0
153.67,68.2,4.84,0.679,143.29,154.82,-22.86,3,1
58.4,48.81,1.43,0.57,43.78,61.8,-32.86,0,0
110.35,57.45,8.65,0.547,113.41,119.12,17.59,0,0
100.71,54.23,2.77,0.71,102.54,103.81,15.1,0,0
113.37,60.6,2.26,0.472,95.08,114.35,23.23,0,0
42.17,45.0,2.2,0.3,30.0,36.9,29.25,0,0
144.65,74.96,3.4,0.65,135.86,158.51,-32.26,4,1
151.85,76.23,2.55,0.699,146.13,140.62,-5.64,0,0
107.82,73.06,4.57,0.543,136.97,105.79,19.09,0,1
123.6,71.51,3.34,0.756,123.09,118.51,17.06,0,1
150.7,72.02,4.5,0.571,139.54,132.43,20.1,0,1
124.87,74.91,2.55,0.595,149.03,128.41,-6.44,0,0
58.3,50.6,2.0,0.59,68.76,56.27,-4.51,0,0
109.15,48.31,2.88,0.434,114.54,109.47,27.37,4,1
112.81,69.71,8.66,0.795,106.72,111.02,-33.16,0,1
90.9,53.86,4.27,0.747,108.14,98.43,-10.76,0,0
128.37,80.45,5.62,0.501,136.18,137.19,11.78,3,1
152.12,80.83,3.08,0.653,154.95,141.11,38.39,0,1
151.07,86.36,5.71,0.682,132.12,168.72,-39.66,1,1
94.1,62.87,1.85,0.673,95.32,91.7,1.68,0,0
53.59,55.37,1.45,0.479,71.93,59.46,19.15,2,0
158.18,72.32,2.31,0.812,165.07,159.98,29.9,2,1
140.67,78.91,5.46,0.805,140.25,141.72,7.83,0,1
54.96,45.0,0.67,0.3,46.22,60.53,-37.52,5,1
150.5,57.89,1.5,0.865,153.89,163.68,-21.45,1,0
144.39,67.51,2.27,0.795,138.7,152.16,21.85,2,1
102.26,52.09,2.2,0.618,102.12,99.83,7.85,2,0
110.95,77.71,5.65,0.769,131.64,110.11,-9.92,1,1
87.88,72.99,2.99,0.624,104.31,82.25,17.1,2,1
46.57,45.0,1.69,0.3,31.53,53.72,-1.99,0,0
80.22,64.89,1.97,0.493,93.39,86.12,-38.32,0,1
136.34,75.78,2.81,0.687,147.21,132.92,-32.36,0,1
40.56,45.0,0.72,0.3,42.16,53.82,6.39,0,0
80.02,58.32,2.09,0.702,87.24,90.76,40.25,7,1
87.78,50.48,2.17,0.395,72.51,106.02,-2.89,4,0
104.49,69.22,2.45,0.672,101.07,96.59,-40.0,0,1
150.38,63.8,4.43,0.734,163.05,149.38,-22.69,0,1
81.56,51.42,6.85,0.335,61.78,79.6,1.37,1,0
81.63,56.31,1.37,0.695,71.04,107.67,7.93,0,0
128.5,74.24,2.28,0.806,136.3,128.6,0.4,2,0
94.27,58.43,3.65,0.573,84.24,106.92,-13.72,1,0
66.95,47.11,0.94,0.372,72.29,77.3,16.96,1,0
94.29,54.44,1.72,0.412,81.47,93.45,13.48,2,0
56.9,64.19,2.4,0.396,55.76,57.46,11.92,0,0
61.17,46.9,4.34,0.366,60.42,66.39,-17.55,0,0
99.8,53.74,2.64,0.582,93.66,112.38,13.11,0,0
90.27,67.56,1.92,0.737,90.14,88.55,-6.42,2,0
149.78,71.95,2.14,0.759,144.81,144.7,-13.32,0,1
83.49,51.28,1.21,0.686,84.99,92.81,-10.78,4,0
109.67,80.31,3.19,0.669,99.52,98.2,-4.7,0,0
115.87,61.86,2.51,0.618,113.54,118.4,9.1,1,0
41.57,48.75,3.45,0.547,49.48,52.17,-32.41,0,0
119.62,66.25,2.34,0.627,106.53,123.93,-19.7,6,1
61.36,68.1,2.59,0.612,55.75,55.69,-11.1,0,0
155.33,59.61,1.98,0.663,162.8,145.32,22.39,1,1
57.84,49.73,0.8,0.305,30.0,69.71,-29.52,5,1
89.75,76.86,7.07,0.691,113.85,88.0,6.09,0,1
50.24,51.58,1.12,0.466,60.1,41.23,19.5,1,0
159.62,69.66,2.49,0.915,147.46,171.01,-5.37,1,1
100.26,61.11,1.67,0.756,78.13,108.27,16.53,0,0
111.45,60.56,2.45,0.436,108.52,100.93,-4.17,1,0
48.05,58.64,5.35,0.425,31.1,73.19,25.42,1,1
130.0,64.12,1.81,0.62,141.93,124.59,43.1,0,1
65.19,60.21,2.28,0.526,68.43,73.03,9.87,2,0
147.77,64.64,1.71,0.841,154.06,167.63,10.68,1,1
64.62,45.0,2.71,0.386,53.5,73.5,4.5,1,0
62.88,49.84,2.33,0.491,79.91,65.47,23.21,5,1
44.39,60.64,3.24,0.497,51.36,30.06,5.71,1,0
96.65,57.07,2.18,0.424,100.36,117.06,22.89,2,0
107.78,67.92,5.45,0.729,124.76,116.43,17.5,3,1
47.89,52.28,1.73,0.466,32.98,33.74,17.5,1,0
133.06,80.7,3.72,0.859,153.66,148.51,-15.85,2,1
94.39,53.86,2.81,0.499,89.2,95.01,1.3,0,0
102.93,62.56,2.66,0.432,103.58,100.15,18.61,0,0
92.89,53.65,1.33,0.561,90.24,87.17,-21.87,2,0
88.09,68.06,2.46,0.379,61.13,89.8,-5.73,4,1
107.16,61.7,1.65,0.789,122.43,115.24,18.59,0,0
58.63,45.0,1.35,0.3,30.74,53.68,17.16,2,0
61.83,58.79,2.74,0.567,49.57,63.11,-12.24,0,0
143.41,71.58,2.28,0.72,140.39,177.22,2.29,1,0
153.53,74.02,3.73,0.688,131.85,158.29,-20.85,2,1
84.8,54.83,4.44,0.361,66.8,94.46,-11.53,0,0
72.49,48.4,1.32,0.546,74.35,62.91,30.08,0,0
117.28,77.03,2.8,0.666,114.44,103.71,-1.95,0,0
89.05,62.6,4.91,0.459,83.07,103.69,-15.76,6,1
43.05,61.8,3.27,0.573,31.53,54.84,-9.05,1,0
58.74,46.06,0.73,0.378,54.85,75.88,-11.28,0,0
125.92,69.24,2.74,0.638,122.77,125.12,-9.52,0,0
119.07,67.11,3.51,0.655,100.47,131.61,-19.0,0,1
43.25,53.38,2.28,0.3,34.84,30.0,-13.2,1,0
66.64,65.94,3.2,0.653,52.79,72.05,-28.29,2,1
67.73,53.84,2.29,0.433,75.16,78.06,4.96,7,0
120.63,50.82,3.25,0.474,113.41,113.74,-21.22,3,0
42.37,59.36,1.94,0.362,67.86,52.92,33.29,1,0
52.49,55.2,2.96,0.478,61.65,50.7,-1.04,2,0
135.99,64.98,8.78,0.693,136.3,135.19,7.51,1,1
61.43,57.11,1.97,0.542,67.22,58.84,10.29,1,0
118.33,50.1,3.15,0.457,90.4,134.14,-40.0,2,1
68.58,59.16,1.77,0.4,76.12,64.04,-1.03,0,0
51.93,45.0,1.0,0.563,41.36,46.17,25.64,0,0
69.18,48.32,4.8,0.319,64.65,60.61,-16.23,6,1
126.67,72.27,2.18,0.802,121.98,122.99,38.54,1,1
142.68,73.79,2.6,0.545,134.12,144.63,5.52,1,0
139.63,74.01,3.23,0.833,142.11,146.01,10.54,3,1
87.66,61.28,2.25,0.487,86.33,80.13,3.64,2,0
120.17,66.46,3.28,0.685,121.56,123.9,19.52,0,1
64.6,49.34,1.08,0.335,59.27,70.72,17.16,1,0
75.18,51.68,1.01,0.332,50.31,65.85,-12.77,0,0
147.56,67.54,2.54,0.609,175.73,148.19,6.34,0,0
41.56,45.0,1.61,0.3,38.34,40.71,-27.25,7,1
50.26,45.0,1.74,0.356,50.63,51.0,14.83,2,0
64.95,54.97,2.48,0.481,58.48,59.65,-2.05,5,0
43.18,47.36,1.83,0.445,30.0,41.83,-21.78,3,0
61.77,54.21,1.48,0.581,63.21,62.08,-9.73,1,0
109.96,62.54,3.72,0.672,114.88,128.61,1.23,3,1
90.57,53.92,1.17,0.595,106.1,91.02,-9.9,2,0
147.12,67.27,2.17,0.686,173.77,160.5,14.2,0,1
138.09,67.16,3.85,0.684,157.49,152.23,-19.46,1,1
81.02,55.91,1.65,0.489,57.6,67.83,-21.29,0,0
71.13,60.68,2.46,0.63,66.21,68.22,-23.37,0,0
85.56,53.79,1.62,0.429,86.17,99.72,3.91,0,0
110.84,51.29,1.94,0.415,102.33,112.65,-21.85,1,0
72.17,46.46,1.23,0.557,70.78,71.0,-10.75,0,0
114.9,79.56,10.3,0.506,87.27,122.4,26.86,0,1
89.13,54.55,1.74,0.703,102.17,99.8,22.09,2,0
106.25,62.37,3.02,0.742,86.59,105.95,0.98,2,0
92.34,58.66,4.61,0.388,69.22,89.55,11.8,0,0
75.34,54.04,2.57,0.349,58.13,51.7,0.62,5,1
153.81,76.71,3.65,0.74,155.43,154.28,-24.47,2,1
131.63,66.11,3.03,0.719,114.53,127.82,-32.25,3,1
56.81,50.7,1.87,0.36,39.3,46.75,-40.0,0,0
144.22,73.55,4.68,0.799,161.99,142.16,12.52,6,1
98.49,59.42,1.44,0.613,97.41,94.32,-19.62,8,1
147.35,71.62,5.34,0.652,153.59,149.04,-7.15,1,1
135.98,71.74,3.43,0.498,119.11,133.19,-14.19,7,1
91.03,61.33,4.31,0.653,91.44,95.5,-10.74,1,1
42.7,45.3,0.53,0.3,35.07,44.44,-4.44,0,0
72.24,65.58,4.79,0.631,63.31,84.98,-9.56,3,0
105.0,68.06,2.08,0.563,103.65,99.65,-7.56,1,0
116.02,76.46,4.3,0.659,94.49,133.82,-38.63,0,1
70.95,45.9,1.36,0.642,77.05,81.62,7.4,0,0
56.72,61.23,3.19,0.596,51.84,71.59,36.72,1,0
140.19,72.97,3.66,0.649,138.09,142.72,3.92,2,1
158.13,64.97,1.97,0.638,169.11,155.32,46.33,3,1
103.08,66.21,2.86,0.699,110.25,97.7,-6.64,1,0
60.6,58.82,1.82,0.435,53.48,78.13,-8.11,0,0
72.68,45.97,1.79,0.375,54.77,83.64,-9.31,1,0
42.21,55.14,3.12,0.568,57.52,32.13,4.6,1,0
149.72,75.27,2.44,0.608,133.8,159.49,13.01,1,1
54.13,45.0,1.59,0.3,55.68,45.88,-38.66,1,0
109.18,57.27,2.68,0.416,86.33,112.42,-19.61,6,1
72.89,58.23,1.82,0.548,82.85,81.15,34.92,1,0
106.5,58.51,5.9,0.664,119.91,121.08,-2.23,2,1
118.17,57.04,2.32,0.559,94.4,120.55,4.83,4,0
139.57,67.16,2.13,0.627,145.5,138.23,13.84,4,1
64.77,57.08,1.4,0.41,65.37,65.21,-1.01,0,0
41.32,54.1,2.22,0.476,47.28,51.99,8.68,1,0
56.43,45.0,1.21,0.3,54.81,64.31,-2.35,5,0
148.0,80.66,2.96,0.896,142.37,147.84,-40.0,5,1
144.87,62.47,1.59,0.604,142.33,126.23,7.01,0,1
111.69,57.36,2.5,0.815,135.96,87.34,1.05,1,0
112.06,57.86,2.64,0.485,96.46,114.32,-32.58,0,0
119.8,76.03,2.59,0.748,126.64,107.99,10.38,2,1
61.04,54.06,2.42,0.352,69.91,55.76,10.21,3,0
149.73,67.99,6.43,0.562,137.07,147.46,11.34,1,0
90.25,59.64,7.12,0.701,75.27,111.02,-12.19,2,1
85.98,58.7,4.61,0.681,72.41,87.2,8.68,3,0
102.27,61.31,3.95,0.548,105.97,109.47,2.23,2,0
45.64,45.0,0.85,0.498,30.0,50.68,-1.6,0,0
59.95,50.12,1.06,0.483,55.98,35.74,5.71,2,0
128.56,69.45,2.85,0.807,149.16,124.57,-13.66,0,1
49.94,45.0,1.95,0.356,44.44,37.74,4.04,1,0
112.38,58.15,4.14,0.627,103.58,129.65,-2.53,0,0
69.44,56.85,1.61,0.482,68.6,51.25,-5.3,0,0
86.72,56.62,2.18,0.482,83.53,82.51,0.46,0,0
74.64,57.05,2.79,0.661,81.29,72.04,49.21,1,1
82.68,47.38,1.53,0.394,98.0,72.82,-26.89,8,1
126.29,74.45,3.18,0.519,129.42,127.3,-0.8,0,0
75.65,50.43,1.21,0.538,98.81,75.23,26.19,6,0
107.97,66.13,8.24,0.667,114.77,109.6,-19.03,0,0
97.13,53.88,2.0,0.449,84.9,102.15,0.57,6,0
119.64,64.58,2.82,0.595,147.0,122.01,19.12,5,0
152.42,80.46,3.0,0.916,157.24,156.22,-26.19,0,1
127.91,55.15,2.19,0.562,114.5,139.03,-17.22,3,0
65.79,54.94,1.54,0.545,92.57,49.3,45.49,1,0
43.74,59.08,1.68,0.507,33.09,50.74,-33.96,2,0
71.47,66.39,2.27,0.474,59.68,61.01,-13.8,2,0
111.41,67.03,1.83,0.789,108.58,104.99,-4.39,0,0
46.17,51.55,2.16,0.513,46.41,47.38,0.2,2,0
99.56,75.96,3.09,0.562,109.97,103.68,-2.23,0,0
111.62,72.25,5.57,0.643,80.69,116.91,-13.99,2,1
80.11,54.13,1.11,0.597,91.17,70.66,4.89,1,0
132.51,64.9,1.76,0.714,128.14,148.82,10.6,2,1
52.79,60.86,4.71,0.59,47.63,48.61,12.62,1,0
49.02,45.0,0.7,0.37,64.99,41.82,15.9,3,0
127.38,72.77,2.17,0.582,129.58,114.66,5.36,4,0
99.46,60.36,1.72,0.464,102.11,85.75,-26.82,1,0
122.61,65.09,4.31,0.463,119.28,108.61,0.42,0,0
92.18,52.87,3.41,0.374,96.82,95.32,22.37,0,0
69.57,53.44,1.63,0.637,89.72,75.61,-18.92,3,0
138.29,81.63,4.35,0.766,111.92,129.65,-36.9,6,1
135.93,68.96,3.0,0.752,151.99,124.51,34.88,0,1
123.36,64.53,5.2,0.696,143.85,121.25,-16.72,1,1
72.66,57.78,1.35,0.638,79.42,73.63,1.53,2,0
110.83,64.59,4.19,0.605,102.79,113.46,-13.95,1,0
83.32,53.73,1.3,0.678,71.05,73.67,19.64,3,0
50.99,45.0,1.25,0.377,74.87,49.32,17.39,0,0
150.08,72.21,2.45,0.901,145.24,165.75,11.82,4,1
56.42,59.1,3.16,0.529,73.2,44.47,9.4,0,0
154.03,64.53,3.37,0.645,159.61,153.74,38.71,1,1
93.52,47.89,1.86,0.586,117.79,98.52,-1.25,0,0
62.22,45.0,2.3,0.48,55.99,52.54,3.07,4,0
105.03,48.22,2.22,0.45,82.74,111.14,11.48,0,0
144.75,81.51,4.94,0.751,147.79,131.36,28.23,0,1
127.87,65.53,2.14,0.59,109.82,134.21,-13.85,4,0
136.79,68.31,2.74,0.511,167.14,137.22,-21.28,1,1
119.05,73.53,2.46,0.817,130.94,104.86,-0.97,4,1
123.07,68.0,2.72,0.706,134.53,129.95,37.11,2,1
141.9,73.67,4.03,0.856,156.38,132.94,-6.5,0,1
69.96,63.31,3.36,0.56,60.84,68.43,0.68,1,0
98.73,60.31,3.27,0.519,95.53,105.03,-7.13,0,0
66.55,63.39,2.16,0.485,65.56,56.9,-1.79,0,0
158.52,80.27,4.24,0.826,186.36,153.24,37.54,0,1
153.29,73.27,2.88,0.924,145.88,164.55,0.88,4,1
44.73,45.0,4.84,0.316,30.3,30.0,29.54,0,0
124.67,65.21,2.34,0.804,124.39,138.86,17.44,0,1
151.03,85.25,4.3,0.903,149.0,136.39,1.35,5,1
61.67,51.24,2.95,0.533,42.83,54.68,-11.12,1,0
108.15,61.56,5.05,0.777,79.24,110.98,-8.49,1,0
149.86,73.44,3.07,0.689,129.71,155.89,-32.27,4,1
44.07,52.27,1.61,0.593,57.13,47.05,-12.51,2,0
123.69,70.42,2.87,0.732,126.24,124.16,14.9,3,1
75.68,64.18,2.24,0.324,80.19,71.32,18.8,2,0
150.93,82.92,4.37,0.896,149.85,166.54,-24.35,1,1
156.53,73.75,6.27,0.743,158.21,164.26,16.31,2,1
153.31,62.74,1.77,0.724,175.15,165.07,7.76,1,0
96.91,57.47,2.48,0.597,115.48,92.69,-5.67,0,0
143.45,72.25,5.55,0.57,154.15,120.16,-0.31,0,0
141.35,61.8,1.67,0.692,145.61,151.55,18.12,0,0
78.29,74.41,3.29,0.647,85.45,81.86,14.54,0,0
139.47,65.14,4.71,0.505,142.01,141.3,6.62,1,0
44.44,46.57,4.05,0.322,36.89,38.77,3.04,1,0
111.55,53.96,2.12,0.416,103.01,108.07,-24.81,2,0
67.6,56.34,1.22,0.449,78.05,61.61,15.07,3,0
54.47,45.0,0.67,0.535,37.62,54.92,-16.66,1,0
49.23,67.72,3.19,0.547,66.03,37.88,44.78,0,0
123.55,79.97,2.8,0.829,124.82,131.18,-6.21,0,0
80.78,64.65,1.92,0.566,64.33,101.15,31.84,0,0
126.97,54.88,3.31,0.563,119.68,121.0,-6.55,4,1
47.84,54.94,3.18,0.593,37.21,31.91,-7.02,1,0
77.83,67.23,4.61,0.624,71.4,76.81,-8.52,3,0
104.74,66.96,1.99,0.624,98.09,107.89,-25.97,0,0
134.89,63.79,1.96,0.763,130.54,139.42,21.7,2,1
78.25,55.8,3.83,0.684,76.24,94.28,0.74,2,0
115.11,63.36,3.52,0.71,116.54,123.26,12.0,3,0
146.32,65.88,4.21,0.666,156.81,128.2,34.32,1,1
113.9,76.96,9.29,0.707,113.1,101.54,-2.76,2,1
67.96,45.0,3.5,0.3,65.87,72.01,-2.71,5,0
42.93,51.61,2.0,0.363,38.29,38.39,0.29,5,0
144.41,61.01,2.02,0.676,152.41,159.56,-19.09,0,0
42.55,45.0,1.76,0.3,37.11,33.18,-35.64,1,0
144.96,52.28,2.46,0.524,135.68,154.57,-31.71,0,0
103.47,54.27,1.67,0.444,89.33,96.98,15.27,4,1
152.69,84.98,5.11,0.8,159.21,155.31,-2.61,5,1
135.85,73.94,2.38,0.808,155.3,127.57,23.84,1,1
159.75,70.94,4.32,0.955,164.09,165.34,-2.48,5,1
82.09,62.55,1.6,0.465,70.97,92.81,-33.96,2,0
132.06,77.83,3.5,0.716,131.31,134.59,15.21,2,1
88.23,63.45,4.57,0.72,83.89,107.32,-18.17,1,0
97.59,71.37,2.22,0.44,86.37,90.38,4.83,0,0
115.3,72.37,3.24,0.713,100.24,116.28,9.09,6,1
144.84,78.42,2.77,0.817,146.24,153.3,-0.1,0,0
158.09,64.34,5.04,0.59,160.72,148.59,9.85,3,1
132.19,76.25,5.05,0.821,123.63,132.82,-29.9,0,1
90.13,63.43,5.68,0.676,81.1,96.77,48.14,2,1
90.56,57.85,4.39,0.365,74.49,99.85,-0.12,0,0
128.51,58.53,3.31,0.502,109.91,139.93,4.76,0,0
68.65,50.33,1.13,0.306,51.3,59.96,8.14,5,0
53.26,45.0,1.04,0.374,46.36,56.14,-5.96,1,0
82.55,45.0,1.53,0.531,65.08,69.41,-7.34,1,0
74.47,62.57,2.89,0.516,71.15,67.22,17.87,2,0
75.56,45.0,2.79,0.414,63.39,73.82,-12.7,0,0
68.03,58.67,1.71,0.649,57.86,79.47,1.95,1,0
45.05,49.65,0.98,0.362,44.83,50.33,8.31,1,0
42.14,47.61,1.64,0.3,30.0,42.55,-19.29,7,0
158.53,70.19,2.27,0.676,154.4,163.01,5.92,3,0
91.33,61.26,3.25,0.566,106.24,96.54,-23.05,0,0
86.12,60.26,2.7,0.502,73.11,89.81,10.02,2,0
121.56,68.73,3.95,0.554,139.43,115.81,37.2,1,1
66.19,61.84,1.61,0.331,56.64,56.62,11.53,0,0
154.0,77.98,7.49,0.87,145.75,151.76,22.83,3,1
134.36,74.14,2.25,0.882,133.34,126.42,-14.23,0,1
50.73,45.0,1.09,0.364,46.83,56.94,-6.0,0,0
90.11,60.64,3.15,0.503,103.22,105.4,8.81,0,0
145.49,77.09,2.49,0.764,158.35,151.13,8.75,6,1
153.37,73.85,2.36,0.827,158.68,135.27,-5.21,2,1
96.09,62.85,1.69,0.525,109.71,89.76,-9.63,0,0
113.61,66.06,3.07,0.783,94.69,113.79,21.63,1,0
60.04,57.31,4.63,0.484,60.72,45.7,-14.66,0,0
158.94,80.15,3.83,0.737,165.4,159.25,33.04,0,1
67.8,61.51,2.88,0.542,70.51,72.49,10.27,4,0
153.13,78.31,3.14,0.921,140.22,167.22,-2.8,3,1
117.96,60.71,1.47,0.752,108.79,136.14,5.19,7,1
112.93,55.03,1.13,0.435,107.63,101.01,24.77,0,0
101.52,63.83,4.92,0.517,113.25,100.36,-40.0,2,1
67.68,70.58,2.2,0.471,88.09,66.64,16.67,0,0
61.18,48.03,12.0,0.389,49.0,54.05,-3.41,1,0
66.46,58.65,1.59,0.559,49.93,67.44,-4.92,3,0
62.37,51.9,2.6,0.598,72.11,61.57,21.8,0,0
133.55,64.04,6.11,0.773,168.39,139.69,6.43,1,1
82.02,57.11,1.9,0.722,97.73,95.58,-12.86,1,0
46.94,45.0,2.49,0.33,32.55,48.26,-32.11,2,0
156.29,86.89,3.66,0.899,196.6,151.39,3.82,0,1
146.05,58.42,1.85,0.825,158.79,135.8,18.74,0,0
151.33,69.32,2.3,0.679,143.42,171.75,5.13,1,1
159.39,68.46,4.49,0.852,187.64,168.46,30.02,1,1
60.87,45.0,0.95,0.304,44.51,64.86,-16.45,2,0
87.55,70.73,2.54,0.658,81.26,85.89,-10.62,0,0
130.99,69.7,12.0,0.686,141.43,147.11,34.99,0,1
123.52,57.46,1.84,0.567,122.57,121.93,17.88,3,1
58.47,49.09,1.57,0.518,57.27,41.35,12.94,0,0
137.9,65.59,8.65,0.75,141.37,140.55,-31.11,0,1
66.93,50.35,1.51,0.365,75.6,54.65,39.57,1,0
66.86,50.24,1.5,0.3,32.97,69.55,-18.6,0,0
104.44,74.6,4.91,0.567,107.19,117.88,4.49,1,0
111.15,50.79,1.41,0.641,108.5,94.43,6.73,4,0
109.61,66.68,2.2,0.759,103.77,100.61,0.04,0,0
50.98,52.04,1.75,0.604,42.0,59.63,-7.58,1,0
145.3,78.11,4.3,0.727,116.2,140.3,-11.94,0,1
71.87,59.69,1.45,0.597,62.23,76.02,6.64,7,1
55.54,54.52,1.77,0.422,67.47,59.71,21.24,0,0
146.65,76.37,3.02,0.818,161.0,155.55,29.13,0,1
154.68,63.83,2.05,0.626,152.9,148.21,-20.64,0,0
143.46,77.97,4.07,0.659,127.7,117.94,-17.71,0,1
137.14,76.29,2.89,0.745,149.91,141.11,21.74,1,1
118.63,66.78,3.21,0.443,131.21,102.94,-21.97,2,0
106.1,73.45,3.26,0.687,120.26,115.45,9.99,1,0
50.44,56.13,1.53,0.566,38.12,50.02,-20.3,4,1
89.01,67.89,2.34,0.507,76.77,86.05,3.8,0,0
84.72,59.69,1.66,0.513,102.86,91.63,-6.14,2,0
71.17,56.49,1.28,0.634,57.34,53.75,-13.39,0,0
126.81,69.74,3.43,0.771,135.96,124.81,-0.65,2,0
99.51,58.6,2.99,0.494,76.05,103.98,-7.29,4,0
49.73,45.0,0.77,0.359,41.3,52.25,13.04,6,1
66.42,66.66,3.23,0.551,72.46,61.53,21.59,2,1
121.99,68.65,7.95,0.671,123.06,117.2,4.22,5,1
49.14,47.03,0.74,0.3,49.42,64.57,-19.83,2,0
142.14,71.3,3.09,0.63,128.04,151.27,39.38,6,1
99.42,85.73,4.92,0.738,92.34,92.78,-5.07,4,1
97.67,54.44,1.14,0.648,104.42,111.15,8.3,0,0
111.09,62.44,3.81,0.808,123.6,118.64,10.62,1,0
138.96,62.77,7.4,0.804,145.67,143.85,9.72,0,0
81.74,59.68,1.52,0.702,95.14,87.0,-8.54,0,0
121.36,64.69,4.27,0.531,100.09,109.9,-2.74,1,1
107.89,62.23,2.25,0.712,104.54,122.94,31.11,0,0
72.04,46.13,0.8,0.304,88.0,81.56,-28.19,0,0
145.44,73.93,3.26,0.785,164.53,147.89,10.13,1,1
135.69,65.21,1.82,0.675,144.79,138.13,-15.64,0,0
119.01,65.92,2.86,0.576,116.66,118.1,16.63,5,0
142.07,81.89,2.74,0.851,159.51,136.38,29.26,3,1
144.08,79.2,4.51,0.854,154.3,149.42,2.82,5,1
125.0,68.02,2.89,0.464,104.07,117.05,-9.37,4,0
140.44,78.8,3.45,0.745,155.29,141.95,-8.43,2,0
123.7,66.99,2.15,0.598,113.27,124.67,-40.0,1,1
121.62,63.91,2.31,0.611,130.96,125.47,-0.19,0,0
114.23,62.12,1.83,0.756,97.95,123.65,-11.99,0,0
130.33,63.18,3.59,0.595,149.41,134.36,10.32,2,0
59.03,52.55,1.29,0.634,56.42,65.97,-40.0,0,0
145.7,73.2,3.63,0.589,132.17,126.31,-37.82,0,1
144.62,75.09,2.8,0.779,139.94,149.23,-29.04,0,1
43.51,54.89,2.7,0.479,37.05,44.26,-1.73,0,0
139.1,59.2,2.52,0.598,138.99,142.82,10.48,0,0
55.46,59.25,2.18,0.376,66.81,50.17,-15.25,3,0
80.21,56.91,2.89,0.655,82.15,91.72,-4.0,2,0
129.22,62.49,2.36,0.772,106.62,131.73,-21.72,0,0
59.29,47.06,3.21,0.39,40.32,51.84,27.09,0,0
138.16,87.31,5.0,0.708,173.41,132.47,10.7,0,1
139.86,62.87,2.74,0.524,139.97,148.88,-7.63,1,1
100.9,56.01,4.3,0.466,109.63,100.04,-10.32,0,0
40.77,46.19,3.22,0.397,33.0,40.72,-38.1,2,0
74.44,50.07,1.94,0.338,57.14,72.47,2.99,2,0
114.03,62.12,1.63,0.759,111.44,124.14,-6.09,0,0
157.74,77.17,3.68,0.84,164.09,162.57,-3.82,2,1
115.82,76.52,3.05,0.805,114.39,103.95,2.57,1,0
71.18,58.65,2.48,0.571,93.62,61.42,-17.18,6,1
116.08,61.24,3.04,0.804,112.77,116.13,30.22,2,1
104.8,60.21,2.97,0.616,92.46,98.37,-38.94,1,0
133.58,65.7,3.42,0.721,145.7,111.98,38.04,1,1
52.84,55.53,2.84,0.629,64.61,45.39,5.62,0,0
131.32,78.78,2.7,0.731,134.3,128.54,-5.47,4,1
104.95,56.38,1.5,0.407,93.87,100.95,6.54,1,0
155.56,75.12,3.8,0.836,137.48,162.77,-15.28,1,0
81.02,73.23,2.98,0.685,97.38,58.68,24.95,1,1
115.91,73.67,4.38,0.746,129.26,108.19,12.21,0,0
151.84,77.52,2.65,0.769,149.95,159.8,11.88,3,1
52.3,65.69,2.06,0.505,51.12,45.62,18.13,3,0
152.47,81.14,3.89,0.933,156.42,140.35,-1.16,0,0
122.55,48.07,1.73,0.484,139.77,115.74,25.97,1,0
48.14,56.83,1.67,0.491,33.51,52.6,2.01,0,0
76.12,45.0,1.29,0.422,65.11,73.58,18.51,0,1
124.98,71.19,2.12,0.711,118.6,117.73,-9.8,0,0
48.08,45.0,0.56,0.467,49.15,52.9,25.12,4,0
109.86,56.49,1.34,0.471,107.95,113.61,-14.87,1,0
81.51,51.36,2.17,0.407,80.05,68.87,-36.85,1,0
114.51,60.09,4.39,0.672,105.39,115.46,-29.13,5,1
45.49,45.0,0.95,0.3,57.31,32.49,-0.06,2,0
144.58,75.91,2.41,0.62,139.53,156.29,2.2,0,1
156.82,72.14,3.98,0.885,176.76,169.13,10.26,0,1
156.27,75.75,5.24,0.68,195.53,153.39,33.79,0,1
129.96,60.86,1.67,0.665,120.78,140.61,-26.2,0,0
55.61,54.1,1.78,0.623,60.18,48.05,33.33,3,0
130.99,67.51,2.11,0.564,128.69,129.59,23.06,2,1
42.95,45.0,0.67,0.365,62.62,37.1,26.67,0,0
42.65,45.0,2.07,0.451,36.3,42.41,19.59,1,0
78.83,62.23,6.68,0.619,82.19,79.5,-26.27,0,0
98.64,72.57,3.85,0.737,104.09,98.61,15.31,0,1
132.45,71.9,8.4,0.844,136.11,131.55,15.16,0,1
122.0,65.51,2.59,0.757,134.19,123.27,23.51,4,1
93.51,57.91,4.7,0.452,91.67,106.06,14.32,0,0
72.84,50.52,1.18,0.308,72.79,52.73,7.98,4,0
159.65,74.96,2.49,0.712,164.47,178.86,9.69,2,1
91.14,45.0,2.32,0.41,80.09,87.63,15.94,2,0
94.17,54.31,1.75,0.647,91.87,93.39,-12.37,3,0
59.63,47.61,1.23,0.523,64.77,72.93,9.17,0,0
135.38,65.46,3.4,0.504,140.07,141.44,-7.61,3,0
123.24,70.9,2.66,0.784,141.87,128.59,6.58,0,0
66.49,55.4,2.4,0.379,84.38,78.95,-39.16,7,1
49.89,50.85,1.38,0.403,39.68,48.24,-20.77,3,0
121.66,58.45,3.6,0.712,125.52,130.85,-5.92,8,1
118.54,74.6,2.84,0.607,116.37,105.94,-8.7,5,1
72.79,63.19,2.74,0.475,57.0,76.97,-13.9,0,0
154.1,60.02,1.44,0.569,160.25,159.72,-18.26,5,0
58.13,52.92,3.33,0.415,63.76,69.59,-3.17,0,0
91.88,57.65,2.71,0.662,80.19,98.96,13.69,1,0
153.23,78.1,2.81,0.906,154.86,155.28,-4.56,3,1
90.37,65.34,2.08,0.517,83.03,87.19,19.7,0,1
116.62,78.89,2.99,0.599,98.51,113.34,13.13,0,0
87.71,65.52,3.02,0.624,87.76,84.51,-10.54,4,0
72.91,61.4,2.68,0.676,60.68,59.93,4.14,0,0
158.08,69.36,2.44,0.661,161.21,175.51,-22.07,0,1
89.12,59.23,3.13,0.523,90.82,99.11,-18.12,1,0
147.29,84.12,6.15,0.84,156.81,149.84,6.77,3,1
67.59,54.49,1.14,0.527,71.42,75.74,11.07,3,0
65.57,45.0,1.31,0.321,78.36,73.1,35.44,1,0
43.74,45.0,1.85,0.462,31.28,33.81,-9.16,1,0
118.2,65.55,3.06,0.509,107.28,124.57,-2.3,3,0
84.22,59.28,1.39,0.537,90.82,96.92,5.06,1,0
143.72,66.61,2.15,0.723,144.6,136.94,32.72,1,1
96.79,71.22,2.17,0.721,112.71,81.45,32.12,0,0
156.18,70.31,3.28,0.734,165.59,144.56,11.63,5,1
62.26,49.36,2.32,0.379,80.85,61.3,23.58,1,0
144.23,68.15,2.15,0.605,143.24,132.04,5.8,2,0
133.19,69.75,2.59,0.829,119.99,131.47,12.75,0,1
132.51,66.68,2.4,0.546,135.52,125.96,17.02,1,0
141.37,77.63,5.03,0.674,142.0,141.37,-5.12,1,0
131.32,56.92,1.54,0.549,136.71,126.23,4.49,0,0
115.15,70.56,3.23,0.735,125.79,114.79,8.24,3,1
55.75,51.99,3.21,0.437,46.07,61.77,-2.1,3,0
43.9,47.97,3.33,0.352,30.0,34.32,-16.09,0,0
150.5,77.08,4.07,0.676,150.27,153.32,5.95,0,1
114.0,68.02,2.42,0.763,88.68,105.48,-21.82,0,0
135.58,72.91,4.77,0.708,138.72,135.53,-8.97,1,1
97.78,67.69,3.89,0.66,94.1,96.96,-3.98,1,0
54.08,51.11,2.69,0.601,64.44,57.63,10.03,1,0
55.02,56.99,1.32,0.606,31.31,56.87,10.2,0,0
122.27,62.54,1.62,0.578,121.91,134.66,12.6,0,0
91.64,62.71,3.35,0.736,113.27,91.38,30.8,2,1
64.06,46.36,4.93,0.3,66.17,57.79,32.96,6,1
98.99,62.84,3.8,0.528,109.31,108.29,-5.38,5,1
47.71,53.76,3.7,0.581,51.41,51.01,14.65,2,0
109.84,63.72,2.8,0.519,88.29,118.68,2.75,0,0
72.28,52.37,1.49,0.406,70.4,71.08,3.67,0,0
135.71,55.83,2.85,0.608,140.77,122.62,18.6,2,0
77.24,57.22,3.1,0.557,63.44,99.68,-5.33,0,0
94.63,59.62,3.06,0.539,91.89,88.6,10.71,0,0
41.39,51.78,5.3,0.495,30.0,30.0,-31.19,5,1
48.69,49.25,1.44,0.584,44.37,55.86,-2.13,0,0
87.1,51.47,0.95,0.611,82.08,77.65,10.24,3,0
97.59,61.88,5.1,0.455,111.51,93.67,25.47,0,0
112.0,66.11,2.03,0.789,108.55,113.25,-17.22,0,1
75.0,54.22,2.85,0.411,68.02,73.57,-4.96,1,0
123.4,60.79,4.55,0.51,120.65,119.76,-20.51,0,0
143.21,66.58,2.35,0.546,135.04,159.11,-11.07,5,0
133.58,66.04,4.42,0.706,144.34,132.47,11.07,1,0
44.75,45.0,1.11,0.3,30.0,35.76,11.26,2,0
97.66,60.18,3.78,0.428,107.87,107.43,21.37,2,0
52.59,45.0,0.61,0.358,47.6,45.37,1.52,3,0
69.05,53.0,2.58,0.4,80.66,67.95,-5.91,3,0
158.4,78.06,4.18,0.797,129.37,149.35,-17.02,1,1
57.1,50.41,1.84,0.578,30.0,59.21,32.12,3,0
99.87,55.16,2.85,0.684,98.05,100.26,-26.08,1,0
114.18,78.8,6.38,0.528,118.8,113.89,-19.43,2,1
124.3,60.23,3.4,0.551,116.66,125.8,-0.67,0,0
107.16,71.63,6.98,0.788,117.92,115.34,18.1,0,1
41.17,58.75,2.22,0.3,46.95,48.2,18.43,2,0
79.18,65.64,2.87,0.669,88.56,68.78,9.88,0,0
102.13,56.37,1.64,0.466,100.69,95.38,-28.07,1,0
50.54,53.88,7.39,0.611,51.9,59.79,-3.27,1,0
82.08,49.56,0.86,0.463,71.96,74.25,-36.84,0,0
43.98,53.97,1.7,0.388,39.08,48.9,4.66,1,0
49.43,55.66,1.67,0.511,35.36,57.82,1.17,1,0
87.63,55.49,1.86,0.578,77.77,71.21,-7.2,0,0
55.93,45.0,4.25,0.375,57.6,51.86,-20.46,0,0
108.1,54.11,1.74,0.626,103.07,116.26,-17.26,0,0
122.74,75.33,6.05,0.74,116.69,121.27,-32.24,1,1
136.07,65.38,2.55,0.505,139.56,132.03,0.82,2,0
64.02,50.11,3.7,0.3,62.58,72.33,56.31,0,0
60.1,45.84,1.66,0.444,54.38,71.14,-4.69,0,0
52.55,45.0,1.06,0.3,44.76,45.76,-11.46,0,0
116.37,73.07,3.08,0.695,123.26,134.04,7.35,3,1
124.78,64.01,2.47,0.54,135.2,106.93,-15.49,1,0
43.79,54.03,1.49,0.385,41.89,30.0,-21.03,1,0
152.35,67.05,2.34,0.616,138.36,147.8,-18.13,0,1
46.24,47.73,0.97,0.438,40.34,42.89,12.98,0,0
104.96,63.27,2.21,0.441,96.9,102.07,1.97,6,1
125.09,67.0,3.29,0.465,109.74,119.74,-10.54,4,1
144.52,72.11,2.86,0.534,149.17,137.26,15.81,2,1
125.69,69.26,3.82,0.839,137.36,123.49,36.59,0,1
136.21,69.87,8.5,0.546,143.83,130.31,17.06,1,1
80.73,66.51,2.5,0.606,68.95,87.55,-24.21,2,0
137.78,64.45,2.6,0.521,138.08,138.09,-33.75,0,1
49.61,45.0,0.77,0.3,43.54,47.4,-34.44,1,0
147.38,81.15,3.42,0.726,153.58,146.66,18.74,0,1
105.71,57.35,3.19,0.583,106.93,116.85,-13.03,0,0
138.08,78.49,2.88,0.875,143.42,133.24,17.4,0,0
94.28,63.75,1.93,0.741,95.5,81.54,-7.57,2,0
117.23,54.78,1.8,0.744,133.38,107.46,15.06,0,0
103.17,70.63,4.6,0.63,93.43,100.84,7.75,4,0
127.79,47.5,2.12,0.645,126.62,132.61,-14.68,0,0
49.8,45.0,5.24,0.372,58.21,58.59,19.02,0,0
47.24,57.29,4.76,0.601,37.52,63.73,-16.74,3,0
69.65,58.89,1.58,0.53,59.13,77.04,-17.9,1,0
59.15,48.14,0.75,0.489,65.73,50.32,18.07,0,0
144.61,69.39,2.73,0.607,127.66,142.58,2.9,0,0
66.31,45.0,1.61,0.3,68.23,44.67,9.24,0,0
157.1,83.25,3.88,0.929,157.82,153.99,-19.49,2,1
80.43,56.48,1.4,0.447,82.28,74.38,-5.99,1,0
61.85,51.52,1.09,0.443,44.06,38.72,3.5,1,0
134.76,65.11,1.78,0.53,147.59,155.84,47.52,1,1
119.04,72.11,4.98,0.772,107.88,115.27,27.02,0,1
99.78,56.03,5.59,0.39,104.29,78.71,-6.17,3,0
106.64,52.72,1.15,0.734,95.21,103.9,-17.58,4,1
126.3,78.7,2.88,0.515,146.3,142.81,41.14,3,1
67.41,65.94,1.9,0.637,67.3,86.49,10.75,1,0
159.56,67.7,5.01,0.851,187.98,160.14,5.79,6,1
156.98,68.05,6.66,0.617,147.48,157.94,-2.47,1,1
118.04,64.06,2.1,0.66,113.94,130.3,-24.54,2,0
63.95,58.57,1.86,0.397,74.41,62.44,23.4,2,0
121.63,47.53,1.33,0.516,102.84,126.23,15.8,2,1
48.66,49.55,1.82,0.57,39.67,57.06,23.22,1,0
43.68,45.0,2.22,0.372,45.07,32.92,20.96,0,0
70.92,51.45,1.94,0.452,55.74,86.29,-13.36,0,0
95.51,53.38,5.53,0.434,98.47,86.72,17.57,4,0
144.19,70.33,2.18,0.666,147.55,137.85,27.97,0,1
127.26,66.62,4.2,0.81,113.31,128.26,10.03,0,0
129.12,60.93,2.07,0.613,140.99,138.52,21.29,0,0
91.06,67.84,2.58,0.734,78.59,97.83,-2.79,0,0
81.51,64.49,3.52,0.703,92.83,81.02,-10.65,1,0
84.52,57.83,5.25,0.392,81.9,87.37,32.08,1,1
158.52,69.7,3.87,0.626,153.59,169.25,-3.13,2,1
44.81,48.21,2.94,0.56,30.74,44.9,14.82,0,0
144.04,69.01,4.02,0.669,149.38,135.92,47.27,0,1
109.44,61.68,2.08,0.41,95.17,103.41,9.22,1,0
92.63,45.0,2.62,0.467,104.48,101.73,27.07,0,0
127.03,70.82,4.35,0.7,143.97,118.92,-8.37,3,1
98.4,65.8,2.89,0.695,120.0,82.72,-2.29,1,0
144.81,67.85,3.03,0.568,147.54,141.77,24.13,1,1
148.08,66.88,3.95,0.568,142.6,147.33,-12.63,0,1
90.61,45.14,3.06,0.721,89.46,99.21,-24.72,3,0
73.22,54.41,1.68,0.6,68.78,58.64,-32.11,1,0
111.08,76.92,4.84,0.649,115.04,114.55,-1.92,1,0
149.48,74.92,4.82,0.836,159.45,161.0,0.85,2,1
65.28,50.33,1.22,0.447,77.01,57.11,23.82,5,0
114.76,67.02,3.71,0.728,117.55,115.57,-16.41,0,0
115.79,65.75,2.05,0.576,98.47,94.28,16.14,0,0
127.97,69.35,2.11,0.562,122.32,136.71,-24.66,0,1
55.79,51.74,2.19,0.539,73.24,63.74,-12.62,2,0
125.9,69.0,5.53,0.626,107.73,125.7,-6.59,0,0
149.08,88.59,3.17,0.92,164.35,135.81,8.59,1,1
61.56,57.89,3.9,0.404,52.96,68.23,6.14,2,0
68.51,74.51,3.33,0.654,58.99,66.06,-25.92,2,0
156.57,73.46,5.17,0.923,167.77,128.76,11.96,0,1
61.72,61.54,4.27,0.362,75.69,69.5,-23.22,2,0
142.53,68.02,5.0,0.827,151.15,154.16,-35.2,5,1
99.07,62.6,3.75,0.55,94.93,112.47,30.83,0,0
69.67,63.48,4.39,0.656,55.24,56.9,11.62,2,0
144.49,66.94,2.11,0.694,145.17,125.32,0.27,1,0
93.44,62.58,2.1,0.658,78.61,89.33,-40.0,0,0
101.78,67.44,2.26,0.572,97.5,106.96,-10.38,0,0
83.11,49.51,2.81,0.42,78.76,73.68,5.9,3,0
111.15,72.19,2.38,0.493,80.69,95.24,-23.52,1,0
59.62,45.0,0.8,0.429,72.86,66.87,34.72,0,0
86.93,74.19,5.42,0.643,72.93,83.48,4.32,6,0
156.33,81.73,4.54,0.791,157.92,162.56,-15.82,2,1
70.98,55.73,4.27,0.568,76.75,71.13,-25.84,1,0
118.81,60.24,1.64,0.549,133.5,117.15,23.09,2,0
79.02,52.55,1.72,0.51,67.71,78.38,9.48,0,0
132.82,62.88,2.07,0.496,100.63,129.23,-2.48,0,0
55.7,53.87,1.05,0.574,68.13,51.12,36.55,0,0
156.38,87.37,3.54,0.945,148.29,145.37,4.19,0,0
94.45,72.6,2.87,0.526,97.29,99.29,3.11,4,0
68.33,50.64,0.98,0.3,67.39,80.8,13.29,0,0
48.82,45.0,1.75,0.3,30.0,43.81,12.82,0,0
60.37,49.79,1.51,0.522,39.44,79.03,1.91,2,0
102.37,61.37,1.55,0.632,97.48,106.14,-1.88,3,0
80.44,52.27,2.76,0.636,50.16,83.02,2.29,0,0
139.47,59.17,3.31,0.6,123.41,146.02,-6.3,3,1
91.71,76.45,5.08,0.661,94.39,101.46,-7.44,0,0
69.85,58.21,2.29,0.565,68.08,65.3,1.3,0,0
114.06,56.56,6.39,0.551,116.72,119.61,-4.41,1,0
124.81,72.75,5.85,0.673,131.66,135.28,1.88,0,1
60.05,45.0,1.7,0.319,34.24,56.25,-28.13,3,0
60.11,45.0,1.38,0.441,41.52,60.16,8.69,3,0
44.4,46.68,0.61,0.566,52.85,36.73,8.07,2,0
128.37,78.18,4.35,0.634,147.33,123.44,22.27,0,0
119.66,67.05,3.07,0.775,111.54,116.16,4.62,0,0
96.96,45.0,4.66,0.607,100.2,87.91,-14.62,2,1
141.3,75.68,3.69,0.581,150.6,140.67,28.47,0,1
136.68,67.92,9.29,0.722,141.98,139.99,-1.4,0,1
110.24,50.42,3.71,0.613,107.52,114.52,-7.86,0,0
144.19,67.71,6.47,0.672,137.95,136.11,0.74,1,0
64.7,52.9,1.57,0.322,82.96,58.64,13.34,0,0
53.43,52.52,1.19,0.407,50.72,61.94,45.46,0,0
72.37,63.1,3.98,0.326,71.56,66.28,10.33,1,0
46.85,45.0,2.81,0.3,44.74,55.09,-9.79,1,0
103.74,61.33,1.84,0.558,93.14,96.42,28.87,1,0
152.39,65.95,3.93,0.659,154.19,156.16,-28.44,0,1
44.72,45.0,1.81,0.584,40.54,52.24,-10.77,0,0
54.65,55.75,1.32,0.394,46.46,30.0,-14.1,0,0
94.26,65.53,2.78,0.666,99.39,102.95,2.48,2,0
152.07,75.0,6.31,0.748,144.04,165.11,2.22,0,1
77.94,61.06,2.52,0.595,63.39,74.85,0.57,3,0
100.87,54.0,3.37,0.487,104.63,104.33,9.39,3,0
44.99,46.0,0.6,0.592,38.44,36.6,8.07,4,0
57.8,52.07,2.88,0.465,50.97,61.44,-4.5,3,0
158.4,85.58,7.34,0.888,141.0,183.01,14.52,2,1
155.81,83.47,3.85,0.693,169.24,133.85,-22.3,3,1
40.59,50.66,1.46,0.3,40.88,35.59,-40.0,2,0
154.22,75.14,3.87,0.812,166.96,162.18,19.7,0,1
116.69,61.72,5.22,0.433,118.01,129.31,-5.31,2,0
144.15,70.77,2.34,0.703,128.01,130.33,22.84,1,0
94.57,49.52,1.55,0.441,94.13,88.19,18.55,0,0
101.87,62.87,1.83,0.637,95.29,96.07,7.31,2,0
98.66,56.15,2.2,0.768,90.46,92.13,-12.86,3,0
120.02,64.28,2.82,0.626,126.54,118.86,15.42,1,0
56.76,65.9,6.08,0.577,76.21,42.47,2.59,1,0
43.6,54.15,1.85,0.414,57.79,41.05,8.17,1,0
76.95,49.31,2.01,0.509,82.6,67.59,-3.05,2,0
124.56,70.32,5.27,0.826,128.72,123.87,6.74,0,1
64.22,51.01,1.44,0.629,62.21,57.17,-5.52,2,0
120.81,68.1,3.57,0.757,113.09,119.12,14.15,0,0
156.39,78.94,4.66,0.668,154.51,146.03,7.21,0,0
51.27,55.06,1.71,0.452,59.21,60.8,-5.2,3,0
120.71,80.29,2.89,0.532,141.22,117.46,2.2,0,1
93.25,67.27,2.88,0.537,82.2,93.39,-28.39,3,1
144.18,72.21,2.79,0.706,122.36,142.72,-40.0,6,1
61.26,60.34,1.89,0.596,54.82,61.33,13.57,0,0
123.12,68.74,7.37,0.808,138.12,123.14,1.09,4,1
140.57,61.38,2.53,0.668,166.79,148.63,-8.8,1,0
153.35,77.32,5.35,0.547,168.02,150.49,15.33,0,1
121.99,76.63,2.72,0.791,141.23,114.79,-3.37,1,0
99.66,55.98,5.36,0.449,86.44,100.08,-7.86,3,0
114.14,67.32,4.21,0.671,105.71,108.01,-27.48,2,1
144.27,74.9,4.77,0.523,126.84,143.52,2.97,1,0
108.47,67.83,2.61,0.565,99.79,97.95,-2.76,0,0
43.65,45.0,1.5,0.605,54.72,54.14,14.53,2,0
151.71,70.35,3.37,0.575,170.72,143.91,1.8,0,1
122.74,64.18,3.99,0.618,127.24,134.74,6.7,0,0
121.18,71.63,4.93,0.566,117.45,120.57,-28.06,2,1
65.88,64.59,1.8,0.64,53.87,74.44,34.94,1,0
119.07,78.21,6.01,0.785,121.41,111.39,8.64,0,0
87.26,47.69,4.82,0.437,86.44,67.6,30.32,2,1
118.15,55.41,2.47,0.467,97.93,101.66,-14.9,0,0
52.79,59.45,1.68,0.489,61.63,77.82,-14.48,2,0
118.94,59.48,3.93,0.571,113.28,112.96,-11.68,1,1
159.93,65.55,2.93,0.829,174.84,170.89,6.67,1,0
45.79,49.6,3.32,0.3,39.65,32.81,-5.16,1,0
157.26,66.39,4.31,0.605,160.93,159.05,35.34,0,1
88.83,72.88,2.31,0.621,80.83,92.31,-19.4,1,0
144.49,70.21,3.41,0.598,140.32,172.85,-12.97,3,1
133.89,73.32,3.19,0.825,146.08,130.71,18.93,4,1
108.04,55.81,5.53,0.428,103.02,100.93,-31.07,2,1
128.61,75.73,2.87,0.552,114.39,132.12,-7.84,6,1
145.42,78.72,2.87,0.916,153.07,136.17,6.38,1,1
88.5,54.88,4.5,0.519,91.5,92.59,9.3,0,0
79.24,52.8,1.21,0.599,95.7,78.71,14.51,2,0
120.11,61.84,3.25,0.513,132.21,112.57,41.83,4,1
136.94,63.57,2.15,0.735,138.86,141.89,-14.97,0,1
131.47,77.54,3.71,0.765,128.2,132.56,-13.23,0,0
135.74,54.53,2.51,0.613,133.26,143.34,9.73,6,1
92.27,61.57,2.3,0.688,87.75,108.79,1.82,2,0
138.14,74.89,7.82,0.736,146.93,133.12,10.72,0,1
54.43,52.03,1.13,0.399,62.9,50.31,-21.05,1,0
105.34,57.76,2.01,0.619,120.6,91.88,46.89,0,0
40.69,53.04,1.83,0.433,32.4,45.9,3.98,0,0
78.95,46.72,2.1,0.383,68.47,72.5,-33.72,0,0
83.98,56.27,1.96,0.493,76.79,87.43,7.41,0,0
87.54,61.19,1.62,0.48,61.96,99.2,-32.65,1,0
123.46,68.53,6.33,0.611,109.24,116.61,9.61,0,1
86.63,55.88,1.96,0.644,87.1,81.88,-23.44,4,1
93.84,67.82,2.5,0.555,97.49,103.99,19.93,2,0
68.51,58.92,2.22,0.662,75.63,75.58,-18.41,0,0
84.79,60.72,1.81,0.452,72.46,90.81,-23.7,0,0
67.27,63.5,1.77,0.448,58.34,63.36,-1.99,8,0
48.78,60.17,1.65,0.541,44.37,34.42,-13.22,1,0
112.41,72.09,2.4,0.636,108.55,105.3,-11.91,1,0
120.19,67.36,2.17,0.659,129.63,110.09,-22.82,0,0
114.34,65.32,2.54,0.444,95.53,120.15,-15.34,0,1
95.62,60.5,2.9,0.526,80.35,98.46,8.28,2,1
85.57,47.0,2.11,0.445,78.89,79.59,30.47,1,0
143.6,77.92,2.48,0.911,133.42,139.32,9.81,7,1
102.29,61.39,5.29,0.51,77.69,107.05,0.03,5,1
97.5,68.37,4.5,0.726,82.11,94.31,-38.09,0,0
43.08,49.06,5.73,0.48,37.76,37.27,-3.18,8,0
80.95,49.79,1.46,0.459,85.7,100.74,-9.35,7,0
85.62,62.8,3.21,0.554,92.53,80.13,-23.74,2,1
87.86,52.48,1.22,0.68,108.51,94.55,-12.57,0,0
109.62,77.21,4.98,0.762,114.08,113.55,14.26,0,1
104.03,56.89,1.48,0.456,103.99,88.8,-10.05,0,0
112.95,64.03,2.23,0.555,109.04,106.16,-28.51,0,0
131.79,70.41,3.04,0.609,129.55,139.98,-12.57,3,1
137.56,69.01,3.29,0.509,160.71,136.24,16.79,5,1
126.17,58.01,2.51,0.698,131.27,111.53,-9.59,2,1
154.66,82.62,2.92,0.886,164.56,158.61,-16.83,2,1
42.19,48.93,1.56,0.359,30.0,36.36,-22.66,0,0
63.49,50.74,4.69,0.566,67.75,67.85,18.05,1,0
40.91,45.0,3.59,0.454,45.88,67.79,-34.91,2,1
117.7,61.4,2.82,0.583,130.69,121.52,1.67,0,0
147.76,59.07,2.62,0.58,154.92,153.89,1.5,2,0
69.22,68.22,2.07,0.571,67.12,66.68,-14.65,0,0
151.24,86.48,3.32,0.876,154.72,140.05,-15.51,0,1
47.23,54.15,1.49,0.496,44.29,57.47,16.23,1,0
152.13,66.34,2.79,0.544,152.29,146.07,17.72,1,0
82.19,52.78,2.94,0.413,93.67,79.9,7.63,2,0
52.17,52.13,1.85,0.3,59.04,70.11,-6.34,1,0
98.3,73.63,2.42,0.603,107.4,94.93,6.58,0,0
70.81,53.0,1.85,0.595,95.06,82.97,19.4,6,1
74.18,45.0,0.77,0.347,37.25,78.06,-20.48,2,0
76.87,70.01,4.09,0.646,72.27,71.34,5.46,4,0
136.36,57.23,1.51,0.711,138.45,139.78,-5.32,3,0
104.7,56.9,2.2,0.67,98.03,97.54,-40.0,0,1
77.36,58.89,3.11,0.701,68.21,86.4,-8.05,5,1
113.24,48.89,1.12,0.453,89.7,125.71,0.56,7,0
125.94,78.63,2.64,0.818,126.57,126.43,0.87,0,0
72.71,57.12,2.47,0.349,78.41,86.14,9.04,0,0
89.63,53.57,1.1,0.506,97.03,91.23,-1.18,8,0
54.63,63.26,2.93,0.584,45.29,63.77,-8.14,0,0
61.74,66.6,3.9,0.628,64.94,91.25,4.67,3,0
121.73,65.16,2.31,0.648,138.98,146.49,43.61,0,0
61.77,50.19,1.82,0.503,41.59,59.95,5.07,2,0
103.02,79.58,6.54,0.672,102.56,105.95,12.55,2,1
125.09,75.02,3.26,0.788,132.29,114.55,7.29,5,1
52.83,48.72,9.23,0.3,46.95,60.81,-26.91,2,1
108.08,75.46,2.58,0.728,120.85,111.97,28.45,0,1
70.79,56.35,3.03,0.485,50.51,63.05,6.19,1,0
155.55,69.47,3.55,0.727,146.02,167.42,1.82,0,0
98.03,60.36,4.51,0.544,105.08,95.37,2.74,1,0
136.72,76.62,2.54,0.694,118.17,131.51,0.55,1,1
106.03,52.86,1.46,0.776,119.29,110.02,2.47,0,0
45.21,47.14,0.84,0.435,47.31,40.56,14.15,2,0
115.98,78.81,6.59,0.809,129.07,115.66,-8.54,0,1
154.17,66.41,2.62,0.615,148.83,171.63,-37.05,3,1
112.19,76.81,6.02,0.706,120.44,106.05,-17.5,0,1
138.3,82.64,3.28,0.82,128.63,145.06,-2.3,1,1
146.1,72.71,2.37,0.79,144.93,140.27,-6.02,3,1
67.37,50.75,1.37,0.525,66.3,57.64,-3.19,3,0
65.45,51.86,2.28,0.502,52.71,64.63,-29.7,1,0
113.32,86.26,5.77,0.764,119.22,140.16,8.39,0,1
89.32,74.94,3.03,0.677,77.13,97.14,-24.76,1,0
140.78,67.28,5.53,0.551,143.03,145.4,10.06,3,1
148.0,71.03,2.48,0.863,174.17,142.76,-12.38,0,1
82.41,57.0,2.99,0.493,65.19,78.56,-23.71,0,0
68.42,53.14,2.98,0.387,63.89,53.59,-19.78,1,0
133.66,63.57,2.09,0.829,118.83,151.61,2.91,1,0
72.98,54.8,1.13,0.472,60.42,75.67,-14.59,0,0
138.71,82.05,3.4,0.819,151.53,140.53,14.05,1,1
90.85,45.0,0.57,0.458,82.84,92.89,16.52,0,0
120.11,66.35,5.25,0.442,125.85,141.01,34.91,0,1
51.46,59.66,5.98,0.433,52.39,54.46,4.62,3,0
114.86,56.42,3.18,0.465,111.38,112.94,-21.58,1,0
94.21,74.1,4.19,0.664,83.15,112.2,16.99,0,0
110.39,56.27,1.59,0.522,117.05,109.1,30.53,6,1
60.16,54.56,1.19,0.438,60.57,43.25,-0.87,0,0
128.42,61.12,3.9,0.5,108.09,113.15,13.57,0,0
143.54,66.51,3.02,0.625,132.47,141.62,0.46,6,1
66.01,51.85,2.63,0.591,32.59,68.93,-40.0,0,0
51.49,51.61,3.17,0.3,30.0,59.71,-22.1,6,1
42.84,55.55,1.92,0.467,36.42,33.65,-12.3,2,0
117.04,68.56,2.15,0.798,108.33,114.78,-10.9,1,0
112.85,56.17,3.55,0.69,104.68,104.75,-20.89,1,0
105.6,68.19,2.8,0.721,124.71,116.74,-7.81,1,1
67.83,52.81,3.6,0.327,74.72,80.66,27.67,3,0
86.91,54.04,1.91,0.441,75.39,106.49,-37.02,0,0
111.34,80.57,3.0,0.772,124.3,114.85,-6.55,3,1
99.61,52.12,1.21,0.665,115.49,118.26,19.12,6,1
158.53,60.04,3.45,0.811,170.19,151.61,-4.21,1,0
56.37,47.71,1.95,0.515,58.25,58.53,8.15,0,0
123.42,70.38,2.8,0.616,136.92,112.81,-0.48,0,0
88.52,46.47,1.6,0.363,93.02,94.25,10.12,0,0
91.38,55.04,2.3,0.668,78.19,94.23,-25.28,0,0
126.11,75.32,2.73,0.73,126.44,101.57,-33.29,0,0
123.09,69.16,2.66,0.638,117.24,134.19,-10.15,1,1
158.95,80.9,3.17,0.917,179.12,167.5,-22.1,0,0
55.41,54.8,1.83,0.381,44.06,49.85,-6.88,4,0
52.49,45.28,1.56,0.355,38.57,55.31,-27.42,1,0
126.92,68.13,2.17,0.81,143.44,111.98,-11.99,0,0
109.41,71.75,2.86,0.727,115.06,101.7,29.32,0,0
72.9,45.64,1.27,0.505,96.33,89.59,16.64,2,0
49.53,45.0,1.01,0.3,33.18,37.99,-35.83,1,0
50.28,45.0,10.25,0.317,38.39,50.37,-6.81,2,0
147.3,79.72,2.7,0.784,164.45,133.34,6.0,0,0
63.02,53.32,2.54,0.423,44.14,66.4,-40.0,4,0
78.8,65.6,2.02,0.651,95.66,84.43,14.69,0,0
67.2,45.0,3.24,0.662,53.94,74.44,10.52,0,0
82.6,62.35,5.22,0.65,90.92,87.28,-3.45,2,0
48.33,52.73,1.73,0.376,30.0,62.6,-14.42,2,0
102.29,54.95,3.7,0.702,104.88,96.75,-8.74,1,0
48.11,53.87,1.46,0.365,30.0,37.53,-2.12,0,0
136.04,65.0,1.93,0.555,158.26,130.17,6.62,0,0
68.05,70.71,2.61,0.3,49.19,54.58,-13.2,0,0
104.8,45.7,1.17,0.549,93.83,105.59,-20.06,1,0
145.61,84.88,3.65,0.878,157.6,144.21,42.74,2,1
118.11,59.7,2.08,0.53,109.49,122.88,-8.98,2,0
103.95,47.63,1.45,0.474,109.84,87.79,15.55,3,0
78.92,57.27,3.09,0.705,72.48,78.79,1.56,0,0
79.96,53.68,1.44,0.33,65.1,92.11,-40.0,1,1
120.34,75.7,2.37,0.755,123.11,126.06,-5.28,0,0
159.3,84.61,3.89,0.686,146.42,140.34,-27.19,1,1
119.42,70.7,2.93,0.453,121.24,119.3,18.49,2,1
106.93,59.98,1.49,0.768,120.82,99.61,-15.85,2,1
127.68,71.54,2.31,0.519,132.69,127.81,11.41,0,0
95.82,63.32,2.67,0.588,103.31,92.02,21.68,0,0
47.22,45.0,0.9,0.331,30.0,64.61,-3.56,4,0
107.48,56.85,4.36,0.429,98.51,108.33,-4.42,3,0
154.92,63.89,1.92,0.565,151.48,158.08,-8.84,0,0
61.04,48.65,0.75,0.309,72.68,60.6,3.6,1,0
122.8,56.74,2.09,0.477,113.36,127.55,-28.84,0,0
64.11,48.33,7.12,0.577,36.02,61.94,-10.84,1,0
104.3,65.18,3.22,0.587,91.99,112.03,12.77,1,0
51.6,52.94,1.63,0.372,39.11,47.68,-21.95,0,0
94.04,57.53,1.28,0.529,66.76,107.81,-13.31,1,1
130.74,81.78,3.7,0.844,147.24,135.7,6.39,2,1
81.71,59.17,1.7,0.689,64.66,80.18,-2.9,0,0
119.79,65.49,3.29,0.726,127.65,128.21,-5.72,2,1
135.45,77.45,3.76,0.84,127.15,140.38,-31.31,0,1
151.26,69.8,2.45,0.662,170.58,159.53,-10.51,3,1
68.16,53.24,1.1,0.437,61.58,69.01,-40.0,0,0
87.92,45.0,2.61,0.589,81.95,85.51,10.99,0,0
58.29,52.97,2.3,0.504,62.72,59.64,9.37,0,0
159.1,61.32,4.25,0.75,150.01,154.09,-4.81,4,1
151.24,62.99,2.03,0.694,160.03,161.03,-8.15,1,1
104.79,57.59,2.84,0.789,102.79,119.49,-3.92,1,0
141.04,66.15,1.96,0.832,138.54,146.83,-1.76,0,0
102.51,57.07,1.74,0.562,100.69,116.7,-10.29,0,0
114.83,63.2,3.2,0.715,104.06,126.1,-14.08,1,0
50.69,52.25,3.55,0.34,43.2,48.01,19.82,0,0
130.63,65.45,2.31,0.512,132.95,138.99,-21.36,4,1
55.33,45.0,2.91,0.387,30.0,42.5,5.21,1,0
139.13,69.42,3.66,0.659,153.4,140.99,-21.94,0,0
133.84,66.01,2.4,0.488,141.4,122.02,32.72,0,0
125.05,67.48,4.99,0.781,106.42,123.95,-40.0,0,1
44.34,46.64,1.67,0.357,30.0,30.0,1.21,0,0
76.38,57.82,2.84,0.541,85.3,87.32,-7.39,0,0
71.57,55.7,2.17,0.324,75.23,67.62,-1.18,0,0
83.22,45.0,1.4,0.4,86.69,92.28,-0.7,3,0
50.52,52.05,3.75,0.587,33.14,49.76,2.21,0,0
152.43,84.44,3.39,0.781,177.99,133.99,-22.53,3,1
106.46,76.87,2.47,0.779,100.99,101.61,-3.29,1,0
76.66,66.69,4.98,0.709,81.73,71.36,5.87,4,1
87.64,60.69,4.06,0.492,88.49,87.49,-11.48,2,0
93.66,69.14,2.63,0.481,110.39,108.74,6.36,0,0
112.07,80.72,2.95,0.76,116.76,128.81,-9.61,5,1
101.88,65.51,3.42,0.785,110.57,99.57,14.33,0,0
150.33,66.83,1.93,0.783,153.06,137.72,7.92,0,1
99.64,61.98,2.35,0.697,87.22,92.19,-2.3,6,1
159.06,98.78,3.86,0.87,136.63,163.86,0.71,0,1
142.17,58.06,2.65,0.649,143.53,141.09,23.13,1,0
65.02,50.58,0.88,0.505,46.17,49.27,-27.27,6,1
151.67,66.07,3.25,0.868,161.24,146.64,44.78,2,1
53.96,53.4,2.68,0.517,54.09,67.08,7.14,2,0
138.09,56.36,2.18,0.503,137.64,141.02,-9.25,1,0
85.67,55.38,1.41,0.472,70.47,86.15,33.79,1,0
145.36,54.0,1.2,0.574,157.27,141.47,-1.51,5,1
144.17,72.59,2.72,0.606,149.98,139.57,-18.89,1,1
136.71,81.87,3.65,0.852,127.58,142.15,-13.74,2,1
134.8,61.51,3.03,0.499,157.61,136.22,1.36,2,0
76.56,51.98,0.92,0.398,69.98,84.27,16.24,1,0
49.71,46.64,2.46,0.353,30.0,55.18,-11.89,4,0
88.36,60.82,3.32,0.592,79.09,88.55,-2.83,0,0
60.82,52.26,1.82,0.476,40.24,64.67,-9.15,0,0
123.39,68.82,2.56,0.537,138.46,117.47,28.52,1,1
81.53,62.12,4.3,0.39,90.3,81.05,-1.42,0,0
157.07,65.51,4.03,0.646,166.87,170.48,1.21,5,1
116.92,62.67,7.7,0.632,124.17,117.02,-8.77,3,1
138.7,73.73,2.92,0.605,153.77,136.53,-0.04,0,0
55.9,45.6,4.1,0.627,53.53,58.01,8.27,0,0
143.44,56.62,1.33,0.696,150.43,131.79,16.61,2,0
150.73,69.59,2.77,0.556,140.1,152.94,25.28,0,1
98.45,66.42,2.72,0.667,97.95,115.41,-2.12,3,0
112.75,57.1,2.1,0.55,117.15,104.66,-2.55,0,0
131.78,65.63,3.21,0.737,97.54,134.45,-9.97,3,1
60.98,45.0,0.78,0.375,49.04,60.75,-14.41,1,0
100.31,55.71,4.16,0.609,102.47,99.82,-10.45,1,0
87.84,65.84,2.95,0.652,87.96,87.17,5.88,0,0
57.56,47.47,4.17,0.624,52.61,64.71,-9.53,7,1
84.1,53.18,0.99,0.437,87.91,73.12,-3.31,0,0
48.18,45.0,1.99,0.358,34.86,55.07,4.24,0,0
43.1,45.0,1.3,0.395,30.0,43.79,-0.97,0,0
56.22,61.51,2.55,0.62,70.82,38.59,43.31,1,0
155.57,73.88,4.28,0.907,174.23,159.37,25.92,0,1
105.94,59.56,1.76,0.434,95.43,107.08,-19.07,1,0
155.9,59.34,1.7,0.6,155.08,147.18,-7.6,4,1
91.9,53.94,2.86,0.554,101.13,93.51,-20.1,1,0
77.42,57.28,2.34,0.355,73.04,64.26,-19.7,0,0
100.74,77.73,2.86,0.52,105.51,93.89,25.11,0,0
92.74,45.0,1.49,0.418,94.8,93.11,-3.97,0,0
52.68,50.31,1.74,0.492,46.7,35.82,-27.94,4,0
116.9,72.18,3.89,0.81,127.3,105.39,-29.85,0,1
65.92,53.99,1.04,0.676,55.87,55.91,-31.52,0,0
114.35,68.93,3.26,0.573,118.54,115.14,-12.35,6,1
118.02,59.98,2.79,0.674,118.61,122.44,0.36,1,0
58.24,56.24,3.23,0.597,53.86,49.31,-9.33,0,0
47.36,45.0,3.8,0.3,30.0,37.87,3.89,4,0
133.69,79.01,3.41,0.757,138.41,135.07,-14.49,1,1
95.18,54.27,1.69,0.529,94.22,96.29,21.6,0,0
46.98,45.0,0.66,0.303,30.97,39.98,-10.46,2,0
159.38,80.01,3.22,0.719,142.61,177.67,-0.14,0,0
46.93,45.0,0.61,0.3,30.0,48.78,-17.83,1,0
123.4,68.7,4.36,0.728,122.92,121.7,18.06,3,1
158.04,58.83,3.8,0.655,162.82,154.18,-21.5,5,1
68.7,45.0,1.31,0.411,87.11,78.79,-13.0,1,0
57.07,50.24,1.27,0.3,50.53,62.52,-20.72,1,0
54.57,47.49,0.84,0.59,34.85,37.19,11.31,0,0
76.39,51.81,3.77,0.507,72.04,69.43,-6.44,1,0
52.13,54.4,4.21,0.465,64.45,47.66,-10.91,0,0
123.06,62.83,2.03,0.677,116.4,122.94,-6.86,1,0
47.48,54.05,2.5,0.387,56.63,53.75,7.67,2,0
101.13,59.69,1.83,0.46,100.45,90.43,-19.73,1,0
159.6,79.91,2.98,0.857,172.5,158.81,9.32,0,1
137.68,74.43,2.3,0.544,158.86,154.67,8.14,0,0
113.83,62.39,2.83,0.463,89.04,114.12,-21.5,0,0
76.75,68.64,2.16,0.594,87.39,69.81,-17.47,0,0
114.87,67.81,1.89,0.508,111.89,101.53,14.51,0,0
103.24,56.13,1.33,0.512,90.1,98.38,-15.01,4,0
91.13,67.81,2.43,0.543,88.79,80.34,-40.0,2,0
55.69,52.37,2.6,0.427,72.51,51.74,14.82,4,0
146.39,70.76,2.39,0.803,166.46,151.81,16.89,1,1
93.97,62.83,4.85,0.611,70.19,94.34,4.9,0,0
63.35,61.99,2.03,0.528,52.67,58.55,2.1,0,0
84.13,62.76,2.17,0.618,95.81,66.22,8.33,0,0
89.7,69.36,2.33,0.466,86.76,98.02,-10.23,2,0
139.3,75.67,2.78,0.627,139.63,135.78,-8.55,0,0
128.03,70.35,2.14,0.639,110.0,129.11,3.15,0,0
132.32,59.16,1.87,0.6,123.37,123.2,-7.3,3,1
41.32,51.39,3.83,0.598,30.0,37.23,-31.53,0,0
89.94,62.38,3.29,0.675,71.61,84.14,-15.36,1,0
97.76,62.02,4.64,0.439,79.45,84.42,-10.13,0,0
42.3,49.81,0.95,0.3,30.0,33.22,-40.0,4,0
71.18,51.13,1.78,0.311,56.26,71.03,5.98,2,0
131.23,66.31,2.17,0.571,120.56,134.22,-5.33,1,0
56.45,52.51,2.87,0.3,62.7,49.61,-21.41,3,0
104.24,56.28,6.45,0.606,93.47,92.21,-10.74,2,0
65.82,68.76,4.46,0.621,83.35,62.26,6.92,3,0
41.45,45.0,0.55,0.499,33.63,49.25,13.11,6,0
68.94,61.36,2.05,0.373,69.68,59.55,16.87,0,0
157.1,72.53,2.2,0.711,164.98,157.23,23.34,0,1
136.18,76.24,2.44,0.692,127.24,129.58,2.3,1,1
155.15,79.06,2.67,0.87,156.6,166.43,-11.04,1,1
98.54,66.49,2.27,0.711,94.73,93.48,-18.23,3,0
53.17,58.44,1.85,0.603,57.71,59.79,-10.34,0,0
105.76,68.05,2.65,0.601,104.23,115.91,-1.95,1,0
94.53,59.41,2.14,0.641,86.37,109.94,-4.53,1,0
141.32,73.66,4.43,0.549,141.73,127.79,18.72,1,1
51.77,45.0,0.73,0.461,53.07,37.79,-3.93,0,0
98.59,58.13,1.55,0.475,118.29,110.24,-26.57,0,0
58.01,56.72,2.68,0.427,55.36,68.02,-22.79,0,0
78.96,64.57,2.95,0.571,78.49,72.79,-17.8,1,0
128.48,68.2,2.14,0.568,132.99,96.11,-15.33,1,0
97.12,53.12,3.86,0.392,81.57,97.93,-40.0,0,1
85.11,59.03,1.94,0.339,59.19,69.93,15.29,2,0
87.34,48.69,1.41,0.351,78.61,79.06,-40.0,3,1
95.13,67.25,2.65,0.369,103.37,96.95,-6.21,0,0
134.2,64.21,2.24,0.527,147.54,137.36,18.52,2,1
147.05,58.2,2.52,0.617,124.84,162.86,-0.49,0,0
154.64,62.14,2.27,0.632,163.28,150.91,-22.13,3,1
134.43,73.92,2.69,0.878,113.77,124.67,11.39,6,1
77.85,55.05,4.63,0.436,80.08,87.02,20.21,0,0
122.58,76.14,2.92,0.499,125.34,126.35,-1.88,2,0
92.51,52.5,2.75,0.576,71.34,88.88,-10.1,0,0
70.56,58.23,1.93,0.635,83.26,70.88,-10.1,6,0
140.9,64.57,2.53,0.774,165.31,137.12,16.75,1,1
44.61,45.0,0.9,0.332,38.51,51.53,1.02,1,0
148.21,84.25,4.95,0.749,152.89,165.09,-6.42,2,1
95.38,54.15,3.05,0.652,114.17,88.12,21.02,0,0
116.46,71.09,2.1,0.721,105.36,120.67,0.42,0,0
119.12,69.72,2.08,0.704,107.99,103.82,52.27,0,1
147.41,75.21,6.15,0.871,142.75,136.69,-18.56,1,1
116.4,72.03,5.42,0.777,120.39,122.03,25.99,2,1
113.67,56.75,2.26,0.653,115.14,112.97,-14.61,3,1
48.0,60.19,2.43,0.396,37.28,36.91,4.13,1,0
102.21,76.39,4.89,0.643,99.47,102.3,-40.0,2,1
58.02,55.07,1.33,0.581,51.17,66.81,-12.65,0,0
128.49,79.43,4.16,0.468,119.95,114.02,4.22,2,1
101.47,63.46,2.58,0.781,95.87,118.93,1.52,0,0
121.63,65.5,3.77,0.518,110.86,127.36,-40.0,0,1
45.0,58.35,1.35,0.403,30.0,50.93,-14.91,1,0
50.18,50.3,2.17,0.579,47.08,50.16,25.03,0,0
125.96,54.42,2.29,0.548,101.45,143.43,6.27,0,0
48.65,45.0,3.26,0.417,53.99,58.27,19.96,3,1
48.55,60.71,3.14,0.3,35.83,44.88,35.98,1,0
41.45,45.0,3.68,0.362,35.27,49.03,-34.5,0,0
154.78,68.8,5.2,0.615,150.61,147.45,-9.19,1,1
128.5,58.26,2.08,0.611,125.79,125.7,-0.8,3,0
82.39,62.41,1.77,0.477,95.08,97.06,-6.82,1,0
75.58,54.97,2.59,0.704,61.45,79.46,-4.82,3,0
81.96,58.45,4.41,0.724,64.96,88.58,14.92,0,0
132.96,66.66,1.92,0.525,132.89,144.65,1.95,1,0
119.36,60.17,2.63,0.728,115.98,124.85,-40.0,0,0
62.22,47.08,0.81,0.3,60.54,54.11,11.34,1,0
60.89,57.95,1.32,0.3,63.49,77.51,1.03,1,0
51.81,49.77,2.49,0.3,32.53,56.97,-40.0,1,0
119.24,70.9,3.77,0.824,130.96,125.1,-5.22,1,1
131.72,74.05,3.62,0.852,124.49,132.28,-34.86,1,1
71.81,48.87,3.67,0.373,68.16,82.91,-7.0,4,0
42.51,59.35,1.49,0.3,30.0,61.66,-15.33,0,0
49.86,45.0,0.67,0.326,45.96,46.11,-29.4,1,0
156.14,75.26,5.31,0.755,158.99,166.8,5.94,0,1
75.45,56.98,2.27,0.534,60.9,75.8,-26.76,0,0
132.31,72.55,2.63,0.566,115.32,112.33,15.34,0,0
114.96,74.65,4.29,0.728,126.52,100.92,8.81,2,1
85.83,55.68,4.51,0.461,77.62,90.08,-8.8,2,0
64.68,59.31,3.11,0.643,77.68,74.79,29.07,0,0
54.57,54.64,3.43,0.506,46.17,60.66,0.49,7,0
113.8,47.56,1.15,0.596,129.35,121.49,14.01,0,0
132.96,60.19,1.92,0.795,125.47,158.85,-4.91,3,0
117.27,63.83,4.62,0.759,138.12,122.55,4.78,0,0
103.64,55.79,2.58,0.507,103.87,100.99,7.39,0,0
45.03,45.0,0.9,0.351,44.85,43.77,27.34,2,0
156.22,83.26,3.91,0.923,150.63,172.57,-40.0,1,1
135.85,65.73,3.48,0.553,143.66,123.15,37.54,1,1
75.14,49.32,1.13,0.322,78.75,87.52,-16.34,2,0
157.6,64.71,3.28,0.734,156.39,157.76,2.86,2,1
112.23,66.45,1.85,0.737,89.36,103.91,-40.0,4,1
109.89,47.56,1.2,0.718,98.9,95.39,21.35,0,0
129.77,70.75,3.73,0.837,121.15,144.57,-29.2,0,1
137.41,70.19,2.25,0.706,144.91,128.84,23.95,8,1
118.78,62.92,1.95,0.476,110.72,119.4,-8.37,0,0
55.37,45.0,3.67,0.482,47.66,45.62,-6.79,0,0
80.59,60.99,3.14,0.633,74.46,100.25,-25.73,0,0
151.37,61.2,2.51,0.571,168.43,152.35,30.48,2,1
66.95,45.0,0.86,0.35,62.5,53.49,-4.88,1,0
84.66,57.7,1.89,0.339,81.81,80.37,11.49,0,0
91.85,74.2,3.53,0.593,84.28,105.78,-40.0,0,0
92.73,63.59,1.87,0.713,94.63,82.96,-15.09,1,0
113.55,60.04,2.39,0.689,103.62,109.94,-0.45,0,0
153.17,79.1,3.34,0.932,163.94,165.04,-23.02,0,1
68.88,56.2,2.14,0.312,49.36,72.31,-3.26,1,0
54.58,59.16,1.52,0.605,63.61,42.39,-7.4,0,0
63.7,75.17,2.48,0.597,54.81,65.93,-18.44,0,0
146.43,64.58,6.67,0.645,158.71,144.9,15.37,1,1
117.5,71.44,7.91,0.822,144.82,118.02,16.74,5,1
74.31,63.94,2.47,0.418,70.68,83.77,-22.04,0,0
137.91,83.83,5.16,0.849,158.64,140.32,30.58,0,1
143.36,60.91,3.05,0.862,157.63,142.44,16.23,1,1
141.58,72.91,2.36,0.808,128.54,140.16,-40.0,0,1
150.27,83.34,3.33,0.756,154.73,161.04,-3.23,1,1
70.27,70.75,2.61,0.339,71.06,63.07,7.11,3,0
130.61,73.13,3.55,0.685,139.47,108.93,2.43,0,0
95.26,55.93,2.46,0.509,95.57,93.01,-40.0,1,1
141.04,66.09,5.62,0.82,147.42,144.82,4.34,4,1
127.42,85.28,5.26,0.766,130.79,123.26,15.32,4,1
133.17,77.67,5.38,0.844,139.65,127.92,1.77,1,1
118.74,54.43,4.39,0.442,100.9,115.1,-7.92,0,0
61.29,53.96,3.46,0.588,58.21,61.05,16.82,1,0
105.4,68.77,2.53,0.772,91.4,92.42,-35.52,2,1
158.16,80.79,3.01,0.87,157.59,164.77,12.97,2,1
152.49,62.81,2.84,0.59,145.19,125.86,2.46,5,0
45.18,45.0,2.25,0.3,31.32,50.58,-36.15,1,0
59.78,45.0,1.23,0.3,41.15,62.91,3.25,1,0
55.81,59.62,4.21,0.499,57.02,60.78,33.12,1,0
127.12,66.01,6.61,0.713,125.57,107.83,5.23,0,0
138.13,77.71,3.73,0.889,138.87,141.06,10.35,0,1
65.62,62.2,2.45,0.436,45.45,60.2,-29.26,2,0
100.7,61.02,4.24,0.515,95.43,116.72,-13.77,0,0
140.88,70.65,2.08,0.752,157.68,144.5,-9.92,0,1
127.94,71.9,2.32,0.794,145.75,116.17,16.03,0,1
105.07,66.95,4.62,0.77,112.95,88.16,-5.38,5,1
110.84,75.19,4.29,0.734,109.98,104.69,-10.87,1,1
101.0,62.67,2.37,0.554,106.78,109.12,15.56,0,0
75.71,53.07,4.28,0.561,66.92,87.23,25.66,4,0
107.8,73.65,2.87,0.746,107.13,109.62,-1.91,1,0
122.67,74.62,3.78,0.644,114.64,123.47,-32.36,0,1
144.8,58.88,2.84,0.601,155.72,141.48,6.18,2,1
116.35,72.11,2.43,0.497,123.65,116.14,7.1,1,0
131.33,65.6,2.24,0.474,128.4,143.49,13.5,2,0
59.21,55.99,4.87,0.545,78.88,55.74,4.01,0,0
95.39,63.12,1.89,0.411,96.55,101.97,16.44,0,0
41.12,45.0,0.79,0.301,39.41,35.84,12.24,1,0
69.6,58.82,2.31,0.408,68.75,79.73,-5.79,0,0
127.18,65.08,1.85,0.686,113.74,132.96,8.05,1,0
159.02,62.93,4.95,0.716,150.61,168.74,12.54,2,0
51.9,45.0,0.66,0.506,49.36,70.72,-20.91,4,1
88.18,57.87,2.71,0.367,82.96,62.36,14.68,2,0
136.01,58.72,1.95,0.538,141.84,143.55,0.76,0,0
64.48,64.27,4.1,0.473,53.93,69.18,-9.73,2,0
106.61,69.18,3.29,0.535,106.15,111.09,-2.17,1,0
127.97,74.59,3.01,0.582,128.68,130.37,22.7,4,1
113.92,60.68,7.63,0.449,112.43,116.32,21.55,2,1
62.56,58.34,1.4,0.626,63.28,65.93,8.93,0,0
82.65,50.66,2.13,0.605,65.89,91.71,-3.52,0,0
134.06,71.85,8.96,0.531,105.54,142.32,-16.14,1,1
106.51,60.77,3.21,0.426,91.72,106.26,41.18,0,0
40.63,56.36,3.2,0.592,34.09,38.75,-15.59,0,0
131.32,81.68,2.75,0.746,120.11,131.52,-13.66,2,1
44.24,45.0,0.53,0.38,39.16,40.11,2.91,0,0
129.49,68.77,1.98,0.749,145.55,147.29,-8.29,0,1
64.3,57.82,8.46,0.575,72.52,51.59,22.99,0,1
154.97,69.62,7.81,0.857,165.7,162.47,-21.12,2,1
84.15,55.9,1.76,0.524,94.45,91.59,-7.7,1,0
79.23,59.08,1.86,0.49,65.93,73.93,-13.88,0,0
57.87,45.4,0.76,0.3,46.39,60.83,-23.82,0,0
76.67,69.18,2.55,0.681,85.66,89.3,23.23,0,1
145.2,61.63,2.19,0.757,142.64,141.9,-24.95,5,1
159.56,79.29,4.63,0.64,155.32,172.68,-19.46,0,1
84.2,66.27,4.79,0.7,108.55,95.38,-0.01,4,0
93.83,59.78,3.45,0.727,97.53,86.73,17.02,3,1
126.65,65.42,3.28,0.856,152.92,115.57,39.28,0,1
146.34,60.61,3.61,0.869,129.84,148.0,1.15,2,0
111.17,62.92,3.59,0.813,107.85,98.76,-25.31,1,1
86.98,62.85,2.54,0.439,88.67,57.94,-10.32,6,1
89.51,61.67,2.11,0.685,92.35,84.62,29.71,1,1
123.47,77.65,2.96,0.78,102.4,145.22,-10.02,1,1
40.39,45.0,2.21,0.3,31.63,35.91,-30.4,1,0
114.35,65.16,6.51,0.462,141.28,118.15,52.95,0,1
82.66,56.87,2.52,0.72,88.02,89.66,-7.58,0,0
135.3,60.14,5.06,0.604,142.64,134.89,2.38,2,1
51.16,52.97,1.0,0.582,43.07,47.82,-16.37,0,0
110.58,53.77,3.4,0.413,109.77,122.87,-17.61,0,0
97.72,45.0,3.38,0.382,93.2,98.12,21.07,1,0
117.08,63.23,3.09,0.618,130.86,116.17,10.42,8,1
47.78,47.38,4.72,0.319,55.2,55.76,9.39,4,0
109.6,73.94,3.57,0.685,116.18,99.3,-19.74,3,1
107.38,69.87,2.41,0.628,108.8,94.75,-4.68,1,0
107.28,66.95,2.18,0.433,83.79,91.03,-22.94,3,1
112.42,65.46,2.95,0.482,89.5,118.1,-26.32,1,0
121.18,66.97,5.37,0.599,122.13,119.54,8.89,1,1
136.6,57.49,1.36,0.564,146.38,144.86,-1.19,0,0
72.38,58.76,2.72,0.614,88.64,72.89,20.6,5,1
139.01,73.11,4.39,0.663,129.6,125.3,8.27,1,1
99.79,67.09,2.01,0.417,78.01,96.23,-18.72,2,0
49.25,54.23,1.24,0.421,56.87,58.21,11.98,0,0
47.03,54.74,1.77,0.3,31.25,44.4,-16.21,1,0
80.11,45.59,1.02,0.372,56.62,91.98,-25.93,6,1
134.19,63.8,1.96,0.578,127.83,129.65,-22.26,2,0
124.92,73.21,2.52,0.799,122.76,132.12,0.47,4,0
134.63,81.17,2.88,0.854,155.55,116.81,-2.9,0,1
102.07,63.71,3.04,0.717,114.79,99.81,31.17,0,0
92.82,57.15,2.98,0.492,81.82,88.95,23.76,0,0
57.69,54.02,2.86,0.362,69.71,43.72,14.56,0,0
79.38,48.97,1.88,0.538,79.64,90.5,4.51,0,0
92.08,72.69,6.74,0.645,105.71,85.68,7.15,1,1
50.63,48.67,3.91,0.629,67.14,43.2,50.98,0,0
66.47,45.0,5.24,0.332,57.96,79.49,31.07,5,1
111.79,59.22,2.09,0.435,115.34,113.4,-1.9,4,0
128.28,81.2,5.82,0.743,126.25,136.08,-4.59,0,0
159.8,81.88,4.87,0.892,176.81,142.77,14.39,1,1
151.97,81.42,3.31,0.874,158.55,143.99,-17.95,1,1
117.11,66.92,1.98,0.703,130.69,137.97,-25.61,0,1
90.55,62.35,3.26,0.733,111.51,99.09,-13.6,4,1
116.34,53.97,1.26,0.633,123.58,105.61,-1.81,0,0
134.28,57.04,1.74,0.848,138.12,136.53,-15.09,1,0
54.2,56.75,2.25,0.63,53.87,44.24,26.02,0,0
89.19,71.23,3.78,0.686,55.43,103.13,-40.0,3,1
140.78,70.68,5.95,0.626,132.75,118.08,-28.05,1,1
86.06,59.19,2.7,0.417,93.58,88.81,-29.26,3,1
108.62,74.51,3.94,0.625,120.77,111.23,-5.55,0,0
110.53,65.2,2.27,0.593,101.57,99.41,-11.65,0,0
62.14,55.4,2.87,0.618,64.46,59.41,-0.27,0,0
83.47,47.55,1.52,0.37,76.61,87.22,-4.06,3,0
80.14,68.26,4.81,0.424,84.89,62.36,-8.82,0,0
43.14,54.41,1.81,0.51,67.85,30.35,-6.59,0,0
42.9,45.0,1.45,0.3,45.4,41.35,8.79,1,0
139.8,59.97,2.25,0.628,132.32,131.47,-19.94,0,0
72.77,62.52,4.05,0.453,68.89,68.14,12.12,3,0
102.17,55.45,5.74,0.636,119.7,101.97,-17.92,0,0
75.85,65.12,2.3,0.371,54.36,66.74,-24.21,1,0
152.88,57.21,2.2,0.883,151.16,152.62,35.9,1,1
71.12,63.93,3.47,0.472,77.08,74.1,42.2,0,1
91.56,66.68,5.19,0.721,109.52,99.35,-15.52,0,0
144.73,71.57,3.12,0.701,154.06,132.27,26.4,1,1
141.03,66.75,1.98,0.613,134.01,134.75,25.53,0,1
62.33,62.18,2.22,0.324,63.25,68.22,19.59,0,0
136.32,69.16,3.15,0.49,139.1,121.5,0.19,0,0
94.98,53.87,1.84,0.578,98.75,96.04,-32.86,2,0
97.96,45.0,0.81,0.417,93.13,98.24,-0.89,0,0
56.02,51.26,0.93,0.405,52.75,30.15,5.77,3,0
49.67,50.56,2.58,0.465,36.08,44.73,-2.51,0,0
127.35,54.27,8.44,0.572,156.56,130.66,23.19,3,1
99.58,57.27,5.01,0.449,98.44,97.46,-15.19,1,0
92.42,58.02,3.01,0.667,100.35,87.68,-4.75,1,0
127.54,71.73,4.87,0.841,129.75,129.1,-40.0,0,0
131.86,69.25,2.4,0.516,140.32,141.75,20.25,0,0
59.07,58.79,2.79,0.319,37.88,64.44,-26.75,2,0
113.23,74.94,2.39,0.804,96.35,105.67,-12.92,1,0
56.24,45.0,2.34,0.3,49.88,41.65,1.37,1,0
130.17,75.15,7.56,0.862,160.04,135.36,4.85,0,1
118.83,60.73,4.4,0.438,130.1,107.06,-13.67,1,1
154.79,67.74,3.01,0.894,150.97,149.51,2.69,1,1
48.27,50.22,3.15,0.348,49.42,50.28,-31.53,0,0
46.85,66.42,6.11,0.596,39.13,58.31,9.95,6,0
73.86,53.52,1.38,0.428,75.55,86.72,12.73,3,0
71.4,45.0,2.86,0.556,76.58,72.01,-7.31,0,0
69.64,50.18,1.28,0.321,75.17,64.54,-6.12,1,0
148.75,60.9,4.6,0.623,130.43,136.74,-26.94,1,1
69.95,63.02,1.74,0.599,54.74,89.53,-14.48,0,0
72.63,58.8,1.62,0.509,69.91,69.74,-4.97,1,0
131.13,71.09,3.98,0.845,123.63,137.91,-9.48,0,0
93.97,56.61,1.48,0.533,79.32,95.94,18.75,0,0
133.21,70.68,2.3,0.828,141.02,128.25,-27.58,5,1
47.84,48.81,1.94,0.403,32.91,42.46,-23.81,1,0
98.51,60.05,4.11,0.767,128.94,84.68,28.38,0,0
44.03,45.0,0.97,0.596,37.56,55.26,33.75,2,1
47.52,55.45,3.89,0.354,39.36,46.31,-19.63,8,1
148.77,73.14,4.66,0.881,157.96,163.07,22.81,0,1
56.71,55.91,2.45,0.589,38.4,52.22,-29.86,2,0
103.89,60.98,3.02,0.476,107.51,100.91,-5.2,3,0
89.33,62.1,1.59,0.598,93.38,78.0,2.21,3,0
81.68,45.0,1.19,0.354,72.57,78.57,-16.98,2,0
147.98,63.43,2.06,0.859,156.44,135.58,-3.32,4,1
42.62,45.0,0.74,0.3,41.76,46.65,-24.98,0,0
119.65,63.9,2.37,0.467,134.22,120.73,19.42,0,0
155.61,67.42,2.5,0.707,187.75,170.36,-0.09,0,0
107.22,60.91,3.41,0.632,95.13,92.64,-17.99,0,0
152.42,91.23,4.64,0.879,142.43,164.58,-19.07,0,1
46.27,45.0,4.16,0.609,47.67,36.49,-12.42,3,0
90.26,52.92,1.21,0.527,63.84,93.7,-10.61,4,0
71.22,63.4,1.7,0.318,73.37,59.76,2.2,0,0
127.7,69.41,3.11,0.763,132.31,129.73,47.64,5,1
157.76,69.7,1.98,0.779,165.75,132.65,-0.41,0,0
70.78,62.09,3.85,0.472,64.57,64.08,-4.91,0,0
118.5,63.64,2.68,0.559,120.75,119.56,25.19,2,0
63.77,50.43,1.83,0.472,66.88,81.33,5.6,1,0
107.84,62.5,2.23,0.539,109.02,86.56,-1.19,0,0
95.67,57.99,1.98,0.67,80.93,95.65,-9.78,6,0
156.64,67.06,2.67,0.767,162.05,151.45,6.2,1,0
113.02,66.9,1.84,0.77,138.67,93.86,30.37,1,1
81.94,50.3,0.95,0.543,83.7,70.69,25.09,7,1
53.69,48.04,1.74,0.336,50.06,48.98,16.75,3,0
58.15,57.58,1.5,0.595,76.77,62.82,17.71,0,0
67.04,60.13,3.67,0.504,56.17,67.92,-1.64,0,0
70.12,59.24,1.84,0.373,76.25,56.99,39.76,0,0
142.07,68.86,2.09,0.756,138.82,123.73,-10.17,0,1
107.35,64.73,2.09,0.545,119.29,111.52,18.54,6,1
102.81,68.52,2.57,0.726,114.91,100.85,27.19,4,1
53.77,52.43,1.0,0.423,45.28,69.89,14.55,0,0
143.22,69.63,2.21,0.8,144.03,139.69,-13.32,7,1
126.74,55.77,1.73,0.498,136.44,138.17,55.52,0,1
48.12,51.8,1.47,0.383,30.0,53.56,21.01,2,0
124.94,59.5,3.79,0.848,124.6,133.16,18.91,0,1
105.22,63.39,4.38,0.719,115.05,109.55,-13.2,0,0
49.81,45.0,0.82,0.3,40.11,54.35,12.79,1,0
95.0,48.3,0.9,0.476,94.14,72.08,-40.0,2,0
98.16,52.75,2.47,0.506,71.8,95.79,-17.36,0,0
59.89,61.16,3.92,0.52,48.04,53.26,-4.01,3,0
153.48,80.42,7.6,0.843,166.5,166.19,-1.58,5,1
142.0,69.07,1.95,0.806,137.1,131.98,26.05,0,1
120.28,70.77,2.85,0.645,105.55,117.48,-5.5,2,0
95.48,69.3,3.94,0.691,110.03,103.48,-10.02,0,1
89.41,56.86,3.86,0.523,94.06,92.42,15.88,0,0
118.12,51.62,0.99,0.484,102.73,119.79,-0.52,3,1
105.45,61.42,3.2,0.622,107.56,116.54,-30.51,0,1
47.47,53.02,1.49,0.603,34.87,50.07,17.78,4,1
101.5,55.64,1.25,0.702,101.7,96.05,1.93,0,0
136.77,72.63,3.17,0.722,141.32,123.81,20.01,0,0
95.11,63.33,1.86,0.624,85.89,99.98,2.78,7,0
46.23,56.32,3.18,0.591,54.96,38.53,-1.7,1,0
134.35,69.97,4.03,0.654,146.21,131.94,13.56,2,1
64.16,56.36,3.95,0.405,63.43,74.95,-2.18,1,0
71.03,58.0,1.99,0.684,77.68,68.82,8.56,0,0
59.76,56.99,1.24,0.605,42.42,55.32,2.15,1,0
79.63,51.86,1.36,0.448,92.93,76.83,9.3,0,0
130.81,63.48,2.55,0.658,130.87,128.28,8.4,2,0
102.33,70.04,3.78,0.553,90.16,92.41,-12.78,1,0
64.59,45.0,1.22,0.333,61.0,81.36,-12.08,0,0
145.34,81.92,3.87,0.899,160.27,139.85,21.41,2,1
145.55,65.95,2.87,0.678,153.27,153.39,29.96,3,1
144.47,69.51,2.24,0.864,136.72,134.28,-13.19,2,1
68.66,52.67,2.42,0.362,72.98,74.15,7.84,0,0
94.15,49.73,1.65,0.582,93.05,95.84,-25.91,2,0
158.2,63.62,4.09,0.564,163.5,158.45,35.13,1,1
132.64,65.04,3.46,0.784,126.7,134.39,17.66,1,0
43.26,47.49,0.83,0.442,52.65,47.42,-5.81,1,0
47.82,45.0,1.51,0.474,47.49,45.56,-6.52,1,0
95.67,66.75,3.62,0.388,105.69,93.9,26.78,2,1
149.11,81.74,2.84,0.612,130.92,154.88,-5.93,7,1
104.64,45.0,2.86,0.424,84.3,93.22,1.22,2,0
99.74,62.64,1.93,0.495,94.75,86.77,-20.24,1,0
52.66,57.63,2.31,0.489,68.05,54.45,18.08,1,0
118.81,69.7,6.22,0.663,143.63,98.72,9.73,0,1
138.65,66.21,3.04,0.741,130.81,121.82,1.46,0,0
85.65,56.56,2.02,0.557,85.42,103.7,-7.27,0,0
133.07,60.93,1.47,0.588,134.7,148.57,-2.98,8,1
155.74,68.04,2.1,0.645,165.26,150.03,6.63,2,1
64.45,45.0,1.8,0.328,69.64,74.44,-7.94,0,0
102.8,64.32,2.68,0.728,91.99,113.14,35.42,1,1
74.46,45.9,1.23,0.55,74.23,79.17,-19.1,0,0
135.14,64.37,5.51,0.56,110.24,134.35,-3.45,0,0
109.31,51.13,1.47,0.479,116.62,115.58,9.1,1,0
116.15,69.81,3.14,0.778,115.64,124.13,13.44,1,1
135.75,66.72,3.06,0.784,124.97,142.17,-40.0,3,1
87.52,61.82,2.63,0.606,91.63,72.02,-28.31,0,0
149.81,78.85,3.5,0.692,147.22,170.14,-11.17,1,1
103.96,70.64,2.65,0.497,117.03,128.0,23.1,1,1
58.95,45.0,4.09,0.649,49.22,39.86,-9.62,5,1
123.51,63.42,2.5,0.769,153.57,128.62,9.55,1,0
135.19,64.81,2.82,0.606,145.57,155.65,5.47,0,1
78.01,62.75,3.17,0.653,94.52,88.03,-6.88,0,1
142.86,61.68,1.61,0.812,134.76,152.99,4.41,0,0
148.74,63.06,3.86,0.645,171.1,134.35,14.64,6,1
73.23,55.15,2.19,0.47,56.08,81.14,0.47,1,0
158.02,71.51,3.7,0.628,156.07,160.41,26.32,0,1
56.89,50.18,3.03,0.3,66.54,64.68,0.68,2,0
64.24,58.29,4.41,0.562,69.56,53.89,4.64,0,0
62.11,52.52,1.7,0.373,42.7,51.39,-27.44,1,1
147.28,76.19,4.87,0.85,165.9,145.85,-13.24,0,1
118.52,70.51,2.48,0.834,127.27,114.72,4.24,3,0
58.25,52.39,2.56,0.3,47.26,56.68,-3.64,5,0
92.84,45.0,0.66,0.548,73.29,88.04,2.63,3,0
113.84,77.94,2.51,0.742,121.9,111.83,14.39,0,0
50.02,45.0,0.65,0.546,46.97,43.35,3.05,3,0
145.89,66.37,2.36,0.822,152.2,145.41,33.48,0,1
136.43,66.1,1.81,0.629,117.99,122.2,-14.84,5,1
100.62,65.39,3.22,0.563,94.87,105.77,-6.29,0,0
156.06,53.6,1.59,0.786,165.54,158.66,9.84,0,0
90.13,63.32,3.6,0.74,115.45,77.51,-8.65,3,1
158.09,77.89,2.54,0.685,157.34,171.36,12.0,0,0
120.15,76.73,2.77,0.81,141.66,111.88,12.04,1,1
116.16,57.45,2.03,0.536,124.33,128.05,5.71,0,0
59.91,54.77,1.81,0.655,63.83,63.21,11.73,2,0
145.83,68.7,2.13,0.786,137.4,155.84,2.55,2,0
91.3,55.93,8.86,0.539,78.44,93.06,0.97,2,0
59.47,45.79,1.05,0.504,64.95,65.14,-4.27,0,0
41.51,45.0,2.41,0.314,30.0,51.41,22.49,3,1
107.17,63.4,1.98,0.511,98.01,126.24,-30.9,1,0
103.29,58.8,4.48,0.435,97.83,114.03,-15.07,0,1
126.32,66.5,2.53,0.505,122.45,130.8,-11.88,0,0
146.83,71.51,5.56,0.66,158.83,133.35,-6.97,4,1
49.53,57.2,1.86,0.534,42.14,30.0,-35.13,0,0
127.78,74.48,2.28,0.707,139.53,126.48,35.47,3,1
62.49,45.0,1.59,0.309,61.94,55.34,11.29,4,0
142.98,68.21,3.01,0.85,127.89,136.2,-18.91,0,1
138.29,69.01,2.13,0.735,144.53,137.46,15.67,3,0
104.9,66.55,2.19,0.779,76.46,111.52,-17.11,0,1
125.23,63.69,3.92,0.724,116.96,119.02,-9.37,0,0
77.72,59.12,1.4,0.383,78.94,86.67,-16.67,1,0
96.54,73.82,3.24,0.559,95.6,96.88,-0.16,1,0
138.6,72.47,3.28,0.755,120.49,138.97,-20.44,0,1
95.11,55.77,2.9,0.377,77.21,113.86,-26.45,1,1
82.94,58.26,1.35,0.335,46.32,84.72,-1.11,0,0
99.31,45.0,1.82,0.43,79.79,98.76,-24.56,0,0
139.39,67.58,1.86,0.599,146.32,144.63,28.74,1,1
80.22,62.7,2.02,0.492,71.39,98.2,-17.28,1,0
60.85,47.56,1.69,0.458,60.04,60.38,-27.46,0,0
125.44,54.52,4.7,0.512,123.84,129.84,8.65,2,0
139.12,70.23,2.22,0.767,142.84,138.03,-6.18,0,0
52.08,50.75,1.12,0.475,61.85,51.05,-23.57,1,0
68.78,45.56,2.19,0.404,62.43,63.88,1.41,0,0
57.04,62.23,2.24,0.3,61.96,51.44,-21.04,1,0
81.75,49.32,2.22,0.356,47.15,98.71,-40.0,4,1
94.04,50.5,9.79,0.519,105.76,88.5,18.04,2,0
129.86,63.6,8.12,0.531,113.0,114.45,18.37,0,1
118.14,70.2,2.67,0.585,104.97,119.39,-13.69,4,0
114.51,65.67,2.79,0.675,107.55,124.69,18.33,0,0
82.28,60.89,4.98,0.546,94.21,94.71,20.4,0,0
140.97,61.43,1.63,0.595,130.21,129.03,6.63,1,0
96.55,69.08,2.85,0.507,86.83,107.68,-7.92,0,0
157.49,79.01,3.25,0.798,149.91,178.08,-14.52,4,1
116.1,75.56,2.86,0.773,122.61,109.26,9.45,1,1
55.15,56.0,8.89,0.547,63.01,53.41,15.59,0,0
121.14,72.06,4.11,0.665,142.89,108.83,-11.82,0,1
79.01,48.79,1.47,0.462,105.05,97.55,7.18,3,0
122.36,61.24,4.12,0.593,130.02,107.44,0.42,5,1
48.36,62.6,2.57,0.577,52.28,44.36,-3.12,3,0
60.99,59.07,4.44,0.3,40.38,68.83,-22.46,0,0
142.69,67.46,2.31,0.903,171.67,135.85,-9.5,2,1
67.26,57.03,1.6,0.548,68.8,57.37,-4.71,0,0
140.44,68.89,2.36,0.774,140.45,139.92,-5.0,0,1
73.51,45.54,1.69,0.316,72.48,97.41,-9.03,1,0
117.15,67.91,2.39,0.674,110.98,114.59,8.61,2,0
123.3,74.08,2.48,0.644,96.12,121.23,-38.22,0,1
101.52,60.56,9.27,0.427,104.92,90.36,6.75,1,1
76.64,51.29,4.34,0.421,89.17,80.49,-26.02,3,1
65.52,60.75,2.96,0.633,72.85,74.35,2.48,0,0
43.98,46.38,3.91,0.432,40.54,37.92,-40.0,1,1
76.47,57.73,5.37,0.475,74.13,81.83,-17.19,1,0
118.38,70.64,3.73,0.464,117.73,112.39,-0.72,3,0
152.6,60.44,2.52,0.823,158.77,133.66,-22.57,2,1
144.54,78.63,5.72,0.795,147.71,149.12,-23.95,2,1
131.93,58.55,2.57,0.721,134.66,152.67,19.04,2,1
134.61,77.49,2.65,0.688,155.03,122.65,-18.51,1,1
119.8,60.33,2.11,0.613,125.72,121.59,0.82,1,0
71.23,46.94,1.5,0.531,71.12,84.33,26.51,0,0
148.86,74.2,6.36,0.62,157.17,147.84,6.72,1,1
120.49,72.57,3.77,0.818,132.76,106.22,6.66,3,1
107.25,56.53,4.31,0.637,119.35,107.7,-6.8,1,0
53.32,45.0,2.63,0.364,39.52,68.22,-19.68,7,1
93.65,57.75,1.82,0.541,86.7,88.58,-6.49,0,0
95.24,54.56,2.98,0.688,87.24,97.57,-39.94,1,1
143.75,60.03,1.73,0.576,152.47,133.21,22.59,0,1
105.6,61.0,2.25,0.514,112.49,104.6,7.18,0,0
85.65,52.8,3.43,0.609,70.54,89.51,-39.01,2,0
157.22,75.01,3.72,0.678,163.46,158.47,21.59,3,1
53.29,63.85,4.25,0.557,68.89,48.97,20.03,0,0
90.71,54.17,1.49,0.404,83.97,95.14,4.53,5,1
45.04,52.17,3.01,0.52,47.21,51.74,41.34,3,1
128.79,77.29,2.78,0.494,135.43,136.14,5.05,4,1
150.17,59.1,2.53,0.536,133.03,147.24,18.97,0,0
73.6,67.38,2.7,0.66,76.63,67.39,1.97,1,0
143.0,78.98,3.76,0.742,161.1,162.63,17.19,0,1
75.07,59.89,1.61,0.446,64.87,76.44,-15.06,0,0
149.29,78.46,3.18,0.621,159.7,146.72,-28.73,0,1
130.48,70.99,3.71,0.718,133.16,115.7,-31.53,3,1
136.59,65.24,2.94,0.693,130.36,127.26,-4.63,1,0
42.16,60.56,2.63,0.603,41.07,35.74,-4.82,0,0
155.54,86.26,4.05,0.94,156.02,159.93,-21.0,3,1
127.2,76.21,6.69,0.716,118.85,123.64,-9.16,0,0
76.57,55.47,5.22,0.487,71.26,76.72,5.44,4,0
139.53,64.79,2.36,0.695,142.25,125.19,24.6,0,1
73.78,58.27,1.95,0.574,71.28,87.83,-13.71,2,1
144.73,73.68,3.43,0.555,140.64,137.36,5.03,1,0
53.51,55.99,1.31,0.372,51.66,55.86,30.38,2,0
124.44,59.24,1.9,0.483,128.49,119.14,15.52,1,0
104.88,60.04,1.8,0.424,87.63,101.7,-22.47,0,0
51.58,45.0,0.88,0.313,42.82,43.64,-2.56,0,0
69.03,60.78,2.97,0.481,42.97,71.99,-9.7,5,0
41.49,45.2,1.24,0.518,37.91,31.69,9.68,1,0
96.25,65.51,2.01,0.563,97.32,99.39,1.24,3,1
76.15,45.94,3.83,0.443,79.84,74.96,10.55,2,0
111.8,66.7,4.91,0.448,110.62,118.1,17.76,1,0
75.67,58.28,4.27,0.527,80.79,82.96,-16.37,6,1
75.99,47.84,1.41,0.416,73.1,72.81,-25.21,1,1
129.18,73.56,2.3,0.714,123.35,132.84,8.04,2,0
45.78,49.44,0.94,0.608,32.55,41.29,-9.37,3,0
148.35,73.24,2.68,0.57,144.58,161.51,13.65,0,0
142.27,65.71,2.12,0.592,132.91,138.68,14.9,8,1
120.14,53.21,4.1,0.63,119.29,118.12,-33.73,0,1
111.19,61.33,7.92,0.801,109.3,106.5,-16.01,2,1
147.08,71.3,4.62,0.83,156.7,139.75,2.56,5,1
62.24,66.06,3.73,0.626,63.35,82.58,-17.87,2,0
49.48,54.28,2.39,0.362,50.08,54.34,-8.21,0,0
68.74,70.25,4.22,0.683,75.71,69.42,-19.53,0,0
135.35,76.56,6.8,0.527,131.74,130.59,-9.7,0,1
44.16,45.0,1.88,0.3,36.74,55.29,-21.1,1,0
109.94,65.47,1.98,0.752,119.0,104.48,10.73,1,1
159.45,75.77,2.61,0.929,195.39,160.66,34.21,2,1
142.68,61.81,2.82,0.544,129.7,164.71,0.87,3,0
102.57,45.0,1.11,0.433,99.74,93.0,45.34,0,0
47.64,46.04,4.18,0.3,30.0,53.03,8.08,0,0
139.76,56.99,2.64,0.541,138.34,142.65,15.51,0,0
111.88,60.53,3.12,0.499,101.78,117.16,-6.53,0,0
53.79,70.11,2.02,0.629,52.94,50.94,-5.95,0,0
51.26,48.15,1.73,0.501,51.15,45.34,22.86,0,0
149.16,76.21,3.22,0.839,148.06,151.42,-5.1,1,1
120.3,74.68,4.12,0.751,101.93,115.74,-8.56,0,0
139.51,72.2,2.86,0.713,158.87,116.2,6.58,0,0
145.48,76.25,8.01,0.835,160.26,137.23,17.11,1,1
108.61,61.36,3.15,0.644,107.93,105.45,15.71,3,1
102.09,57.99,2.9,0.512,89.6,91.32,12.91,2,0
91.65,53.01,4.76,0.579,92.26,93.16,-5.16,0,0
78.03,62.31,9.55,0.528,80.92,70.46,4.72,0,0
92.15,50.28,1.15,0.686,103.11,91.72,11.44,0,0
132.87,80.01,5.1,0.871,148.64,154.54,34.24,0,1
112.23,53.04,1.25,0.581,124.46,124.5,-26.04,3,1
147.1,80.97,3.57,0.827,130.75,153.02,-7.97,3,1
93.21,52.99,1.14,0.4,85.54,111.3,-15.41,0,0
112.85,58.04,2.75,0.729,127.35,112.12,-2.33,4,1
115.76,67.31,2.79,0.576,104.19,115.13,-21.09,1,1
111.0,65.37,3.21,0.429,122.21,100.45,15.31,3,1
124.32,62.04,3.22,0.598,146.01,137.1,-33.27,1,0
68.49,60.06,2.85,0.53,81.38,88.06,3.95,0,0
101.48,45.0,1.02,0.432,106.07,110.56,-30.5,0,0
52.51,45.31,3.24,0.607,47.28,66.74,-15.08,1,0
86.14,62.71,2.77,0.369,84.91,58.77,-4.46,2,0
98.52,63.4,2.61,0.748,85.32,121.92,-13.9,3,1
118.27,54.15,7.57,0.718,111.25,117.22,8.75,2,0
154.06,66.57,2.29,0.674,147.02,177.62,18.97,1,0
112.08,56.16,2.3,0.573,112.27,129.39,35.34,2,1
129.23,68.82,3.65,0.764,127.81,136.96,-0.85,0,0
100.75,59.59,1.58,0.623,104.35,97.32,22.7,7,1
116.09,67.59,2.51,0.697,128.57,117.67,32.59,0,1
48.51,47.82,3.1,0.381,35.62,30.0,-15.02,2,0
70.53,63.76,2.03,0.487,70.04,79.83,21.95,0,0
83.42,65.14,2.73,0.726,80.96,57.87,-40.0,0,0
96.7,60.6,2.93,0.456,96.09,93.71,5.06,2,0
45.48,56.07,2.83,0.384,49.38,60.91,30.85,2,1
56.8,46.48,2.54,0.367,63.2,64.01,4.99,0,0
73.22,48.79,3.74,0.606,81.38,57.92,0.65,2,0
156.58,84.82,3.64,0.855,166.66,143.18,1.52,0,1
79.76,55.32,2.96,0.436,59.44,73.79,16.27,6,1
97.84,57.3,3.21,0.406,80.99,98.63,-37.08,1,1
63.53,45.0,1.04,0.3,47.64,72.3,-14.98,0,0
113.29,58.95,6.51,0.591,117.41,119.33,17.22,0,0
73.68,60.11,4.41,0.465,55.49,63.09,-3.37,0,0
64.84,64.87,2.21,0.67,70.29,71.03,24.09,0,0
101.99,66.63,3.48,0.574,104.64,109.24,13.61,1,0
40.66,50.76,2.74,0.305,30.0,45.55,-13.82,0,0
40.92,55.6,1.98,0.559,30.0,65.7,5.01,0,0
66.29,54.25,4.04,0.475,76.32,73.55,-18.74,0,0
44.41,48.26,2.45,0.453,49.83,54.08,-33.6,2,0
52.96,55.42,2.74,0.3,36.76,71.72,-19.11,1,0
80.66,52.86,1.35,0.475,65.75,89.16,-6.02,1,0
136.31,76.2,3.16,0.867,112.24,130.8,-26.65,6,1
108.65,58.21,2.15,0.642,127.14,121.07,12.38,0,0
101.52,55.17,3.09,0.522,100.46,97.51,0.52,0,0
75.22,55.03,2.55,0.556,96.94,65.39,-22.62,8,1
151.81,71.13,2.2,0.9,155.5,142.84,-7.87,0,1
87.64,61.54,2.04,0.453,88.08,99.96,17.16,3,0
50.45,45.0,1.46,0.433,57.81,56.65,12.44,0,0
114.05,69.44,3.97,0.806,137.83,124.66,-0.65,2,1
53.66,48.23,2.73,0.31,53.87,59.91,11.25,1,0
81.43,46.34,1.59,0.612,81.7,83.32,31.73,3,0
100.89,59.26,1.54,0.628,101.79,104.07,-7.19,2,0
144.91,74.69,2.8,0.787,136.09,150.82,8.94,0,0
99.23,62.34,1.98,0.518,93.01,93.2,7.4,2,0
124.27,63.17,3.87,0.578,124.45,111.37,-8.5,0,0
159.14,80.89,2.95,0.831,180.34,154.29,-9.79,0,1
55.78,47.44,1.58,0.334,45.29,61.22,24.47,0,0
72.97,54.21,2.72,0.467,83.05,66.49,24.64,0,0
87.35,56.8,6.23,0.417,82.71,108.65,-7.32,2,0
90.62,60.46,12.0,0.355,100.65,95.03,26.86,8,1
89.32,58.57,5.9,0.736,100.16,90.52,15.41,2,1
148.91,67.91,3.77,0.699,158.21,142.85,26.36,2,1
125.68,66.79,3.87,0.845,142.33,134.84,-23.94,2,1
112.95,57.99,3.42,0.475,120.45,100.83,-3.6,4,0
77.12,66.71,4.78,0.546,88.82,80.28,34.17,0,0
138.85,70.76,6.59,0.577,163.98,134.5,60.3,1,1
154.61,68.27,2.78,0.86,179.21,155.82,5.28,0,1
138.54,68.31,2.71,0.809,148.32,143.41,-2.44,1,0
40.19,47.64,1.58,0.3,30.0,30.0,7.2,0,0
116.37,62.46,3.16,0.794,124.64,99.66,10.33,0,0
46.14,45.0,2.74,0.3,30.0,36.82,1.53,0,0
70.91,65.0,4.77,0.538,79.62,79.71,-34.57,6,1
47.14,49.67,1.69,0.616,34.74,50.87,-10.5,0,0
112.46,74.31,2.94,0.77,129.33,108.43,22.93,2,1
122.39,79.39,8.71,0.83,150.75,142.07,-28.2,4,1
53.74,45.0,0.9,0.378,31.89,66.59,-40.0,0,0
86.06,47.69,1.04,0.38,81.07,96.5,-34.43,2,0
94.75,54.77,2.97,0.44,78.77,87.51,3.72,0,0
84.29,49.85,1.09,0.533,62.21,94.61,-27.77,1,1
54.52,54.55,1.84,0.561,52.46,57.93,-22.65,5,0
90.27,53.87,1.55,0.411,94.11,83.05,2.91,0,0
130.14,71.9,2.39,0.734,141.88,129.1,-16.46,0,1
48.52,57.43,2.55,0.355,45.47,38.14,6.6,0,0
49.62,53.8,1.73,0.365,30.0,42.49,33.64,1,0
82.57,62.12,2.46,0.592,83.9,71.13,-5.97,2,0
153.01,58.83,1.66,0.726,137.61,162.57,-40.0,6,1
120.23,71.78,4.3,0.765,106.41,119.52,-15.06,0,0
121.44,74.44,2.83,0.507,107.61,112.02,1.91,0,0
83.43,45.0,1.13,0.646,96.95,88.6,13.78,0,0
111.24,64.0,2.08,0.439,114.57,111.25,16.76,6,1
41.22,45.0,1.35,0.3,39.09,51.72,-11.75,0,0
116.33,60.29,2.35,0.691,107.81,117.66,-9.3,0,0
149.59,81.32,3.81,0.871,150.36,135.22,-40.0,2,1
113.51,73.53,7.35,0.522,95.5,108.54,2.05,0,0
144.84,74.79,5.81,0.645,162.12,133.27,-14.94,0,1
126.88,64.82,3.1,0.675,154.75,132.51,17.54,0,0
54.47,45.0,0.56,0.328,55.71,65.31,-15.06,6,0
148.29,75.99,3.78,0.849,162.06,132.85,5.32,0,1
47.97,58.14,1.43,0.533,44.73,46.73,15.63,0,0
104.08,55.66,3.0,0.45,81.65,115.6,-19.08,1,0
57.06,48.94,1.48,0.437,43.66,41.47,-20.01,0,0
41.4,70.32,4.75,0.514,34.1,37.05,-3.6,1,0
90.64,64.82,5.97,0.487,83.76,90.64,-15.01,1,0
75.4,64.85,2.5,0.559,67.21,86.08,-21.05,0,0
98.32,45.9,1.48,0.395,94.79,103.77,31.84,1,0
109.26,59.22,2.69,0.651,100.09,116.75,-37.98,8,1
45.25,46.31,0.91,0.3,65.26,51.27,21.78,3,0
54.76,47.12,4.56,0.577,37.91,51.03,-10.87,6,1
107.04,72.34,2.99,0.543,116.55,123.47,-10.11,4,1
81.18,64.45,1.94,0.436,74.76,74.47,3.04,3,0
127.5,66.86,3.97,0.799,137.03,99.72,5.38,0,0
118.27,73.1,2.56,0.455,121.47,100.27,25.37,2,1
141.47,69.27,2.19,0.663,144.62,140.3,-18.85,0,1
123.1,83.02,4.02,0.597,109.44,119.78,-16.12,1,1
91.59,57.97,2.95,0.469,84.98,86.23,14.9,3,0
120.76,73.82,3.49,0.807,126.92,122.26,-0.61,0,0
73.05,67.24,3.44,0.6,74.31,85.05,10.48,0,0
76.76,60.35,1.61,0.336,59.2,81.3,13.09,5,0
134.68,74.52,3.24,0.77,153.57,141.16,19.57,2,1
93.57,58.84,1.99,0.572,63.08,82.77,-26.25,0,0
135.81,76.66,7.84,0.848,137.76,130.61,-5.34,0,1
138.69,62.12,1.6,0.621,128.06,145.69,16.7,1,0
142.91,72.46,2.68,0.738,147.86,143.99,5.27,2,1
150.0,64.49,5.94,0.73,164.8,154.77,3.74,2,1
91.72,46.57,6.75,0.551,73.85,97.86,-2.03,1,0
78.26,56.02,3.78,0.497,104.45,79.93,-10.02,0,0
109.86,69.11,2.07,0.492,110.12,125.68,-4.13,2,0
84.54,66.56,3.03,0.636,89.84,79.23,1.24,5,0
112.13,62.67,2.33,0.597,94.79,103.94,-10.38,1,0
124.67,83.36,5.27,0.837,128.86,107.02,-5.0,0,1
122.61,59.71,1.47,0.552,133.31,130.09,-0.21,1,0
84.95,46.02,0.89,0.608,87.62,79.25,-0.71,0,0
60.02,45.0,1.51,0.636,62.43,72.68,27.49,1,0
91.66,52.49,1.21,0.62,91.45,94.14,-39.76,0,0
57.11,60.78,3.22,0.6,40.57,53.72,4.31,1,0
146.81,70.36,4.6,0.851,135.24,136.27,-7.35,1,1
81.51,58.67,3.15,0.469,92.91,89.97,4.59,1,0
58.54,64.2,2.52,0.496,67.04,58.0,-3.06,3,0
43.05,45.0,3.66,0.3,49.42,45.73,12.21,0,0
117.5,68.64,2.14,0.647,108.56,123.54,12.63,0,0
116.43,65.77,2.2,0.521,112.97,119.09,-35.86,1,1
80.87,53.11,2.0,0.62,96.06,72.37,45.28,6,1
48.61,59.2,1.45,0.437,30.6,53.82,-6.41,4,0
89.16,55.66,1.29,0.512,100.95,97.36,7.87,0,0
77.35,50.9,1.61,0.42,66.7,80.95,-30.42,0,0
121.25,85.55,7.25,0.843,115.86,127.58,-12.98,1,1
112.69,63.23,5.18,0.447,109.25,119.95,22.74,1,0
83.75,59.26,2.3,0.349,65.32,79.79,-7.98,4,0
66.15,60.04,1.63,0.365,38.69,61.81,-6.24,1,0
158.56,74.33,2.55,0.944,166.36,180.83,-4.4,3,1
94.48,73.3,2.91,0.755,103.99,107.74,40.23,2,1
122.59,64.12,2.0,0.71,139.37,122.11,5.63,0,0
56.87,51.28,1.01,0.603,64.2,63.69,24.02,4,0
98.27,55.85,2.83,0.46,119.06,88.89,7.67,0,0
43.3,48.61,2.02,0.599,59.61,37.32,14.41,0,0
100.65,63.33,2.12,0.439,106.29,88.19,9.16,3,0
155.68,71.41,4.35,0.587,161.06,158.54,19.33,6,1
86.1,50.56,3.08,0.383,96.53,89.08,18.51,0,0
44.68,54.01,2.05,0.443,30.0,55.52,-15.87,0,0
43.71,49.22,0.91,0.524,36.42,41.59,17.22,1,0
86.56,54.35,4.82,0.486,61.98,97.22,-30.11,1,1
59.2,56.94,2.87,0.649,68.14,65.73,-16.84,2,0
42.8,50.72,1.27,0.382,30.0,67.39,-11.65,3,0
130.75,67.15,3.24,0.532,165.63,147.42,24.52,8,1
95.02,57.0,2.0,0.551,87.84,109.94,-21.99,3,1
74.71,63.03,3.1,0.576,75.5,83.07,-1.01,0,0
148.01,73.57,3.18,0.857,148.32,139.07,-24.77,0,1
53.94,45.64,1.54,0.425,44.58,56.86,-9.53,1,0
154.71,63.97,3.64,0.782,143.38,177.19,11.83,2,0
77.68,60.53,2.86,0.42,58.71,82.75,-24.67,0,0
146.61,73.03,2.31,0.778,124.02,138.39,-33.29,0,1
112.35,70.12,2.11,0.811,123.13,115.71,12.2,0,0
139.2,72.63,2.7,0.517,132.45,129.31,-17.55,1,0
158.08,74.59,3.12,0.909,187.46,149.52,58.3,0,1
74.61,46.29,1.06,0.529,58.25,78.74,-4.72,1,0
155.34,71.46,3.67,0.647,173.99,162.73,27.77,1,1
86.74,64.72,2.01,0.722,108.05,78.76,-13.01,0,0
86.26,55.9,2.98,0.532,100.23,80.67,15.22,1,0
80.85,65.32,3.94,0.455,80.77,66.58,-18.15,0,0
104.97,45.0,0.7,0.468,98.26,103.68,-6.58,0,0
58.5,56.95,2.8,0.353,68.88,39.04,-8.35,1,0
106.45,71.32,6.96,0.732,99.6,103.45,15.29,0,1
105.0,66.47,2.11,0.641,109.07,105.8,7.81,1,0
131.43,48.85,4.33,0.84,135.69,113.87,4.25,0,0
140.04,76.32,3.78,0.593,129.2,129.97,19.08,0,1
92.85,48.42,2.05,0.407,92.33,92.25,0.02,0,0
76.28,47.17,0.71,0.311,79.41,74.31,20.11,0,0
71.12,53.39,3.07,0.497,57.88,69.62,25.79,1,0
63.35,60.59,2.41,0.669,70.26,66.23,5.98,1,0
46.92,55.48,3.04,0.499,30.0,30.2,-3.79,2,0
81.09,61.08,3.95,0.447,65.44,88.18,9.35,1,0
72.43,64.28,2.77,0.648,67.9,69.24,23.6,1,0
155.97,78.18,2.95,0.861,165.47,150.01,7.06,0,1
106.93,60.62,1.67,0.407,113.5,88.28,-8.19,0,1
81.67,52.41,1.21,0.652,83.7,79.0,16.61,2,0
109.66,55.92,4.18,0.529,115.04,114.78,12.98,0,0
56.7,54.02,1.24,0.31,48.98,58.12,11.56,1,0
93.29,62.61,2.29,0.45,95.15,94.99,13.51,1,0
115.15,69.16,2.56,0.613,119.63,111.76,5.96,0,0
98.67,56.35,4.19,0.546,91.48,98.06,1.17,1,0
88.21,62.61,2.53,0.46,81.15,77.14,9.11,0,0
159.26,62.93,10.04,0.627,167.0,159.21,-22.22,2,1
145.64,81.43,4.69,0.822,171.82,140.73,37.02,0,1
114.81,67.41,4.7,0.82,133.7,103.56,17.55,0,0
108.33,77.44,2.6,0.716,97.1,115.87,-20.84,3,1
114.48,51.57,1.33,0.542,99.81,98.73,-4.0,1,0
64.16,62.73,1.78,0.37,53.14,69.4,18.22,0,0
87.42,52.82,1.9,0.429,85.19,93.29,4.11,1,0
44.74,45.0,2.4,0.3,39.31,39.46,-15.89,0,0
97.07,62.22,1.81,0.592,111.78,107.37,-15.58,0,0
105.16,58.34,1.51,0.638,121.46,99.68,52.52,3,1
67.33,55.2,2.54,0.564,66.68,61.22,-31.62,1,0
155.68,70.17,2.4,0.819,157.33,143.68,6.89,0,1
149.13,65.07,2.68,0.644,156.22,149.05,-7.01,5,1
126.66,68.71,2.0,0.592,139.26,117.07,25.06,0,1
104.01,57.41,2.96,0.665,111.93,96.09,-17.93,0,0
144.4,64.11,2.82,0.653,140.28,143.74,26.89,0,0
55.68,45.0,2.06,0.332,42.97,55.44,-8.6,0,0
134.86,64.06,2.13,0.634,122.22,147.42,-10.28,0,0
54.98,57.77,1.76,0.354,52.38,64.29,-6.94,2,0
135.31,58.91,3.76,0.521,141.21,140.82,-7.72,2,0
73.09,53.13,2.89,0.631,82.54,71.63,-1.91,2,0
145.25,76.07,3.66,0.857,164.21,141.21,22.41,1,1
153.29,67.59,3.34,0.628,171.6,153.02,-21.83,1,1
57.86,63.28,1.74,0.3,35.36,52.29,-24.73,1,0
95.52,61.24,4.38,0.662,101.62,88.51,29.96,3,1
157.72,73.45,4.41,0.638,163.74,156.93,1.39,0,1
98.01,66.09,3.1,0.531,95.75,89.23,-11.43,4,1
143.63,72.93,5.94,0.537,132.42,135.46,-28.55,0,1
110.65,62.29,1.81,0.502,126.03,120.2,-13.37,0,0
85.04,59.44,3.11,0.652,79.02,71.24,14.67,0,0
74.29,72.43,7.09,0.625,48.48,63.9,-27.72,1,1
64.39,49.36,1.32,0.356,59.75,77.12,12.16,4,0
131.42,63.34,1.62,0.609,128.73,127.49,-18.99,0,0
86.38,49.76,2.78,0.393,104.53,100.15,6.81,1,0
101.35,45.0,0.51,0.414,103.5,89.68,-0.17,0,0
99.08,71.47,5.18,0.774,98.9,99.82,-13.66,2,1
109.27,48.21,0.78,0.67,108.31,116.99,0.9,1,0
143.87,71.25,3.66,0.728,143.94,134.81,-38.05,2,1
157.69,75.2,3.02,0.859,189.48,174.43,14.3,3,1
88.91,77.59,2.8,0.683,98.67,85.01,12.89,0,0
139.3,60.09,4.83,0.821,126.83,144.39,-21.27,5,1
131.74,57.0,3.28,0.482,126.45,124.96,1.19,1,0
108.82,58.9,1.96,0.481,106.16,123.74,1.43,5,1
154.73,73.48,2.71,0.806,145.56,157.76,-1.1,0,0
64.06,47.82,2.67,0.422,39.11,85.03,-36.68,4,1
53.11,54.71,3.8,0.632,60.91,64.9,5.61,0,0
142.48,63.39,3.49,0.774,136.29,150.85,-34.09,2,1
92.7,66.42,3.32,0.741,110.5,83.15,-2.43,6,1
141.64,51.13,1.26,0.585,141.44,142.47,-0.17,4,1
147.17,75.07,5.18,0.867,146.82,144.0,3.58,1,0
47.49,45.0,2.58,0.351,30.0,47.76,-30.51,0,0
146.02,83.36,3.89,0.914,166.96,147.49,5.36,1,1
93.8,68.47,2.98,0.424,93.81,84.79,14.31,2,0
101.25,59.13,2.61,0.59,95.68,99.69,-20.42,1,0
115.19,77.08,5.07,0.743,107.36,114.23,-40.0,3,1
151.17,69.63,4.01,0.707,172.49,141.06,20.19,0,1
42.29,45.0,3.41,0.394,30.0,50.3,-23.11,1,0
97.22,77.46,3.51,0.766,96.12,99.45,-12.05,1,0
122.53,68.97,3.41,0.618,129.72,130.66,5.95,0,0
126.72,68.08,4.78,0.702,146.17,131.6,11.11,0,0
123.1,66.55,2.19,0.471,117.93,105.97,15.8,1,1
56.13,56.47,2.07,0.585,47.02,47.8,-8.91,0,0
75.93,56.58,2.65,0.567,73.99,92.46,0.26,2,0
83.05,46.94,4.32,0.491,91.71,90.9,-26.14,5,1
136.53,62.49,1.57,0.496,148.01,120.32,17.04,0,0
73.45,60.31,1.78,0.537,55.69,78.15,-21.33,2,0
65.28,47.93,1.08,0.3,60.66,56.97,55.85,1,1
154.89,74.68,2.87,0.545,136.59,133.93,-13.0,1,0
41.06,51.59,1.39,0.45,48.67,57.64,11.44,1,0
159.74,65.18,3.05,0.635,165.5,160.49,14.36,3,1
121.22,53.46,4.26,0.52,108.57,123.39,-7.92,6,1
139.42,70.3,3.54,0.76,161.02,126.85,18.66,2,1
75.35,47.32,1.05,0.328,73.93,63.82,39.88,2,1
41.72,48.37,3.69,0.331,39.03,30.0,-14.91,1,0
128.54,58.89,2.83,0.525,124.9,142.71,-40.0,1,1
140.1,66.52,2.16,0.732,142.65,123.66,-22.18,0,0
128.86,76.48,3.06,0.731,126.9,145.02,16.97,0,1
57.14,54.61,3.42,0.54,47.05,47.27,-13.67,0,0
130.41,60.48,3.44,0.573,144.63,118.13,49.08,1,1
132.27,64.28,2.95,0.513,124.61,131.72,9.26,0,0
119.02,70.72,2.28,0.469,110.08,112.18,-16.23,1,1
131.93,69.5,4.41,0.646,131.31,132.91,-14.33,0,1
141.51,78.95,3.09,0.883,164.26,132.74,3.34,2,1
113.63,55.98,3.37,0.508,125.37,110.5,-31.29,2,1
50.63,54.64,2.64,0.335,40.59,43.05,-0.02,1,0
98.52,72.9,2.63,0.416,109.55,107.13,18.0,1,1
49.32,45.11,0.86,0.47,48.02,54.44,-18.06,5,0
88.91,52.03,1.13,0.619,79.16,91.38,-32.8,4,0
88.85,61.15,1.88,0.604,83.21,99.39,-19.21,2,1
47.92,59.02,1.6,0.568,63.76,50.55,25.87,0,0
81.86,56.14,2.61,0.52,105.26,83.65,26.16,0,0
53.32,45.0,1.87,0.3,51.16,52.12,2.79,0,0
136.99,66.46,3.11,0.607,130.32,129.83,26.22,2,0
153.72,78.9,4.07,0.806,156.35,146.58,-29.09,1,1
48.68,47.73,3.19,0.471,36.95,50.15,-9.61,2,0
154.61,77.85,6.14,0.756,150.34,164.79,7.95,0,1
102.71,71.59,2.49,0.661,95.35,108.41,10.54,0,0
75.95,58.64,2.65,0.563,74.25,81.59,13.62,2,0
49.22,53.19,1.11,0.58,50.28,38.16,13.56,0,0
100.07,67.68,2.05,0.615,98.59,105.3,23.01,0,0
135.34,65.75,3.34,0.797,136.64,131.35,14.35,0,0
124.85,57.4,2.24,0.554,133.06,126.61,-16.68,2,0
46.03,48.77,2.86,0.489,41.06,51.55,-10.67,2,0
48.75,50.05,1.63,0.587,46.51,37.19,-31.63,0,0
88.34,51.61,1.1,0.499,84.21,89.92,15.87,0,0
75.43,71.08,5.15,0.618,94.31,77.8,30.94,2,0
67.89,71.23,2.2,0.574,61.46,77.87,-25.18,6,0
73.72,48.21,1.01,0.325,75.38,68.55,-6.01,4,0
136.42,70.65,2.53,0.722,129.87,135.81,-34.87,0,1
151.51,67.58,9.89,0.587,155.44,153.21,-0.21,0,1
88.61,70.86,2.86,0.733,97.82,83.44,-10.28,1,0
148.73,84.22,3.9,0.851,166.76,143.38,-12.01,0,1
78.58,45.0,2.7,0.36,69.16,72.84,-5.16,0,0
97.17,59.91,2.91,0.42,80.21,95.9,25.39,1,0
67.12,45.4,3.29,0.519,56.1,84.59,8.8,0,0
116.86,75.55,3.33,0.569,127.8,115.94,0.94,0,0
157.48,72.36,7.51,0.566,181.79,162.35,11.28,2,1
112.42,58.45,3.7,0.634,123.11,112.74,39.16,2,1
82.94,54.35,1.83,0.484,65.47,79.86,13.92,1,0
117.74,58.98,2.06,0.474,124.82,117.5,-2.05,5,0
54.75,57.51,5.23,0.565,42.73,62.44,3.01,0,0
146.64,82.94,4.51,0.886,148.17,146.1,-17.21,2,1
100.37,55.61,2.59,0.684,104.29,98.76,2.41,0,0
93.92,75.73,4.47,0.691,100.0,91.57,16.8,0,0
110.3,71.72,3.34,0.498,109.04,100.37,17.73,1,0
114.97,55.88,1.41,0.53,106.37,125.37,-15.83,0,0
48.61,47.03,1.2,0.309,55.52,44.14,21.48,1,0
121.91,80.56,3.86,0.752,118.62,136.61,1.02,0,0
69.03,67.14,1.86,0.666,85.41,71.48,3.0,1,0
125.67,66.59,2.66,0.744,112.24,139.73,27.65,0,0
138.7,79.22,4.67,0.849,146.26,136.7,-2.71,0,1
136.48,91.57,3.56,0.745,124.66,129.14,-25.85,2,1
106.3,62.03,1.62,0.554,95.37,116.73,-17.57,0,0
102.42,56.37,3.89,0.558,95.42,96.81,9.56,1,0
57.15,48.78,2.17,0.3,69.39,70.0,-11.64,0,0
133.04,65.47,2.02,0.492,146.57,138.83,21.69,0,0
72.57,53.11,3.45,0.576,82.58,87.21,-10.36,1,0
99.6,63.39,3.21,0.554,99.09,89.84,-1.61,2,0
74.11,46.92,1.22,0.523,74.83,83.68,40.14,4,1
56.06,47.03,1.33,0.471,68.68,48.63,-9.57,2,0
115.55,67.58,2.11,0.538,122.71,91.58,-32.78,0,1
46.52,45.0,3.21,0.41,42.93,55.48,22.82,0,0
129.84,73.74,3.29,0.658,148.83,129.77,-15.71,0,1
78.11,45.0,1.72,0.47,85.28,87.73,-11.04,0,0
40.02,45.0,3.72,0.528,41.49,40.94,13.85,1,0
101.34,57.32,1.26,0.564,95.12,101.55,9.29,0,0
45.62,51.81,1.01,0.458,36.2,60.6,-40.0,1,0
73.14,68.19,2.16,0.658,70.26,74.32,-7.62,0,0
124.84,70.65,2.08,0.801,134.34,120.08,20.09,3,1
47.52,51.37,2.49,0.579,57.13,46.64,41.32,2,0
140.72,71.92,3.62,0.61,123.59,142.3,-30.86,6,1
40.46,45.0,0.86,0.3,30.0,30.0,14.0,5,1
69.62,52.75,1.21,0.393,54.07,74.53,-19.69,2,0
128.91,56.9,1.45,0.578,123.58,142.5,16.09,0,0
77.95,60.71,6.04,0.678,93.86,77.46,-10.77,0,0
52.23,50.83,2.62,0.496,46.79,48.02,-6.86,0,0
83.23,47.41,1.97,0.362,81.53,87.11,6.13,1,0
72.45,52.31,1.52,0.351,72.49,89.88,17.2,1,0
141.13,67.92,2.73,0.566,128.16,145.82,3.78,2,0
77.6,65.49,1.87,0.565,94.42,79.75,0.68,0,0
134.67,59.92,10.84,0.778,130.26,130.77,-11.25,1,1
147.02,74.64,4.39,0.865,171.04,136.33,44.03,0,1
92.06,58.3,2.75,0.732,93.19,92.29,5.56,3,1
149.19,75.17,3.64,0.608,145.31,149.61,-10.5,0,1
85.28,61.06,2.52,0.46,69.14,65.96,1.62,0,0
155.69,74.49,2.72,0.643,158.92,148.42,12.83,0,0
50.71,45.0,0.89,0.376,73.28,62.3,-13.08,1,0
122.44,76.39,3.58,0.813,131.67,119.86,13.37,0,1
99.26,50.87,0.96,0.608,102.66,74.7,-25.41,5,0
86.52,48.2,0.81,0.635,79.22,102.53,-15.26,0,0
115.93,55.55,2.37,0.624,123.51,107.01,-13.96,0,0
124.46,61.56,5.28,0.465,123.65,119.76,-2.73,0,1
40.52,49.8,4.47,0.3,33.77,51.15,-11.24,2,0
60.03,45.0,0.52,0.475,63.48,52.61,-1.88,0,0
125.57,78.2,2.66,0.744,106.66,105.87,-40.0,0,1
119.97,63.56,2.93,0.526,117.28,122.14,-2.71,1,0
155.93,64.83,4.52,0.837,146.29,163.89,-24.64,6,1
131.32,71.86,6.75,0.798,135.64,126.63,43.26,0,1
154.09,79.94,5.55,0.707,147.54,152.86,-10.47,0,1
124.3,73.13,3.89,0.751,119.46,112.51,-7.06,2,1
75.77,62.28,1.87,0.469,57.14,65.81,3.2,2,0
52.64,45.0,0.61,0.509,64.22,49.43,29.59,4,0
133.82,68.35,1.97,0.787,129.43,140.3,-23.39,1,1
117.3,63.34,3.02,0.829,114.38,118.28,8.86,0,0
45.78,59.28,1.41,0.356,59.26,55.98,24.13,1,0
83.21,60.81,3.46,0.494,87.9,99.74,5.67,1,0
154.82,89.92,5.06,0.611,130.61,163.68,-9.14,6,1
100.05,54.78,1.21,0.462,113.91,84.15,-2.29,0,0
91.93,56.04,4.72,0.633,112.36,89.09,4.42,0,0
94.92,63.03,2.69,0.732,116.21,103.69,8.7,0,0
65.07,61.73,5.03,0.433,69.74,63.87,-5.33,6,0
84.24,51.69,4.38,0.405,67.12,68.05,7.42,1,0
84.38,56.21,1.5,0.447,80.73,78.86,-17.52,0,0
46.28,49.14,1.47,0.401,30.0,30.0,7.26,0,0
132.11,66.41,2.0,0.593,121.57,129.33,18.63,0,1
89.98,51.51,3.13,0.443,73.52,83.13,-1.57,1,0
138.66,71.1,3.12,0.79,134.94,135.06,-34.07,2,1
142.04,64.28,5.62,0.509,142.19,153.86,11.1,0,0
65.44,53.56,1.36,0.492,57.94,52.13,-15.34,3,1
118.88,74.79,4.04,0.754,116.11,111.7,-10.88,2,0
96.67,70.24,8.81,0.477,90.71,85.26,3.54,1,0
145.62,66.41,3.43,0.758,166.78,156.33,30.48,2,1
65.89,52.27,1.04,0.545,90.76,77.2,-17.47,2,0
121.34,61.58,2.83,0.706,118.05,124.94,-0.61,1,0
112.93,64.68,1.98,0.597,116.91,116.01,37.84,0,1
75.44,50.17,0.86,0.445,62.24,63.43,-26.38,0,0
56.39,56.23,1.79,0.584,65.27,58.38,0.83,0,0
118.2,75.4,2.79,0.738,115.24,106.98,-12.57,1,0
128.63,47.97,3.01,0.594,119.99,129.04,8.34,5,0
77.88,55.49,1.83,0.355,96.99,74.44,-12.95,0,0
117.38,57.41,3.22,0.461,98.32,111.44,-37.8,2,1
87.42,57.33,1.26,0.38,53.58,87.7,-1.94,0,0
125.58,61.31,1.5,0.69,136.2,132.36,9.6,5,1
63.91,56.96,1.26,0.3,53.49,81.66,-26.56,1,0
146.83,76.3,2.75,0.655,140.18,152.34,-4.56,1,0
74.49,61.77,2.21,0.605,107.36,97.27,-6.64,0,0
84.13,60.93,2.86,0.45,89.9,86.14,19.48,0,0
46.97,46.48,6.98,0.526,44.79,64.81,3.92,2,0
53.38,48.63,1.37,0.538,43.65,57.74,-17.73,1,0
101.9,64.15,1.74,0.484,104.93,104.3,-8.93,4,0
72.11,51.64,1.22,0.588,51.07,70.43,-18.78,1,0
140.26,82.66,6.18,0.8,138.06,143.25,-20.45,0,1
41.76,45.0,2.3,0.364,36.6,46.08,21.54,2,0
85.49,58.35,3.64,0.421,84.47,71.32,20.42,3,0
80.48,71.52,2.29,0.53,77.37,87.48,-8.78,8,1
42.32,47.29,0.86,0.576,33.51,30.0,-10.07,2,0
54.92,52.74,1.14,0.501,63.98,61.94,-15.68,0,0
89.64,62.78,4.49,0.418,66.18,95.63,-14.62,1,0
99.14,69.29,2.31,0.651,96.82,113.36,7.64,1,0
88.51,55.39,2.67,0.516,80.63,79.89,17.32,1,1
103.71,59.13,2.44,0.628,116.41,93.84,-9.78,0,0
111.42,64.28,2.84,0.708,108.07,122.49,-32.0,0,1
41.19,58.05,1.61,0.41,42.63,30.44,-17.41,1,0
95.69,61.22,2.99,0.693,101.54,83.96,12.94,2,1
155.62,76.28,2.44,0.836,138.31,157.71,-9.44,0,1
102.28,59.68,8.93,0.633,102.15,101.82,17.8,0,0
121.31,67.24,1.88,0.504,98.48,122.86,-10.67,2,0
77.42,60.37,1.5,0.647,82.57,82.8,31.66,2,0
132.88,65.73,2.33,0.853,129.18,138.31,-30.39,1,1
132.75,57.96,3.95,0.533,145.65,131.97,-38.38,0,1
102.56,47.47,1.09,0.583,100.05,103.04,23.1,1,0
157.12,65.62,2.7,0.655,148.98,156.45,-18.4,3,1
55.07,58.99,1.37,0.547,68.4,55.42,9.15,0,0
42.03,59.44,1.49,0.495,30.0,30.0,-3.6,0,0
132.42,69.5,3.37,0.534,141.83,139.98,10.59,3,1
136.86,76.95,2.74,0.841,147.3,147.35,-3.31,1,1
54.42,46.67,2.38,0.316,44.35,60.8,-22.17,2,0
71.87,63.07,3.89,0.615,56.13,77.47,-26.44,2,0
42.11,49.55,3.62,0.389,52.79,32.2,16.21,0,0
75.2,66.33,2.0,0.437,77.94,61.04,15.26,0,0
132.78,64.27,2.57,0.542,122.35,141.09,-9.72,0,0
102.16,67.56,6.26,0.454,102.16,102.44,-10.74,0,0
81.77,64.64,3.9,0.59,93.65,83.47,16.17,0,0
84.61,63.19,1.78,0.554,85.03,86.75,-26.46,5,1
40.16,45.0,1.55,0.3,37.02,42.73,33.52,0,0
75.98,58.23,5.13,0.353,83.42,82.44,11.86,0,0
117.58,59.78,2.26,0.462,133.26,116.62,4.97,0,0
156.9,73.13,4.91,0.848,160.43,137.85,16.7,0,1
141.65,62.11,2.55,0.79,129.39,148.53,5.22,0,0
42.83,45.39,0.69,0.3,30.0,48.61,-2.18,0,0
147.83,72.6,2.4,0.748,142.49,134.88,-36.69,1,1
133.98,55.37,1.19,0.516,121.08,122.32,0.95,1,0
133.65,62.29,1.86,0.842,118.3,142.48,18.54,0,1
94.96,67.34,5.2,0.728,119.69,106.15,2.37,1,0
87.76,66.33,3.36,0.623,94.55,61.12,20.65,0,0
76.35,61.27,3.49,0.68,71.65,80.76,12.94,1,0
47.88,60.44,2.88,0.548,46.46,45.68,4.58,0,0
67.39,56.34,1.91,0.614,46.22,68.13,-7.52,1,0
69.59,54.47,1.44,0.517,81.81,70.91,16.19,1,0
98.09,52.21,4.83,0.497,72.63,90.47,-5.25,0,0
129.69,53.94,2.12,0.556,134.94,136.22,36.66,0,0
96.86,71.55,3.08,0.501,72.83,89.98,5.39,0,0
46.94,58.27,9.62,0.472,39.42,54.41,8.97,1,0
154.93,60.34,2.15,0.614,170.12,164.63,26.62,3,1
153.13,71.63,4.99,0.643,134.38,144.41,3.37,3,0
134.22,67.68,4.84,0.67,133.84,125.75,-37.65,1,1
158.96,69.68,2.38,0.65,167.49,160.1,2.17,4,1
105.34,60.22,1.56,0.631,111.54,120.37,-8.05,3,0
155.53,80.4,8.19,0.916,162.69,149.61,9.48,2,1
49.07,57.75,2.1,0.526,53.55,45.04,-7.78,0,0
83.88,61.85,1.51,0.598,76.52,87.09,6.96,3,0
67.05,53.57,2.05,0.514,88.52,73.61,3.16,0,0
63.5,51.57,2.34,0.466,41.49,68.77,19.55,0,0
56.9,54.73,3.33,0.325,65.35,57.22,33.93,2,0
114.69,71.5,6.39,0.782,120.6,111.63,-23.08,4,1
133.76,66.59,5.5,0.581,140.78,137.08,9.32,1,1
109.4,58.78,5.55,0.445,115.82,77.39,-5.1,0,0
57.64,56.39,1.23,0.553,63.36,76.33,7.4,0,0
137.33,62.88,3.44,0.562,126.85,135.48,5.32,0,0
116.31,69.14,2.33,0.578,112.43,118.14,-24.96,1,1
86.58,45.73,0.86,0.351,64.18,107.57,-28.72,0,0
120.9,59.19,3.77,0.498,115.26,113.48,-18.1,2,0
71.19,55.53,1.94,0.363,70.32,94.51,-10.36,1,0
81.42,45.0,4.23,0.346,83.63,88.82,-8.3,0,0
150.1,62.83,1.63,0.793,158.65,154.56,18.62,0,1
74.86,59.16,3.78,0.639,54.59,81.3,-6.13,1,0
96.4,47.05,0.84,0.519,88.02,87.98,-19.87,2,0
146.82,66.19,2.06,0.87,144.28,130.33,-7.02,2,0
124.93,69.04,2.92,0.54,108.01,113.12,-40.0,8,1
47.46,46.0,1.32,0.353,32.48,58.34,28.86,0,0
57.68,56.98,2.22,0.313,51.96,48.32,-2.53,0,0
40.94,45.0,4.72,0.451,54.93,30.0,24.86,1,0
115.71,63.08,3.19,0.595,104.18,114.92,8.51,4,0
93.72,63.52,2.13,0.606,80.3,99.47,-7.36,0,0
56.11,45.55,0.82,0.553,47.98,56.5,-40.0,2,1
154.95,81.04,3.48,0.763,162.26,161.02,-6.39,0,1
103.56,66.65,2.7,0.642,119.08,115.11,14.12,0,0
69.03,47.12,2.01,0.661,69.21,74.74,1.18,5,0
100.07,58.74,1.79,0.5,80.72,98.53,9.05,1,0
121.55,67.14,4.02,0.588,106.52,116.11,-7.55,2,0
49.15,47.61,0.81,0.515,49.7,56.86,33.43,1,0
72.96,45.67,1.77,0.543,83.78,75.72,-13.67,2,0
136.84,68.02,3.35,0.562,157.86,128.23,19.83,0,1
95.16,74.15,2.6,0.516,79.29,108.18,-26.46,3,0
105.59,59.23,3.98,0.584,106.94,108.21,17.13,1,1
91.94,69.36,3.4,0.524,78.05,98.47,-20.5,0,0
45.27,45.0,2.06,0.3,30.0,41.35,-39.25,0,0
59.89,57.73,2.3,0.629,48.68,71.2,-32.36,0,0
93.46,67.55,5.46,0.665,90.76,77.61,-9.85,0,0
65.1,52.9,2.75,0.468,51.87,81.86,21.44,0,0
46.0,48.57,1.44,0.49,73.54,30.0,27.12,0,0
141.24,79.33,2.97,0.863,140.97,127.47,7.91,1,0
157.74,83.59,2.93,0.608,169.75,160.26,4.83,7,1
135.18,68.52,2.18,0.586,126.98,129.87,-24.37,1,0
142.45,67.37,9.22,0.724,171.74,139.17,-2.15,1,1
69.04,55.7,1.92,0.607,73.24,63.73,-7.83,0,0
155.28,86.44,6.42,0.56,164.52,147.44,-6.94,0,0
63.63,58.6,1.6,0.665,57.83,66.8,-14.72,0,0
154.17,68.58,2.75,0.724,168.38,153.69,-10.02,3,1
159.38,64.94,6.54,0.702,165.43,168.23,3.14,6,1
125.41,51.86,1.06,0.573,120.33,126.21,-16.06,2,0
157.74,73.28,3.55,0.623,145.24,153.57,14.12,0,0
108.34,70.38,5.8,0.722,107.93,116.09,19.98,1,0
71.15,56.28,5.66,0.676,68.78,52.82,9.64,1,0
92.44,58.33,4.11,0.523,101.32,66.62,13.18,5,0
111.23,59.86,4.3,0.795,112.33,95.35,-27.39,2,1
48.77,53.64,2.6,0.556,30.0,45.33,31.85,2,0
114.68,67.48,2.22,0.616,122.76,118.6,-1.03,1,0
157.74,71.99,4.09,0.823,177.72,131.03,24.27,1,1
62.81,63.82,7.38,0.442,39.67,62.7,3.42,2,0
135.11,63.63,2.74,0.709,158.94,131.57,-6.83,1,1
148.95,69.58,2.43,0.55,164.71,150.32,-3.42,3,0
153.24,80.88,3.93,0.818,150.04,134.17,5.56,0,1
155.22,68.41,3.66,0.567,141.15,181.37,-34.86,5,1
102.58,63.43,1.96,0.715,117.5,102.9,5.85,2,0
157.28,67.13,3.73,0.882,146.48,145.11,-40.0,1,1
130.88,74.82,3.62,0.567,122.21,132.17,-4.15,3,0
59.4,48.91,2.16,0.388,39.37,74.35,14.74,3,0
97.23,63.95,2.18,0.564,96.58,84.36,-0.37,0,0
126.2,72.57,2.41,0.697,145.73,111.25,-16.57,3,1
69.68,47.65,2.12,0.404,70.26,68.5,-9.66,0,0
116.87,64.34,2.98,0.668,130.44,116.55,17.86,1,1
119.99,72.82,2.79,0.559,114.95,127.09,0.48,0,0
59.52,45.0,1.03,0.3,54.69,74.28,5.72,0,0
107.81,72.68,2.8,0.404,89.18,115.61,-12.41,4,1
132.6,59.13,2.36,0.518,129.8,118.72,-15.18,0,0
99.87,55.64,6.66,0.697,92.85,89.16,-1.25,2,0
41.45,53.37,3.17,0.589,39.31,33.47,0.15,0,0
41.08,62.47,4.41,0.374,33.82,48.86,14.86,1,0
82.84,45.0,1.56,0.534,77.74,88.91,-11.01,0,0
151.14,67.99,3.0,0.592,176.28,163.76,13.44,2,1
67.44,57.52,1.59,0.503,86.71,73.02,7.02,2,0
116.12,61.31,3.39,0.486,130.84,109.85,48.29,1,1
66.65,57.28,2.06,0.524,86.68,64.68,-3.54,3,0
78.6,55.49,3.16,0.689,97.41,63.99,2.48,0,0
141.77,63.16,2.38,0.584,141.17,148.05,-17.53,2,0
127.46,68.79,2.1,0.768,129.33,121.2,24.4,1,1
51.45,45.0,0.79,0.3,48.27,63.69,23.22,1,0
91.44,57.52,3.75,0.505,87.01,97.45,-6.12,4,0
43.5,45.0,0.95,0.3,30.0,62.88,14.59,1,0
97.71,55.72,1.6,0.514,99.55,101.9,6.83,3,0
119.49,64.36,5.64,0.508,98.86,123.5,2.32,2,0
54.22,45.0,2.11,0.392,51.71,52.4,-19.16,1,0
74.67,52.87,1.15,0.471,60.15,70.82,-4.35,0,0
87.74,72.47,2.38,0.463,84.04,85.15,31.85,5,1
150.34,66.29,2.25,0.794,156.51,160.34,29.68,0,1
159.19,87.5,4.4,0.925,161.46,145.7,15.63,4,1
45.39,48.1,2.78,0.376,30.0,46.02,9.42,1,0
131.32,60.75,1.93,0.551,116.08,114.66,36.18,2,1
84.61,46.0,3.63,0.442,86.95,88.34,15.31,0,0
87.09,62.61,1.73,0.683,82.06,82.51,-14.43,0,0
130.51,78.76,2.87,0.7,139.25,135.55,26.2,0,1
150.21,69.12,7.23,0.713,152.58,142.79,-0.15,5,1
154.11,69.1,2.16,0.602,151.78,151.54,7.63,0,0
109.25,69.65,5.26,0.588,113.18,115.58,4.1,0,0
82.85,57.31,3.06,0.44,71.55,84.11,-18.41,0,0
134.51,62.19,1.65,0.861,144.53,149.93,10.56,3,0
70.12,58.81,2.32,0.644,65.97,65.3,15.33,1,0
107.69,69.15,3.05,0.437,134.86,102.01,26.88,0,0
83.03,57.09,5.26,0.536,68.14,95.4,1.19,1,0
118.8,45.0,1.32,0.526,113.04,115.12,-6.49,0,0
68.85,55.82,2.04,0.451,62.06,64.72,-33.25,0,0
62.99,55.05,1.28,0.62,47.16,66.82,-8.77,1,0
150.19,59.76,2.91,0.742,161.73,148.55,15.75,0,0
52.22,45.0,0.86,0.37,42.48,49.1,-40.0,0,0
100.71,65.07,1.82,0.465,69.46,93.78,-16.83,0,0
66.5,51.34,9.55,0.6,74.84,80.13,2.46,1,0
44.67,45.0,0.97,0.464,34.31,43.17,-21.64,3,0
44.32,47.9,0.9,0.4,39.07,38.7,11.06,2,0
61.03,45.0,2.3,0.35,64.15,58.06,18.56,0,0
144.01,69.95,4.58,0.646,140.55,147.56,30.92,2,1
73.9,58.31,1.4,0.686,71.14,88.51,-1.89,0,0
154.06,64.96,1.86,0.75,186.64,152.36,39.54,1,1
109.79,58.63,1.46,0.57,83.34,101.17,-27.97,2,1
92.39,62.6,1.63,0.566,76.28,111.58,-14.74,1,0
109.61,66.25,3.39,0.72,98.91,110.97,6.88,0,0
102.0,59.28,2.69,0.522,121.91,100.94,-1.85,5,0
131.05,78.34,4.13,0.545,122.21,131.77,-7.34,0,1
73.9,61.09,2.52,0.536,75.5,61.44,15.91,0,0
82.37,64.65,4.23,0.593,76.54,81.91,-3.02,3,0
147.29,72.61,3.34,0.807,158.67,154.89,-10.86,4,1
153.57,78.42,6.27,0.894,159.29,165.78,-7.75,0,1
147.11,67.29,2.83,0.67,151.54,143.52,-2.7,1,0
90.33,60.02,3.75,0.381,101.4,92.21,16.11,0,0
133.64,72.38,2.93,0.864,144.21,146.02,-0.56,4,1
97.16,61.27,2.33,0.545,87.25,97.54,-40.0,1,1
99.7,63.29,4.43,0.628,104.02,106.9,16.31,1,1
64.56,54.56,1.24,0.54,92.39,68.8,25.53,0,0
110.94,84.49,4.12,0.631,118.34,104.29,-15.48,1,1
62.34,45.0,2.44,0.349,59.14,53.17,-22.0,2,0
79.79,54.27,3.14,0.621,63.77,90.38,16.31,0,0
142.6,78.48,3.85,0.829,155.88,115.86,2.31,4,1
64.85,49.45,1.66,0.496,73.23,58.16,17.76,0,0
48.54,47.27,1.09,0.421,48.71,34.59,-12.4,4,0
48.28,45.0,4.1,0.3,43.65,58.89,9.48,2,0
152.89,72.18,2.82,0.572,186.33,166.54,0.11,3,0
100.83,63.11,3.99,0.518,109.46,93.59,11.92,2,0
89.13,54.46,1.12,0.472,101.44,116.78,12.58,1,0
137.31,78.93,2.93,0.873,143.58,151.08,-34.03,0,1
140.3,59.9,2.03,0.814,143.01,142.27,3.59,2,0
79.86,53.12,2.66,0.584,87.12,94.86,-9.31,0,0
123.23,65.21,2.29,0.657,122.78,116.82,19.45,0,0
132.53,56.79,1.27,0.545,130.82,129.77,3.38,0,0
118.56,57.72,1.55,0.827,128.66,123.19,0.6,2,1
58.19,48.19,1.14,0.405,48.13,51.27,22.31,2,0
145.11,72.08,2.42,0.558,146.91,132.26,-33.35,0,0
104.69,70.97,2.4,0.592,105.48,95.31,35.09,0,1
73.9,55.04,3.3,0.651,86.53,71.93,40.07,1,1
91.03,67.99,2.68,0.708,85.85,95.72,-9.6,0,0
44.51,50.13,1.59,0.3,30.0,41.13,8.74,1,0
55.34,63.35,6.7,0.601,51.63,38.95,6.88,0,0
131.87,63.43,2.49,0.584,136.32,136.57,-40.0,0,1
40.0,45.0,4.44,0.3,45.57,52.74,0.78,0,0
89.99,62.72,2.1,0.689,83.46,83.39,-26.04,0,0
102.7,58.15,2.06,0.734,111.88,119.33,-19.82,0,0
46.56,45.0,1.26,0.458,57.34,55.24,0.24,6,0
156.77,72.41,3.33,0.78,169.39,146.23,1.78,1,1
67.14,54.36,2.38,0.607,57.78,60.66,17.21,0,0
76.5,59.57,1.8,0.624,68.79,73.37,-17.4,1,0
76.47,64.53,4.04,0.665,83.0,74.62,-3.84,0,0
67.65,51.67,1.93,0.504,85.24,43.27,33.4,2,0
40.18,54.99,1.11,0.588,40.1,32.65,-3.35,3,0
127.52,72.26,3.48,0.861,130.76,121.99,-7.62,0,0
156.02,76.32,4.78,0.595,139.48,174.93,7.15,1,1
66.92,55.73,1.58,0.621,62.96,69.18,7.57,0,0
119.57,64.85,1.75,0.639,111.76,111.59,-2.11,1,0
129.03,63.79,4.1,0.622,129.8,124.64,17.02,0,0
141.81,70.4,7.64,0.751,126.67,146.06,-30.03,1,1
90.72,48.99,0.86,0.375,82.26,86.94,-14.7,5,0
76.35,49.57,4.95,0.512,62.48,70.5,29.03,2,1
79.04,65.42,2.39,0.665,91.63,73.5,-40.0,3,1
125.51,56.29,5.43,0.542,114.04,130.31,-17.85,0,0
138.01,66.58,3.36,0.665,132.44,124.2,-24.09,1,1
61.79,63.91,4.95,0.641,66.0,50.92,3.38,4,0
84.51,54.33,3.37,0.505,77.17,75.24,7.22,0,0
148.23,76.24,2.42,0.668,177.91,137.19,34.76,3,1
136.8,64.55,1.77,0.667,149.3,128.57,-1.14,0,0
158.18,66.93,2.93,0.762,161.64,167.15,-14.88,7,1
130.51,58.02,1.49,0.724,137.41,140.87,-22.67,0,0
87.18,70.31,2.95,0.662,60.15,89.9,-12.65,0,0
110.88,55.01,5.74,0.593,125.53,113.02,45.62,0,1
119.32,73.75,2.75,0.765,128.76,112.62,-5.86,0,1
49.41,45.0,1.51,0.442,45.37,30.0,-3.31,3,0
105.34,69.81,2.72,0.531,110.76,106.78,5.16,0,0
125.12,83.68,4.31,0.719,135.74,128.1,-2.3,2,0
60.08,45.0,0.82,0.547,54.03,53.34,22.59,4,0
133.68,61.56,1.95,0.704,140.32,122.92,25.09,5,1
110.05,64.24,4.59,0.433,119.29,97.32,19.35,3,0
154.27,73.5,4.71,0.611,159.94,155.94,20.13,5,1
45.09,51.94,3.25,0.329,36.65,45.91,-16.56,0,0
71.84,48.47,2.92,0.409,71.57,83.78,-20.8,8,1
112.19,79.39,3.49,0.686,130.49,104.13,-3.04,0,0
75.59,51.52,2.85,0.314,79.28,72.71,6.89,0,0
125.73,60.83,2.18,0.759,114.96,125.9,-11.23,0,0
131.08,63.87,1.79,0.579,137.71,125.58,13.56,2,0
52.3,45.0,1.25,0.361,52.97,60.69,2.28,0,0
101.66,72.79,2.43,0.596,115.55,114.04,-17.16,0,0
101.07,53.78,1.77,0.47,98.85,90.01,21.23,1,0
84.31,64.76,2.22,0.687,81.62,79.73,-10.55,1,0
151.95,65.25,3.09,0.57,134.93,165.2,5.64,0,0
139.3,64.98,2.37,0.676,132.48,142.53,-18.67,1,1
123.67,56.45,3.02,0.791,141.98,124.84,-6.7,0,0
125.72,72.13,3.2,0.703,130.16,129.13,-14.5,1,0
95.41,66.98,5.6,0.483,91.87,101.96,-27.54,1,0
150.52,65.16,1.85,0.7,168.06,154.41,-16.57,7,1
123.35,57.5,3.0,0.733,139.08,125.49,14.72,3,1
127.48,77.54,4.13,0.852,123.68,127.57,-18.59,0,1
143.4,63.17,6.1,0.867,163.16,156.89,16.11,0,1
72.89,61.86,2.21,0.436,49.7,70.23,-9.76,4,1
136.85,67.94,2.42,0.89,148.16,136.86,21.5,1,1
63.43,45.0,0.78,0.3,61.52,78.95,-19.28,2,0
81.44,53.84,1.49,0.335,89.95,84.7,23.35,1,0
80.27,52.53,2.0,0.65,85.85,79.61,-13.52,2,0
157.42,65.97,4.49,0.632,155.13,163.73,-40.0,0,1
142.78,68.71,2.42,0.533,139.45,145.06,1.76,2,1
124.14,46.8,0.87,0.547,155.4,116.75,-0.12,3,0
127.25,77.89,2.95,0.632,128.88,129.7,27.81,0,1
107.45,65.29,1.88,0.695,116.51,99.36,9.95,0,0
153.65,65.26,5.64,0.791,133.21,171.92,-11.75,1,1
99.55,51.15,3.96,0.474,87.1,101.94,-2.6,3,0
85.66,64.75,2.24,0.538,90.65,76.28,-6.46,4,0
59.56,60.37,1.85,0.629,40.77,55.64,20.92,1,0
134.34,81.59,6.23,0.809,145.12,141.94,-4.48,1,1
128.13,60.78,1.45,0.594,119.31,117.22,3.93,3,1
86.12,64.78,3.06,0.731,76.34,113.33,-19.63,0,1
43.02,53.25,4.71,0.493,32.13,30.0,-5.42,3,0
140.68,70.64,3.1,0.527,157.55,149.94,-13.83,0,1
41.37,53.1,0.99,0.3,39.37,36.5,3.12,1,0
124.44,58.16,1.66,0.521,111.93,116.36,-5.09,5,1
156.43,75.18,6.15,0.84,170.54,161.81,16.94,1,1
92.52,51.88,0.94,0.431,99.1,87.98,11.72,0,0
68.2,53.59,1.77,0.489,61.4,84.11,-2.87,4,0
124.58,67.35,4.18,0.491,133.92,110.57,41.38,1,1
138.06,62.19,4.26,0.863,155.39,143.68,8.34,0,0
105.57,68.46,2.88,0.534,114.47,102.82,5.16,0,0
156.04,69.72,2.38,0.911,154.19,159.01,-2.46,0,0
46.2,51.19,2.24,0.597,31.98,51.34,-3.46,0,0
100.58,64.9,2.15,0.384,75.94,83.26,-17.46,1,0
126.21,68.84,2.37,0.644,119.23,128.55,-10.12,1,0
143.52,68.41,4.38,0.52,137.51,154.41,10.53,3,1
61.51,48.16,0.94,0.628,58.63,66.17,-2.31,1,0
136.0,61.98,1.53,0.695,137.34,132.31,19.64,0,0
106.32,64.76,2.3,0.429,123.7,92.19,-25.4,0,0
87.59,50.19,1.82,0.387,79.25,92.67,23.24,0,0
55.81,46.43,2.42,0.401,51.24,74.57,13.83,4,0
143.84,82.01,5.0,0.888,127.78,150.45,-8.96,0,1
58.87,46.33,2.21,0.534,84.28,70.45,11.31,1,0
77.17,61.43,2.96,0.659,62.56,86.5,4.22,2,0
74.81,54.3,2.7,0.451,63.34,70.87,-24.21,4,1
144.57,66.44,2.26,0.531,151.54,145.47,4.18,0,0
120.72,66.78,2.53,0.832,128.32,129.41,6.59,0,0
135.6,60.12,2.84,0.494,153.19,119.8,-28.0,0,0
70.06,51.19,0.97,0.669,80.08,76.57,11.28,0,0
114.98,66.44,2.31,0.572,113.46,127.57,-25.1,1,0
108.61,53.36,1.78,0.41,117.34,108.1,23.86,1,0
139.94,78.66,3.66,0.775,157.38,148.08,32.81,2,1
148.73,75.2,3.31,0.918,147.18,143.19,26.41,0,1
41.46,45.08,2.4,0.591,52.83,41.84,-0.12,1,0
120.88,60.64,2.4,0.507,116.36,118.15,-8.32,0,0
46.22,45.0,4.02,0.3,38.98,50.82,-39.19,4,1
105.86,70.04,2.72,0.624,108.05,104.82,13.34,3,1
74.52,54.06,2.16,0.558,69.12,57.75,-29.86,1,0
76.81,56.24,1.18,0.606,71.72,69.63,-28.63,0,0
82.36,63.72,2.18,0.399,90.16,101.78,-1.56,6,1
114.56,72.42,5.17,0.807,100.35,120.23,-27.0,3,1
80.09,69.55,2.58,0.576,66.86,59.11,-23.92,0,0
127.92,79.57,3.01,0.803,140.07,140.0,6.92,1,1
88.54,52.61,2.13,0.562,86.9,77.02,15.05,0,0
48.2,55.42,1.25,0.39,55.91,57.14,13.56,0,0
134.05,84.11,3.98,0.873,143.81,146.97,8.29,0,1
74.29,66.77,2.35,0.536,57.0,75.31,12.0,2,0
91.93,69.77,2.71,0.703,94.74,81.96,3.7,0,0
122.25,77.31,4.79,0.828,133.23,115.1,-3.99,0,0
79.89,56.11,2.79,0.59,82.5,86.19,-12.56,0,0
46.79,45.0,1.39,0.44,37.97,35.44,5.53,0,0
84.87,50.17,2.1,0.336,76.3,79.05,-24.1,2,0
153.33,56.75,3.39,0.556,145.73,158.46,2.48,2,1
117.01,71.23,4.13,0.511,99.33,110.5,-16.55,0,0
120.58,60.51,1.74,0.516,101.35,134.79,-24.7,0,0
115.87,71.16,2.61,0.53,119.14,105.49,-13.76,2,0
63.88,45.0,1.14,0.394,49.29,31.0,10.08,4,0
90.2,64.97,2.01,0.495,95.0,82.42,-13.04,1,0
130.11,63.52,1.63,0.639,123.74,133.21,-8.21,0,0
52.16,45.0,0.79,0.3,30.41,60.8,-19.31,1,0
73.34,61.82,3.99,0.317,62.79,69.26,13.79,0,0
73.16,64.45,2.85,0.569,97.67,70.39,39.95,0,1
91.84,61.02,2.09,0.57,90.1,91.53,15.49,1,0
157.64,73.65,3.62,0.731,168.01,175.06,-1.58,0,1
48.1,53.74,3.04,0.478,47.69,51.89,5.95,5,0
102.24,66.14,2.43,0.718,87.74,97.32,-23.63,3,1
61.52,46.07,1.51,0.436,75.62,82.04,10.84,0,0
156.48,72.24,2.23,0.806,157.63,156.59,-31.06,6,1
53.6,68.82,3.29,0.622,38.31,32.84,-3.41,0,0
88.43,80.5,3.29,0.681,83.91,74.56,-3.26,1,0
128.55,77.62,3.31,0.636,126.79,134.13,7.06,1,1
124.55,71.32,2.9,0.712,135.77,106.77,5.39,1,0
90.73,53.32,2.5,0.423,79.02,95.71,9.18,0,0
81.58,51.87,2.19,0.549,112.01,73.78,1.47,4,0
87.71,57.92,2.1,0.736,79.18,99.49,9.35,0,0
71.71,50.95,0.88,0.502,77.11,73.39,11.2,2,0
64.64,72.38,3.6,0.645,41.85,48.27,8.22,2,0
97.96,72.26,5.31,0.537,95.22,107.11,19.45,4,1
72.22,64.96,3.9,0.696,78.56,85.86,-13.97,1,0
74.5,49.33,6.75,0.535,59.76,61.73,1.94,2,0
118.81,66.91,2.04,0.453,133.87,110.78,-13.45,0,1
156.22,72.85,2.55,0.783,165.11,161.25,25.31,2,1
112.44,46.47,1.75,0.527,107.17,119.25,-17.99,2,0
49.24,48.4,1.11,0.3,48.32,72.77,-7.3,0,0
49.07,46.86,0.66,0.556,41.06,57.98,-0.09,0,0
154.17,65.29,2.49,0.653,170.24,178.18,21.33,0,1
75.67,56.74,1.71,0.626,88.37,75.87,13.03,0,0
51.05,45.0,0.96,0.348,50.5,54.88,13.51,1,0
111.89,60.38,6.01,0.493,117.09,106.2,2.83,4,1
114.84,68.5,2.32,0.814,101.39,109.61,-2.33,2,0
117.82,50.5,1.04,0.578,134.99,119.29,-23.22,1,1
72.09,66.38,1.98,0.537,69.63,66.26,17.24,8,1
41.81,45.0,2.96,0.449,51.1,30.0,-0.6,1,0
155.8,67.49,3.73,0.772,168.23,149.13,-1.53,0,1
70.11,56.12,1.38,0.656,83.35,80.87,41.48,2,1
121.12,66.74,2.18,0.713,110.81,121.85,-40.0,1,1
124.8,75.83,4.41,0.616,114.07,125.58,-3.65,6,1
113.2,69.48,2.45,0.765,143.47,105.57,-25.18,4,1
77.55,56.72,7.19,0.385,55.02,80.88,-5.15,5,1
72.53,57.18,2.4,0.515,57.67,89.12,-20.02,0,0
111.72,69.76,2.31,0.795,116.15,125.73,-40.0,0,0
143.93,74.31,5.19,0.762,147.71,147.59,21.49,1,1
153.61,62.7,2.14,0.868,152.48,145.07,-23.78,0,1
52.71,50.15,1.32,0.5,58.09,70.38,19.77,1,0
58.58,63.21,2.19,0.591,69.23,69.17,-12.22,2,0
153.37,100.0,5.99,0.918,159.51,138.56,-5.29,1,1
128.38,56.69,1.49,0.574,124.65,110.82,-40.0,1,1
145.96,71.0,2.78,0.586,145.41,131.7,7.37,2,1
64.32,48.81,0.78,0.467,55.68,59.38,-14.65,2,0
110.51,79.72,5.21,0.692,91.98,119.53,-15.86,2,0
124.14,54.23,1.68,0.543,126.61,132.92,-0.47,3,0
121.61,65.28,2.14,0.446,127.73,125.02,-26.6,5,1
88.98,47.1,1.93,0.484,84.81,87.57,10.36,0,0
41.85,50.37,2.65,0.593,30.0,65.56,-16.07,4,0
109.95,64.95,4.21,0.688,104.85,110.29,38.76,0,0
70.37,60.83,2.09,0.452,78.27,69.5,-4.68,1,0
94.03,49.04,3.25,0.439,73.55,88.95,-17.25,5,0
154.91,76.56,3.33,0.687,165.0,177.03,-19.37,1,1
87.88,55.1,1.27,0.412,78.77,95.09,-33.6,0,0
140.78,68.15,4.7,0.545,139.45,130.43,15.13,1,1
62.62,63.37,2.79,0.631,55.01,51.1,15.29,4,0
120.7,61.66,2.88,0.841,111.89,103.89,-14.58,0,0
157.24,76.19,6.53,0.617,174.8,156.27,10.96,3,1
52.23,45.0,1.73,0.3,56.02,37.24,24.25,2,0
41.0,53.69,1.03,0.335,43.43,30.0,6.43,4,0
92.03,61.17,4.54,0.541,101.75,102.71,13.59,0,0
51.12,45.58,1.04,0.315,51.45,60.03,1.74,1,0
129.81,61.59,2.54,0.59,140.94,144.72,-6.18,0,0
149.75,74.96,2.64,0.61,141.97,135.04,3.05,1,0
92.08,70.79,2.58,0.666,109.93,82.06,42.49,0,1
71.05,52.88,2.71,0.578,86.07,64.76,-1.86,0,0
92.13,52.65,1.8,0.61,96.9,108.53,18.0,6,1
126.81,70.76,3.53,0.615,123.66,127.44,1.69,1,0
41.09,45.0,3.1,0.567,30.0,59.31,-16.16,0,0
110.73,58.97,1.96,0.8,117.48,117.01,19.49,1,0
113.6,53.36,2.26,0.49,131.62,112.47,23.03,2,1
116.52,59.04,3.6,0.519,100.97,122.26,2.67,1,0
69.04,45.0,2.38,0.497,79.21,51.75,36.56,1,0
125.69,49.12,1.91,0.494,117.9,105.14,29.15,2,0
50.97,45.0,1.23,0.407,42.48,53.56,-3.27,0,0
63.91,58.2,2.08,0.504,47.9,64.06,-9.92,1,0
145.3,62.51,2.4,0.725,138.76,164.63,-28.96,2,1
128.65,63.37,2.25,0.598,136.37,114.86,31.46,1,1
41.65,61.92,3.32,0.422,47.34,45.37,1.53,4,0
69.81,58.45,1.51,0.673,74.09,76.76,-8.81,1,0
65.73,52.75,6.1,0.36,54.91,69.16,-22.21,0,0
72.5,49.74,3.05,0.559,58.44,83.49,-23.96,0,0
69.71,64.76,2.22,0.306,64.58,63.38,29.09,1,0
47.5,45.0,0.57,0.3,37.12,55.83,10.98,1,0
95.07,58.81,3.19,0.586,97.33,100.69,-25.66,0,0
127.93,72.55,4.14,0.506,122.19,139.59,-28.93,1,1
112.81,57.83,6.24,0.427,105.81,107.7,-1.31,0,0
120.74,62.72,2.0,0.511,120.87,108.88,-18.23,0,0
49.74,48.37,0.83,0.455,51.07,43.45,-3.87,1,0
154.18,73.3,5.9,0.824,173.34,143.55,37.54,5,1
140.62,69.76,2.43,0.583,136.23,134.97,17.06,0,1
136.61,74.79,4.21,0.757,146.3,133.27,-25.96,0,1
138.76,62.04,1.62,0.569,159.79,129.64,-7.69,1,1
151.93,68.46,4.05,0.781,162.41,152.0,9.67,0,1
105.31,57.05,1.43,0.561,118.5,93.52,26.93,0,0
64.03,45.0,2.28,0.534,55.26,63.3,-19.18,8,1
114.01,57.97,2.42,0.82,109.77,109.06,4.51,3,0
129.15,74.02,6.91,0.843,132.08,127.93,-6.72,2,1
128.55,69.04,2.0,0.467,125.26,132.48,29.89,0,1
102.57,71.53,2.61,0.742,118.26,98.39,19.05,0,0
48.22,45.0,0.61,0.3,33.46,40.44,-10.86,1,0
84.53,60.34,4.59,0.715,85.77,77.99,-26.29,2,1
150.49,62.46,2.9,0.644,164.27,160.72,-12.22,2,1
110.13,63.11,2.73,0.563,111.98,122.9,-40.0,0,1
104.6,55.03,1.31,0.43,101.08,99.45,3.14,1,0
72.26,55.03,2.11,0.342,69.96,70.72,10.84,0,0
84.21,59.58,2.14,0.623,71.15,67.17,6.36,4,1
147.44,62.85,2.14,0.9,139.72,145.62,-14.91,1,1
119.98,59.83,3.61,0.684,102.6,105.46,14.35,0,0
134.49,70.96,2.15,0.77,140.36,129.6,31.44,4,1
94.52,63.02,3.14,0.668,106.91,105.3,-5.78,4,0
115.63,52.31,3.54,0.532,123.46,100.61,25.18,1,0
69.81,45.0,4.07,0.308,77.68,60.79,6.45,2,0
124.66,61.96,3.57,0.455,139.2,115.68,-2.21,0,0
91.31,47.73,1.16,0.494,90.93,74.62,21.97,0,0
93.11,45.18,1.89,0.456,89.45,101.73,-23.55,1,0
117.92,57.54,1.48,0.459,132.8,120.69,-19.29,3,1
152.35,66.16,1.96,0.609,144.12,170.44,-11.25,1,0
47.68,45.0,2.03,0.3,30.0,37.73,-12.95,1,0
138.97,68.99,4.8,0.863,140.16,121.25,-28.98,2,1
75.09,51.89,1.02,0.361,64.84,84.5,3.71,3,0
93.27,54.82,1.26,0.575,93.35,89.66,-14.01,2,0
42.63,49.52,2.02,0.445,30.0,37.96,-29.88,0,0
76.13,53.4,1.37,0.526,79.08,90.91,13.17,5,1
100.32,58.24,2.71,0.421,89.9,102.01,-12.94,0,0
46.74,53.35,1.36,0.348,56.43,55.78,23.88,1,0
98.93,62.15,1.71,0.397,80.54,92.71,-0.93,4,0
151.25,80.51,3.81,0.692,151.42,144.0,-3.48,2,1
52.65,53.1,3.96,0.313,42.9,48.99,14.89,2,0
131.73,70.43,3.76,0.7,136.5,138.44,9.95,0,0
89.16,57.46,3.81,0.625,100.77,89.67,5.45,1,0
118.62,62.8,2.03,0.649,122.79,123.3,11.3,6,0
71.23,47.72,3.92,0.467,67.03,45.2,7.7,0,0
59.14,50.71,1.55,0.412,63.68,40.32,-17.43,0,0
59.26,60.13,4.28,0.594,69.26,37.72,47.45,0,0
48.46,45.0,1.46,0.313,45.95,44.67,-0.04,0,0
62.28,54.59,1.54,0.561,66.14,48.3,3.51,1,0
119.71,63.27,2.05,0.742,130.31,136.6,-26.33,0,1
145.8,71.96,3.38,0.685,127.78,145.59,-6.7,1,0
137.7,63.61,1.74,0.612,133.73,139.86,1.11,0,0
122.22,60.53,5.42,0.635,127.43,111.32,-18.09,1,1
53.25,45.0,0.98,0.3,43.75,42.04,-23.46,0,0
74.7,54.29,1.67,0.322,65.69,90.21,-20.69,1,0
77.18,51.3,1.28,0.356,76.8,95.0,-5.5,2,0
69.99,48.12,0.69,0.365,70.06,74.15,3.87,2,0
101.8,63.28,3.37,0.587,107.15,81.48,-1.34,3,0
104.27,62.55,2.89,0.732,97.41,100.01,2.02,5,1
82.83,62.38,4.03,0.423,62.27,85.96,1.88,3,0
82.45,54.59,1.14,0.701,94.14,80.18,15.61,5,1
139.43,73.11,6.15,0.88,136.12,118.23,4.9,0,0
134.72,63.57,2.22,0.868,130.33,153.21,2.95,1,0
76.94,56.76,4.87,0.646,67.03,68.58,0.25,0,0
149.65,59.05,1.51,0.674,164.96,136.24,5.01,3,1
154.34,74.18,4.29,0.572,156.32,154.03,-10.88,3,1
79.21,62.38,2.84,0.545,82.22,91.05,-0.17,0,0
82.53,63.15,2.25,0.551,89.83,87.66,15.4,1,0
100.68,64.85,1.81,0.722,102.61,87.52,12.62,3,1
152.93,71.71,3.49,0.937,171.83,138.13,18.59,1,1
145.16,65.64,1.78,0.719,133.17,123.24,-14.55,1,0
52.31,59.43,2.41,0.375,34.78,49.39,-12.66,0,0
87.13,65.01,3.09,0.416,69.75,82.4,-12.51,2,0
106.4,58.35,3.28,0.401,107.49,111.54,-10.39,0,0
100.38,57.57,8.38,0.585,106.15,93.52,18.98,1,1
63.26,62.87,2.02,0.492,55.43,73.0,-37.05,4,1
143.06,69.08,2.53,0.839,145.05,149.6,37.39,0,1
121.23,67.43,2.47,0.646,137.36,113.94,45.39,2,1
140.55,83.75,4.8,0.868,137.58,144.46,-0.58,2,1
143.05,66.11,5.8,0.76,149.8,156.34,10.67,0,1
129.8,76.91,7.91,0.806,125.68,120.2,13.23,4,1
92.71,59.49,5.74,0.417,102.21,90.57,-8.89,0,0
113.27,67.26,5.01,0.762,124.05,110.94,15.61,0,1
59.24,46.63,7.66,0.528,41.01,55.67,14.63,3,0
120.84,57.32,1.95,0.511,115.92,128.86,-34.91,2,0
61.51,51.26,5.32,0.34,31.37,70.32,-40.0,0,0
123.27,60.54,3.58,0.82,138.49,127.34,21.11,0,0
67.55,50.05,1.08,0.3,86.12,71.14,4.42,0,0
54.11,54.09,1.11,0.427,30.0,48.48,-19.01,6,1
59.83,56.99,1.58,0.385,38.41,63.14,-16.6,0,0
40.24,45.0,2.76,0.467,39.58,30.0,-20.61,3,0
126.25,79.52,4.07,0.795,129.92,151.03,-5.55,0,0
127.89,77.75,2.85,0.608,123.11,141.39,-26.15,1,1
101.79,63.54,3.64,0.556,80.06,111.36,12.69,1,1
59.36,49.41,0.99,0.651,64.26,63.45,4.85,0,0
50.03,50.3,3.41,0.544,59.55,54.12,6.68,0,0
42.3,51.66,3.27,0.566,75.77,30.0,28.74,0,0
59.89,53.26,6.39,0.435,72.28,47.3,56.42,1,1
146.9,69.05,2.19,0.614,131.6,135.56,-26.59,5,1
68.98,55.11,4.66,0.452,65.88,69.57,-34.71,4,1
82.51,58.59,1.94,0.614,89.9,79.7,3.14,0,0
52.64,48.75,1.53,0.3,38.38,60.75,-40.0,3,0
66.68,47.98,1.63,0.388,71.81,57.03,-3.53,0,0
102.31,54.62,2.56,0.406,106.86,112.57,18.02,4,1
112.93,59.2,9.23,0.592,127.61,104.73,34.85,2,1
69.44,70.82,3.42,0.619,79.46,65.26,-23.18,6,1
46.93,56.29,5.1,0.3,44.35,55.88,-18.27,1,0
86.92,63.7,2.06,0.611,79.49,91.97,2.82,2,0
68.1,67.43,2.61,0.657,53.73,55.59,6.39,2,0
66.35,56.39,2.24,0.374,64.45,76.99,13.65,1,0
155.18,76.62,2.98,0.823,154.8,156.07,26.36,6,1
113.96,58.35,6.95,0.812,114.51,92.53,13.39,0,1
106.83,65.32,3.66,0.785,123.99,98.4,6.43,7,1
89.89,53.73,2.0,0.444,103.19,85.8,25.77,3,0
91.47,47.15,2.72,0.395,72.54,79.78,-8.21,1,0
104.91,48.18,1.64,0.454,99.46,118.34,2.22,0,0
123.57,71.77,2.13,0.732,121.0,119.82,-10.18,0,0
124.26,70.99,3.23,0.743,130.9,128.86,6.14,3,1
60.6,45.71,2.01,0.532,32.04,62.67,-40.0,2,0
100.01,54.14,7.01,0.514,80.77,107.07,9.0,6,1
89.43,63.45,1.67,0.416,84.35,106.17,-20.71,0,0
144.46,65.67,2.82,0.746,156.81,151.22,-9.81,4,1
115.77,65.58,1.89,0.621,117.09,133.2,-40.0,3,1
103.9,62.84,1.81,0.683,113.62,110.92,-9.94,6,0
53.85,53.57,2.43,0.418,52.58,55.16,-17.89,0,0
112.68,56.25,1.57,0.553,127.06,115.89,11.1,1,0
54.06,49.23,2.83,0.36,67.09,30.0,-16.79,0,0
80.46,54.9,2.18,0.406,67.46,75.91,-14.5,1,0
57.14,50.63,1.21,0.358,62.9,55.71,-9.36,2,0
123.05,62.69,2.58,0.487,126.89,127.43,-29.76,0,0
64.75,53.95,1.04,0.413,91.07,64.5,17.44,0,0
87.02,68.79,4.91,0.356,72.56,90.36,-11.18,1,0
147.48,86.48,3.01,0.597,146.02,134.25,-0.01,0,1
64.52,51.01,0.87,0.572,51.58,48.7,8.47,1,0
100.94,45.0,1.92,0.513,87.52,89.11,-6.57,1,0
90.31,64.67,7.13,0.618,95.3,106.02,-3.5,1,1
42.17,51.46,3.79,0.493,42.51,30.0,16.77,0,0
135.13,77.14,2.86,0.718,143.99,127.24,-1.44,1,0
48.29,55.95,1.49,0.608,54.69,49.34,-5.88,0,0
96.91,55.93,2.63,0.379,89.67,80.99,8.43,0,0
107.28,72.93,4.77,0.697,106.32,98.56,-14.52,2,0
115.41,77.94,3.15,0.81,107.96,122.18,17.28,2,1
122.64,60.01,2.25,0.793,118.08,118.26,0.61,0,0
70.39,45.3,0.7,0.358,64.88,87.23,25.48,0,0
41.2,45.3,0.77,0.334,38.25,30.0,-2.55,0,0
126.81,64.45,2.93,0.529,133.93,123.36,20.63,0,0
104.28,61.39,1.65,0.633,112.25,99.9,-25.52,1,0
140.33,75.24,2.65,0.786,162.74,140.24,34.28,4,1
138.57,74.82,2.69,0.623,127.34,126.3,6.8,0,1
141.2,82.72,3.64,0.719,140.8,135.39,-11.82,0,1
98.21,66.56,1.86,0.651,88.61,106.1,10.77,0,0
80.04,49.76,1.82,0.489,93.14,77.34,-16.26,4,0
134.99,71.38,6.04,0.827,133.49,124.29,-9.7,0,0
94.16,61.87,1.55,0.671,109.44,114.96,-7.68,0,0
62.01,51.9,2.41,0.3,73.45,62.5,22.28,0,0
142.6,74.51,4.98,0.756,150.68,148.73,26.51,1,1
145.91,83.04,3.34,0.612,149.66,153.55,-6.2,3,0
95.96,57.43,1.46,0.591,96.24,95.25,-22.74,0,0
49.08,56.81,1.27,0.61,45.48,41.19,-19.39,0,0
86.54,78.24,4.04,0.691,83.12,88.53,-0.05,0,0
136.42,64.14,2.85,0.651,135.68,129.42,0.15,0,0
148.21,70.78,2.44,0.641,170.93,151.93,5.24,6,1
64.42,45.0,3.17,0.367,47.25,62.77,-23.52,1,0
48.04,50.21,2.81,0.437,47.23,58.33,28.91,0,0
145.28,61.87,2.0,0.562,153.05,133.87,-7.28,0,0
86.73,65.83,3.85,0.56,82.51,93.91,-17.1,3,0
105.01,58.17,1.71,0.396,105.92,111.15,21.1,2,1
156.17,65.33,3.41,0.678,139.67,153.78,-13.33,1,1
47.99,52.38,1.13,0.312,58.13,55.29,14.28,2,0
117.8,70.97,3.83,0.822,135.81,121.99,-6.75,2,1
48.89,58.44,1.72,0.518,46.06,55.56,7.69,0,0
85.06,48.1,1.96,0.475,72.0,91.09,6.7,0,0
136.46,67.71,2.15,0.527,144.5,136.96,-16.07,6,1
92.02,64.79,3.63,0.563,77.49,86.05,-16.87,0,0
159.66,68.59,2.01,0.644,148.49,153.58,-21.87,1,1
107.09,54.15,1.32,0.616,106.76,104.94,-9.67,7,1
78.54,59.23,1.66,0.65,97.75,86.97,38.43,0,1
66.41,63.2,1.66,0.526,72.61,72.74,7.72,1,0
82.06,66.18,3.82,0.58,73.89,92.12,30.98,2,1
84.7,54.97,7.04,0.551,63.53,95.77,16.1,0,1
48.25,45.0,2.76,0.596,48.66,46.08,20.56,1,0
84.35,58.78,4.28,0.706,89.48,103.97,28.75,0,0
95.71,56.88,1.22,0.572,94.28,94.67,20.16,0,0
126.73,68.2,2.08,0.582,148.06,121.79,41.34,1,1
118.81,64.09,2.87,0.62,117.63,122.14,9.21,2,0
125.05,58.23,7.01,0.53,96.26,129.89,-2.04,3,0
41.0,56.82,2.83,0.458,33.27,33.59,7.98,1,0
66.12,54.36,1.76,0.478,69.14,64.53,-6.4,0,0
119.4,64.45,1.9,0.48,121.64,114.93,16.35,4,1
98.08,45.47,0.78,0.453,93.02,99.49,20.11,0,0
40.64,45.0,1.18,0.394,32.41,48.6,-14.92,2,0
136.54,63.03,3.46,0.845,117.44,133.88,-24.98,2,1
132.74,65.67,1.79,0.705,135.86,138.46,-8.36,0,1
105.81,68.16,4.76,0.67,103.15,91.92,23.09,0,0
47.98,45.0,4.76,0.36,46.16,56.87,-5.18,1,0
131.98,80.06,5.9,0.705,139.97,127.45,-15.88,3,1
110.05,63.93,5.3,0.589,124.72,105.33,-11.36,1,0
133.84,79.73,2.61,0.745,125.27,137.84,-20.55,2,1
130.21,57.1,6.94,0.491,112.5,134.74,-21.69,2,1
136.36,72.64,2.84,0.686,131.2,135.24,-27.76,1,1
102.16,60.04,4.45,0.505,91.43,93.27,5.54,1,0
56.84,55.27,1.43,0.381,42.55,52.04,-10.55,0,0
120.54,68.59,2.8,0.826,142.4,121.49,20.55,4,1
114.46,64.39,1.73,0.496,114.17,119.36,-40.0,2,0
129.07,73.37,2.26,0.592,152.57,120.84,31.06,0,1
60.39,47.63,4.96,0.465,57.65,53.98,-2.85,0,0
63.4,58.09,3.78,0.615,49.64,66.03,2.12,0,0
146.85,57.49,2.38,0.687,138.9,146.02,23.41,0,1
130.0,75.11,3.42,0.768,145.64,131.46,14.44,0,1
148.99,89.27,5.23,0.87,140.77,122.84,33.9,2,1
131.05,57.37,1.87,0.597,137.68,128.1,-30.52,1,1
111.66,61.91,3.67,0.572,106.82,120.19,-8.14,3,0
118.5,69.89,2.99,0.578,106.9,112.34,-38.26,0,0
146.7,75.05,3.83,0.853,168.4,151.56,16.51,2,1
109.46,59.73,6.4,0.426,98.92,97.37,-3.89,3,1
115.89,59.92,2.35,0.551,104.98,100.26,-25.11,1,1
58.78,50.52,1.64,0.528,56.39,62.96,37.93,0,0
96.87,60.34,4.96,0.597,90.71,96.33,-9.55,1,1
125.97,66.5,5.28,0.632,153.2,122.61,-26.1,2,1
72.51,46.94,7.94,0.514,83.51,80.98,17.74,4,0
64.27,49.47,1.97,0.352,52.22,61.15,6.5,0,0
77.66,66.26,2.41,0.485,69.66,71.33,-12.63,1,0
68.98,51.1,1.28,0.488,42.5,61.57,0.95,1,0
65.79,48.65,0.77,0.638,68.2,56.27,-15.9,0,0
90.98,55.52,3.08,0.457,79.16,95.65,-13.42,0,0
148.94,70.69,2.44,0.874,155.48,145.82,10.35,0,0
100.85,53.26,2.4,0.64,78.06,112.27,5.24,0,0
62.55,49.36,4.49,0.3,56.23,33.03,-7.2,0,0
49.24,46.85,5.11,0.518,67.97,58.47,0.68,1,0
123.54,57.28,1.24,0.465,121.49,127.14,-1.77,1,0
85.94,63.88,2.21,0.737,79.37,85.03,-40.0,3,0
138.62,62.68,4.29,0.845,143.27,125.71,-2.71,0,0
119.14,51.09,2.02,0.556,117.5,102.54,-36.47,0,0
135.55,71.27,4.55,0.59,161.64,143.06,-2.1,0,1
72.63,45.0,3.38,0.45,65.65,75.05,-29.1,3,0
123.08,57.92,2.15,0.592,108.48,125.32,2.21,3,0
71.69,45.0,1.17,0.444,68.82,70.66,-14.59,0,0
152.69,67.63,2.77,0.665,156.34,161.19,24.11,0,1
116.36,68.89,3.52,0.678,124.66,110.51,-29.1,3,1
78.94,53.69,1.71,0.383,83.66,75.58,-2.02,1,0
72.34,74.98,4.54,0.635,96.52,70.58,13.61,1,1
62.91,63.39,5.12,0.594,55.64,60.77,5.18,1,0
123.36,59.5,1.87,0.641,115.93,136.72,35.05,2,1
66.25,48.55,5.74,0.62,44.39,53.7,-40.0,0,1
111.44,79.99,4.06,0.513,117.64,91.89,-10.53,0,1
71.76,57.26,4.39,0.302,55.15,57.22,27.64,0,0
119.44,70.69,2.21,0.686,131.86,126.27,-10.37,1,0
137.79,69.61,2.41,0.677,133.42,136.79,5.77,6,1
133.36,71.09,2.65,0.707,156.21,117.38,-5.49,0,1
131.3,61.66,2.04,0.834,118.77,132.3,-31.36,4,1
62.53,58.37,1.58,0.656,75.91,59.29,-7.99,2,0
50.61,51.73,3.94,0.486,59.16,56.2,39.88,0,1
123.87,62.68,2.37,0.757,133.34,131.82,-16.27,2,1
84.2,49.51,5.72,0.366,66.12,109.38,-14.41,0,0
91.88,66.39,3.1,0.42,94.65,80.06,-3.2,0,0
43.74,49.8,1.01,0.504,43.35,30.0,16.3,0,0
71.15,68.32,3.08,0.466,46.51,77.04,8.0,0,0
44.04,45.0,8.06,0.391,58.55,53.91,9.19,2,0
145.5,65.67,2.99,0.64,142.15,132.75,-40.0,4,1
69.21,45.0,0.5,0.531,85.59,56.46,-7.81,1,0
106.88,50.93,4.91,0.475,103.56,110.32,-23.22,1,0
44.68,45.0,0.9,0.465,53.76,61.82,25.4,2,0
120.02,64.45,3.42,0.51,107.9,111.26,-22.64,2,1
78.76,53.73,2.11,0.342,76.17,79.63,29.01,0,0
147.75,65.29,2.31,0.655,150.59,128.76,8.76,0,0
146.57,53.2,1.49,0.612,142.93,144.59,18.61,1,1
79.03,70.52,5.99,0.673,70.06,77.9,36.12,2,1
148.12,65.38,5.37,0.546,110.24,162.79,-35.93,3,1
159.54,63.35,2.68,0.629,149.98,152.47,-33.94,0,1
139.05,72.2,2.58,0.717,149.79,145.91,8.74,1,1
141.38,71.55,2.26,0.697,126.57,133.67,9.77,0,0
69.88,47.42,0.9,0.308,49.78,70.78,-22.02,3,0
109.2,59.18,2.46,0.411,88.2,129.98,-9.85,2,0
48.07,46.11,1.12,0.619,50.97,66.0,23.35,2,1
51.39,56.97,1.28,0.498,38.62,71.0,13.74,2,0
159.87,66.15,2.68,0.706,176.63,163.84,-2.09,1,1
79.2,51.78,2.96,0.506,86.13,77.09,8.35,0,0
129.78,69.91,5.33,0.576,131.7,132.63,-15.88,2,1
136.8,76.16,3.69,0.628,141.01,141.46,-23.99,2,1
142.96,83.26,4.72,0.769,137.18,146.86,21.56,0,1
159.72,85.65,3.62,0.912,156.81,152.6,-39.85,4,1
68.98,48.59,1.74,0.361,72.72,61.46,5.31,0,0
44.84,45.0,2.46,0.551,54.82,38.88,-1.68,0,0
89.34,64.65,3.63,0.397,93.7,100.05,12.06,0,0
55.61,57.76,2.09,0.333,44.62,67.4,-17.83,6,1
42.69,45.0,1.68,0.3,32.0,74.53,15.2,0,0
83.25,60.09,5.27,0.386,67.79,87.51,-11.73,6,1
134.05,70.51,3.53,0.849,148.25,126.16,33.23,1,1
107.94,72.89,3.72,0.588,84.16,103.15,-7.95,0,0
77.53,48.12,2.99,0.344,45.96,75.96,-34.69,1,0
118.52,83.62,3.0,0.819,98.85,133.58,-0.07,4,0
67.84,63.06,2.69,0.635,42.83,75.17,-4.99,1,0
41.73,63.02,6.39,0.507,56.15,30.0,5.29,0,0
131.72,69.23,2.63,0.849,146.14,131.15,-6.26,0,0
114.85,64.38,2.19,0.513,98.72,100.13,7.43,0,0
131.48,64.66,3.06,0.809,134.38,137.4,-15.92,0,1
44.67,56.36,1.56,0.49,60.06,37.6,-7.79,0,0
140.45,80.09,3.82,0.849,151.44,134.34,14.99,2,1
114.34,83.98,3.09,0.742,142.55,95.56,10.31,0,0
107.61,64.55,2.97,0.541,105.06,115.18,-36.64,1,1
114.95,72.18,3.51,0.735,109.78,127.04,-19.9,0,0
143.73,65.17,2.52,0.616,131.08,136.8,0.98,8,1
110.43,65.42,2.45,0.543,109.57,108.81,-5.29,1,0
109.71,56.61,1.62,0.452,117.99,104.92,2.32,3,0
158.88,79.41,3.17,0.931,166.68,156.7,8.62,1,1
130.81,67.06,2.86,0.589,126.29,122.61,5.95,0,0
93.08,57.18,1.66,0.567,107.5,82.07,9.3,3,0
124.89,65.95,4.05,0.611,131.46,138.57,-40.0,2,1
86.71,59.98,3.25,0.724,87.83,60.31,-0.43,0,0
67.47,49.37,1.23,0.416,54.59,72.51,-15.73,1,0
111.62,73.94,2.39,0.726,111.09,114.46,0.29,0,0
151.38,77.34,2.44,0.876,162.58,167.92,24.82,0,1
151.5,74.37,3.62,0.709,144.31,149.13,-22.9,3,1
81.03,45.31,0.87,0.474,63.71,77.32,-7.39,5,0
103.32,67.19,1.85,0.689,99.34,95.24,6.6,0,0
65.4,61.06,2.13,0.641,65.63,68.95,-5.45,1,0
159.48,74.14,7.15,0.86,181.04,152.39,-12.78,2,1
157.73,85.86,4.71,0.644,144.69,146.45,-28.19,2,1
117.94,52.9,3.9,0.789,124.44,110.57,2.63,1,0
136.53,73.59,2.45,0.645,134.09,127.06,-12.39,1,0
125.81,72.56,2.27,0.688,124.84,115.75,-35.19,1,1
111.18,70.62,2.05,0.746,132.57,112.03,-3.67,0,0
46.4,47.19,5.31,0.3,41.38,44.46,-25.92,1,0
94.57,66.48,2.32,0.678,85.16,100.07,8.76,1,0
120.97,72.76,3.09,0.681,133.27,122.45,-20.57,0,0
121.3,64.65,2.43,0.801,135.11,109.28,32.47,0,1
84.77,56.39,3.15,0.403,68.82,63.55,30.9,1,0
153.0,70.85,2.61,0.707,140.83,142.44,-19.42,0,0
60.08,47.69,1.81,0.593,64.88,67.72,-8.65,3,0
100.04,61.22,9.61,0.388,95.4,107.45,14.67,0,0
122.91,58.33,2.18,0.494,115.13,132.75,15.62,2,0
123.66,60.74,2.65,0.847,141.28,132.04,-0.05,3,1
117.84,59.04,2.39,0.546,109.64,128.71,-12.01,5,0
73.03,54.1,3.48,0.689,79.88,77.1,-4.35,1,0
58.74,55.74,1.61,0.329,67.43,76.77,-10.99,0,0
116.31,64.35,1.94,0.573,111.71,119.25,14.11,2,0
111.92,75.89,4.46,0.717,92.3,131.91,-7.01,0,1
61.52,49.25,1.56,0.528,55.24,55.26,-16.2,0,0
124.62,73.47,5.88,0.686,128.61,118.1,3.16,3,1
94.62,79.97,4.15,0.576,106.17,92.7,-1.03,0,0
120.13,71.46,3.33,0.778,117.43,119.76,43.71,1,1
140.48,73.49,2.32,0.595,161.07,137.27,5.81,2,1
60.37,56.36,3.15,0.438,41.54,65.76,3.91,0,0
42.3,45.0,2.24,0.3,38.27,41.27,5.81,4,0
133.49,73.6,3.75,0.719,133.0,127.42,-2.96,0,0
113.16,63.61,2.08,0.52,127.72,109.2,15.2,0,0
123.96,62.91,5.97,0.585,105.98,136.13,-5.2,0,1
140.58,63.65,2.2,0.69,147.49,143.75,48.22,1,1
136.34,69.3,2.21,0.5,131.4,119.57,-4.22,1,0
155.31,62.56,8.09,0.583,173.31,170.42,-37.92,6,1
104.31,78.77,4.58,0.667,95.72,108.65,35.1,2,1
98.62,60.78,2.25,0.547,102.55,105.01,-7.21,2,1
88.23,53.44,5.13,0.691,79.98,97.52,-2.57,0,0
58.44,50.0,0.94,0.533,59.36,68.25,-9.33,2,0
108.71,56.09,1.3,0.409,100.47,99.52,-14.9,1,0
73.24,73.03,3.9,0.546,67.55,62.54,-22.98,0,0
150.56,62.12,1.82,0.569,126.09,174.52,-40.0,2,1
109.98,65.24,5.45,0.722,117.4,103.0,-9.2,6,1
111.14,64.66,4.43,0.81,102.35,114.93,4.86,0,1
82.59,60.89,2.0,0.54,68.0,98.91,-36.93,2,1
46.24,47.08,3.92,0.492,30.0,41.8,0.98,4,0
43.81,45.0,0.57,0.306,30.0,40.21,34.85,0,0
90.8,56.94,2.41,0.527,95.35,100.06,7.44,0,0
50.15,51.25,4.99,0.573,55.02,52.28,-22.57,2,0
112.82,56.41,4.09,0.485,118.49,117.77,10.08,5,0
145.72,65.17,2.37,0.623,133.86,144.91,11.31,5,1
145.95,79.09,2.85,0.696,150.45,140.69,25.73,0,1
119.09,65.18,2.07,0.722,114.14,115.76,0.91,3,0
65.35,45.0,1.58,0.426,73.33,77.29,14.87,1,0
143.56,71.84,3.47,0.882,154.31,140.6,20.68,1,1
146.33,67.75,1.92,0.557,137.59,150.62,6.47,3,0
63.6,45.0,1.3,0.419,72.47,53.91,10.16,3,0
128.49,80.88,5.31,0.749,137.56,148.89,-6.96,1,0
74.38,58.57,2.2,0.394,53.61,77.57,6.79,0,0
136.32,80.75,2.92,0.752,119.29,139.71,-18.16,1,0
159.67,73.81,6.88,0.625,143.99,168.93,39.01,0,1
43.6,45.0,0.96,0.3,57.39,38.79,-4.62,2,0
147.68,78.69,4.92,0.571,134.93,159.62,8.07,4,1
114.72,62.57,1.88,0.796,141.15,99.55,-9.78,0,0
156.81,68.82,2.75,0.771,147.42,150.66,-13.27,3,1
95.8,64.11,2.66,0.686,83.43,87.79,-16.79,0,0
141.69,78.35,3.54,0.638,153.01,122.88,-18.95,0,1
47.49,57.48,2.34,0.46,55.78,42.2,-6.19,0,0
80.23,62.85,1.95,0.519,85.28,79.71,9.01,1,1
48.04,51.58,1.98,0.602,56.2,37.14,-0.37,1,0
157.04,74.02,3.23,0.85,152.42,144.7,19.17,0,1
138.04,74.29,2.61,0.786,151.76,138.45,-9.9,1,0
142.31,65.07,8.36,0.525,143.69,141.51,13.25,1,1
152.56,79.55,5.58,0.758,151.32,149.9,-11.28,8,1
50.21,55.28,4.39,0.417,47.7,37.55,19.07,0,0
86.27,66.33,3.52,0.71,101.2,82.33,21.56,2,0
48.52,45.0,0.76,0.329,47.8,41.86,17.87,0,0
65.3,51.79,2.17,0.384,35.08,66.15,-18.01,0,0
67.52,52.04,3.51,0.447,75.16,61.94,27.75,0,0
96.29,58.78,1.39,0.466,103.39,95.91,-26.33,0,0
72.23,45.76,1.57,0.348,62.65,59.12,3.24,0,0
52.12,45.0,1.26,0.579,53.1,38.15,2.98,0,0
60.1,55.85,1.51,0.484,59.12,65.67,14.52,0,0
57.67,52.6,1.67,0.598,33.87,65.33,-13.26,2,0
156.77,81.11,8.82,0.883,157.6,152.84,-17.3,1,1
131.12,61.12,3.39,0.586,126.48,131.39,-21.97,0,1
156.13,84.02,3.38,0.767,157.58,151.63,0.51,0,1
92.77,62.21,2.93,0.392,82.29,103.74,-9.92,0,0
73.4,61.25,1.9,0.666,82.68,71.37,20.06,1,0
135.8,66.6,3.21,0.649,127.07,130.81,12.81,8,1
79.15,61.21,4.87,0.475,87.57,88.81,5.07,1,0
75.93,56.36,2.4,0.429,79.89,68.19,2.45,0,0
67.9,55.05,3.09,0.468,81.59,69.47,26.01,0,0
55.56,55.82,2.06,0.347,71.31,45.08,3.47,0,0
70.78,63.16,2.7,0.442,88.51,77.42,5.19,1,0
82.64,51.33,2.66,0.648,69.37,90.79,-30.44,2,1
120.88,61.69,4.01,0.776,128.54,107.99,19.64,1,1
47.51,45.0,2.12,0.344,33.78,33.06,-8.48,1,0
65.26,45.0,6.19,0.463,101.89,68.15,38.78,3,1
137.08,72.64,4.73,0.841,149.27,156.49,-15.63,0,1
57.63,51.85,3.16,0.3,68.63,66.47,-3.35,0,0
81.12,60.49,4.23,0.679,87.92,78.99,20.43,3,1
143.76,64.3,2.15,0.599,112.11,135.22,-9.95,1,1
58.59,61.35,2.33,0.527,47.73,46.43,-26.73,1,0
49.93,51.54,2.14,0.463,38.96,57.1,11.12,3,0
98.14,63.51,2.54,0.596,93.38,107.37,-25.87,5,1
76.29,67.34,4.66,0.653,81.66,69.98,17.59,1,0
107.61,57.87,1.31,0.443,110.49,105.14,-16.19,3,0
136.46,82.09,3.08,0.628,105.49,136.93,6.32,1,0
56.46,48.45,3.91,0.465,50.91,74.59,-0.74,0,0
109.68,80.28,2.71,0.734,106.52,110.34,4.61,5,1
100.66,51.49,1.28,0.469,114.6,90.85,5.51,3,0
57.29,58.04,1.93,0.573,63.86,45.72,4.86,2,0
114.88,58.85,3.41,0.584,112.37,105.77,0.24,1,0
72.84,59.61,2.61,0.374,71.0,85.48,11.78,5,1
98.54,59.91,6.03,0.679,79.88,103.67,-10.46,1,0
49.87,48.52,1.1,0.3,51.81,46.42,27.29,2,0
95.15,55.5,4.22,0.571,89.83,65.9,-15.91,0,0
76.78,57.97,1.78,0.336,61.8,68.25,8.01,0,0
138.69,63.68,2.04,0.639,155.23,142.13,18.43,1,1
46.84,61.83,2.54,0.461,47.34,50.36,22.45,1,0
90.23,52.39,1.05,0.573,81.71,93.67,-2.08,3,0
95.01,49.5,1.5,0.527,86.3,81.54,1.57,0,0
127.0,73.03,2.84,0.633,132.04,128.77,8.25,2,1
108.91,56.13,1.43,0.497,110.32,99.16,-21.18,4,0
120.07,65.02,4.66,0.623,120.87,120.08,7.49,3,1
133.25,70.76,2.78,0.861,124.03,125.57,54.25,1,1
143.46,65.1,7.73,0.851,135.81,154.17,25.14,3,1
77.67,51.89,4.36,0.371,64.11,81.04,-20.82,3,0
104.56,66.18,2.1,0.406,98.32,103.13,-35.53,1,0
140.81,81.54,3.75,0.876,145.83,154.62,3.45,3,1
158.73,76.11,3.75,0.767,160.15,155.01,20.21,1,1
146.74,79.68,5.14,0.735,148.08,132.59,-0.03,1,1
84.58,52.92,4.23,0.646,108.07,95.13,45.75,0,0
63.42,48.64,2.19,0.396,69.53,65.94,-10.99,4,0
98.73,63.3,1.65,0.569,112.36,95.54,10.87,0,0
129.0,71.3,3.06,0.854,139.66,122.56,3.37,0,1
99.11,60.79,4.69,0.646,100.9,104.22,14.06,0,0
97.98,48.68,2.6,0.435,99.61,106.12,15.21,0,0
140.59,51.9,3.98,0.555,142.4,132.92,22.3,4,1
83.37,60.03,3.08,0.412,89.3,89.02,0.74,6,0
143.18,75.08,2.37,0.816,135.8,145.68,18.95,3,1
88.82,62.75,6.73,0.465,94.81,80.52,9.2,0,0
79.39,48.52,4.46,0.327,75.93,79.43,22.74,0,0
94.48,59.21,1.56,0.741,75.62,89.01,17.56,0,0
131.49,64.83,1.87,0.542,131.37,143.9,0.27,2,0
55.12,53.25,2.16,0.3,33.45,48.63,-22.97,0,0
63.57,48.55,2.84,0.366,52.46,78.66,-1.89,4,0
154.17,76.15,3.09,0.637,152.99,155.49,17.24,3,1
61.06,45.0,0.72,0.432,39.61,43.6,-37.81,0,0
108.13,65.9,2.83,0.773,110.93,86.4,-7.5,2,0
109.52,66.44,2.4,0.76,113.54,107.43,14.3,1,0
98.75,68.87,2.58,0.559,107.0,112.09,-40.0,0,1
117.37,65.47,3.28,0.596,111.85,129.68,-21.37,1,1
67.58,66.48,5.04,0.505,68.97,69.24,-10.34,3,0
106.32,50.42,2.05,0.496,103.1,98.95,-3.11,4,0
84.66,53.98,2.78,0.355,74.74,80.49,-10.75,0,0
119.4,71.01,3.68,0.814,103.63,121.47,-13.34,0,0
56.95,52.52,2.15,0.326,50.12,67.82,-27.37,1,0
108.51,54.2,1.61,0.485,115.14,114.2,35.17,0,1
62.23,64.02,2.35,0.456,48.14,71.92,-17.99,0,0
73.44,55.03,1.67,0.497,68.76,79.87,-36.59,2,0
66.25,45.0,4.24,0.3,59.4,75.63,17.01,2,0
61.94,48.8,3.36,0.325,69.67,39.33,-10.09,2,0
139.09,66.38,3.08,0.649,140.42,130.16,-21.15,4,1
74.28,76.53,6.04,0.576,77.27,63.24,13.7,1,0
151.25,77.17,5.69,0.625,151.65,139.26,-9.14,2,1
156.39,73.27,6.14,0.718,152.85,156.45,1.26,0,0
108.55,62.71,1.94,0.629,95.51,94.08,-17.92,7,1
57.16,61.9,3.41,0.607,53.88,47.72,-9.97,4,0
84.95,62.87,2.98,0.465,86.97,83.96,-16.85,3,1
135.73,45.0,2.49,0.541,136.02,119.69,-21.71,1,0
84.09,61.81,1.97,0.528,100.4,79.23,70.64,1,1
50.44,52.51,2.73,0.53,60.39,56.83,-9.93,0,0
106.81,49.45,1.56,0.444,118.59,94.56,-20.44,0,0
141.41,75.73,5.04,0.674,118.51,149.38,8.9,0,1
135.51,79.89,4.97,0.494,152.34,127.45,13.21,0,0
61.01,52.05,1.28,0.3,58.22,63.73,-1.09,1,0
120.73,73.2,2.5,0.635,126.35,109.67,-5.98,0,0
66.46,64.06,3.54,0.399,73.19,70.99,-3.95,0,0
66.18,51.03,2.06,0.617,66.77,63.15,-5.06,0,0
144.89,59.12,2.57,0.756,135.15,149.55,15.59,1,0
69.96,58.38,3.4,0.471,84.76,64.51,2.93,1,0
71.59,51.95,3.81,0.458,59.53,77.15,14.56,0,0
40.08,45.0,0.91,0.399,30.0,48.55,-6.01,0,0
144.48,65.87,2.97,0.53,140.26,145.68,-5.8,2,0
135.11,77.92,5.12,0.842,135.33,130.32,-18.28,0,1
115.28,68.38,5.0,0.825,119.83,112.94,40.88,3,1
130.03,59.06,1.85,0.543,127.71,117.39,-0.89,1,0
58.25,46.24,0.74,0.303,68.47,60.28,5.09,0,0
95.0,56.17,1.57,0.422,96.96,101.23,34.44,4,1
82.15,45.09,4.87,0.591,71.67,97.81,2.26,0,0
51.25,50.65,1.77,0.498,40.57,64.34,4.15,1,0
98.34,54.69,1.9,0.714,95.96,88.56,-0.11,1,0
150.49,79.49,2.59,0.832,150.52,152.61,-13.92,0,1
44.81,45.0,0.58,0.394,34.52,43.48,16.76,1,0
74.98,63.59,3.27,0.55,60.76,87.16,-32.6,2,1
64.9,52.12,2.26,0.55,67.39,57.81,-16.34,4,0
68.58,50.26,2.1,0.491,60.93,77.36,-17.81,2,0
149.01,73.85,2.41,0.717,139.94,139.14,-0.02,1,0
96.17,55.53,1.78,0.627,102.52,95.11,2.89,3,0
95.96,62.62,4.07,0.591,105.95,87.11,-28.53,0,1
131.27,64.35,1.95,0.731,130.95,111.62,41.55,3,1
58.54,48.9,3.95,0.501,77.93,49.49,23.37,3,0
98.47,65.69,1.94,0.663,126.32,95.9,5.09,1,0
91.6,52.57,1.23,0.612,97.8,105.86,10.9,0,0
111.63,54.96,2.07,0.623,106.46,100.76,5.46,1,0
159.95,78.04,6.84,0.833,167.83,153.89,-2.0,4,1
132.33,67.58,2.45,0.657,118.78,117.93,0.31,1,0
87.74,56.84,2.82,0.44,74.08,99.3,0.47,3,0
139.31,67.15,3.16,0.498,117.08,134.7,8.53,0,1
60.49,53.11,1.23,0.485,50.65,57.1,-3.67,0,0
43.66,53.49,1.44,0.447,30.0,40.18,-1.04,0,0
64.53,58.42,5.3,0.662,73.27,45.03,0.61,1,0
80.85,45.0,0.81,0.467,69.2,66.18,-13.63,1,0
101.27,47.99,2.46,0.541,103.42,91.75,-12.78,3,0
113.82,74.62,7.29,0.502,120.83,119.98,-10.96,0,1
149.27,67.79,2.06,0.556,162.45,124.28,-1.78,1,0
101.18,70.65,2.8,0.693,98.79,106.6,-5.44,0,0
100.15,56.11,1.55,0.48,101.49,103.58,18.77,5,0
46.03,49.54,1.15,0.462,47.37,30.0,-6.16,2,0
44.19,47.15,0.82,0.488,57.21,41.02,0.52,1,0
106.14,79.36,4.13,0.587,115.28,117.78,-0.69,1,0
92.58,64.87,3.75,0.708,110.39,81.88,8.04,2,0
140.7,65.85,3.45,0.68,122.32,135.18,21.38,0,1
59.28,45.0,4.38,0.372,46.75,86.89,-13.09,2,0
43.0,65.95,1.99,0.567,54.73,46.26,15.96,0,0
93.88,62.1,2.1,0.706,102.98,91.3,10.84,0,0
68.5,55.76,1.78,0.351,62.02,63.73,-2.12,1,0
45.95,51.89,1.31,0.3,34.27,49.68,-23.09,6,0
126.95,59.72,1.61,0.497,134.35,133.8,13.13,5,1
53.39,53.09,1.99,0.355,30.0,31.83,-40.0,4,0
113.0,64.42,4.36,0.808,126.66,90.66,-11.54,0,0
73.73,48.74,5.36,0.525,73.31,63.75,-9.96,3,0
60.82,59.07,1.55,0.412,51.19,59.28,-8.86,2,0
85.57,60.53,4.03,0.692,93.44,86.33,5.45,1,0
136.17,72.3,4.75,0.67,132.94,119.14,23.42,0,1
87.05,59.12,2.09,0.467,84.74,85.0,10.19,2,0
130.09,76.65,2.57,0.847,134.47,129.37,5.23,0,0
55.06,45.0,7.41,0.585,63.69,46.56,-1.73,1,0
132.73,67.7,3.46,0.816,138.96,127.39,-2.75,2,0
68.43,51.75,6.95,0.49,43.33,61.17,-32.97,1,0
121.29,62.86,2.56,0.76,107.77,125.93,-40.0,3,1
107.89,62.57,2.31,0.475,92.39,107.96,-30.71,0,0
151.5,81.63,3.12,0.764,160.25,140.07,25.45,1,1
86.48,72.21,8.3,0.733,95.82,96.03,-8.14,2,1
47.94,45.0,0.94,0.34,62.79,34.27,-2.02,2,0
42.3,53.0,1.02,0.525,30.0,30.0,12.23,1,0
139.22,72.85,3.25,0.694,156.81,136.77,-38.76,0,1
102.97,61.41,2.19,0.405,75.81,100.47,-24.13,0,0
133.03,64.91,2.15,0.784,136.93,133.76,-17.81,2,0
68.13,63.26,3.11,0.352,66.11,56.32,4.27,0,0
81.41,64.62,2.36,0.577,83.85,90.34,11.24,1,0
43.61,52.21,1.7,0.3,33.9,60.76,5.46,0,0
155.38,86.35,3.02,0.925,163.29,155.16,31.1,2,1
120.14,67.19,3.17,0.557,104.46,123.3,2.13,0,0
151.98,62.77,1.76,0.627,162.9,130.83,9.94,0,0
71.86,49.99,1.16,0.347,69.8,67.51,42.77,2,1
113.38,56.91,3.11,0.799,121.69,106.42,-34.14,2,1
121.42,70.84,2.61,0.729,120.65,112.84,39.23,0,1
78.11,57.31,1.51,0.611,74.39,71.53,29.5,0,0
141.77,70.11,3.3,0.705,150.17,136.2,1.53,1,0
153.66,81.25,3.04,0.731,175.36,139.11,-1.88,1,1
146.18,64.29,2.13,0.563,128.71,141.31,-20.59,2,1
128.69,66.29,3.23,0.69,113.16,118.27,-12.96,0,0
73.3,52.61,2.98,0.399,72.46,81.18,21.12,0,0
73.79,47.0,2.64,0.692,71.65,77.1,-40.0,0,0
155.6,74.61,3.26,0.865,162.4,158.92,39.57,0,1
41.23,45.0,1.41,0.369,36.33,51.0,-2.47,0,0
125.93,59.25,3.68,0.518,131.76,117.66,24.1,4,0
124.75,75.41,2.65,0.768,124.68,127.45,-22.17,0,1
114.72,63.66,1.87,0.473,97.68,125.42,4.51,0,0
158.81,66.96,3.46,0.632,149.98,149.85,2.54,1,1
77.43,53.32,1.79,0.397,71.44,57.13,7.16,5,0
80.8,49.72,2.64,0.545,64.64,73.89,-20.53,6,1
49.47,52.49,1.39,0.543,47.9,59.04,-7.68,2,0
93.14,78.11,3.08,0.485,91.57,83.61,-23.02,0,0
71.33,63.32,5.0,0.328,61.59,66.67,8.89,0,0
81.21,56.79,2.03,0.509,81.91,73.41,24.52,0,0
140.15,73.64,3.56,0.8,124.77,138.25,-2.61,0,1
152.26,63.12,1.76,0.625,141.33,141.77,-40.0,2,1
62.29,45.0,0.8,0.355,43.67,47.46,15.11,6,0
84.7,64.57,1.73,0.713,97.52,80.29,8.55,0,0
151.44,73.44,3.03,0.916,185.43,148.73,-30.78,0,1
47.42,60.4,8.18,0.618,37.22,58.58,-35.76,4,1
51.08,64.06,4.75,0.556,47.39,51.75,-20.81,2,0
59.53,51.11,2.37,0.334,45.89,47.82,-6.83,3,0
111.43,61.4,4.45,0.499,112.06,104.11,-18.07,4,1
58.06,45.0,1.85,0.39,46.56,65.19,-21.77,0,0
156.17,77.05,3.11,0.676,161.08,151.93,18.9,2,1
93.61,56.12,1.45,0.743,104.45,82.67,26.8,2,1
100.18,61.01,3.05,0.696,87.42,101.01,10.71,1,0
69.6,63.12,1.91,0.578,72.43,61.7,-28.03,0,0
96.52,64.28,2.47,0.444,71.87,101.3,4.65,3,0
119.43,66.2,4.39,0.802,120.39,123.06,-8.14,2,1
130.14,68.2,2.1,0.802,130.29,118.67,35.4,1,1
130.46,59.6,1.58,0.537,126.45,148.31,2.68,1,0
109.35,58.43,1.69,0.757,108.73,108.12,21.59,0,0
148.52,65.2,2.92,0.634,143.27,121.89,7.39,3,1
138.09,54.09,1.48,0.527,133.43,141.89,5.46,0,0
130.85,74.29,3.31,0.735,136.41,104.86,-3.84,1,1
46.67,53.3,1.54,0.482,47.5,57.07,22.15,0,0
40.83,49.05,1.8,0.3,36.21,41.4,14.45,2,0
65.49,45.0,0.99,0.404,54.69,64.03,-11.36,0,0
119.62,61.98,7.39,0.836,137.31,118.78,0.92,0,0
89.34,60.76,2.46,0.619,108.04,94.36,-3.48,3,0
88.29,61.11,3.51,0.637,73.57,82.64,7.35,0,0
146.15,67.48,3.66,0.604,148.19,145.2,5.28,0,0
147.47,65.44,2.74,0.554,140.93,147.8,1.91,0,0
149.1,81.79,3.12,0.638,160.97,119.44,-0.55,1,1
77.67,56.45,2.26,0.413,73.77,82.76,24.29,1,0
122.93,77.3,4.15,0.543,122.42,129.71,-27.06,2,1
72.6,60.64,2.36,0.375,74.03,76.27,14.8,0,0
62.87,65.32,1.85,0.499,57.27,65.84,14.87,2,0
62.16,45.0,0.53,0.398,78.24,77.27,2.33,0,0
81.05,64.09,2.24,0.651,88.2,79.76,-22.53,1,0
91.59,52.93,1.22,0.428,99.34,90.65,10.76,3,0
139.71,57.94,4.83,0.685,138.77,132.34,21.06,0,1
54.39,57.63,1.55,0.3,46.91,34.4,28.16,6,0
128.19,65.1,2.46,0.657,139.08,131.92,17.27,1,0
103.77,50.02,2.67,0.414,108.58,97.48,-8.64,2,0
74.55,57.15,3.76,0.695,61.46,54.46,5.93,1,0
99.14,58.14,2.26,0.694,102.54,97.54,10.71,1,0
75.99,50.64,1.14,0.504,79.76,74.11,7.68,0,0
111.53,57.91,1.75,0.449,106.95,108.38,-18.21,0,0
92.06,72.25,2.95,0.593,96.47,92.57,12.98,1,0
59.73,49.86,1.47,0.563,57.93,43.27,7.56,1,0
53.99,59.17,1.99,0.318,30.0,63.06,31.7,7,1
105.6,68.88,2.15,0.624,90.35,109.09,-6.05,3,0
148.29,77.78,6.13,0.851,165.0,159.87,38.87,3,1
81.27,64.71,1.73,0.631,78.96,74.88,23.89,0,0
127.96,70.42,2.89,0.785,133.94,131.41,3.89,0,0
119.04,78.08,8.38,0.789,122.77,99.5,24.14,0,1
151.79,81.0,4.28,0.91,148.09,142.6,-15.95,1,1
138.52,57.07,1.88,0.658,134.07,123.95,-5.68,0,0
107.99,65.56,1.97,0.631,112.57,109.74,-7.36,1,0
118.84,73.63,7.2,0.753,127.07,106.95,1.28,1,0
147.81,71.7,2.12,0.802,178.11,142.58,-20.92,0,1
87.94,64.13,3.36,0.742,85.05,87.05,30.94,2,1
79.22,47.17,3.81,0.323,93.73,74.29,1.77,2,0
41.3,45.0,0.54,0.346,30.0,30.0,8.52,0,0
139.19,56.77,3.14,0.61,145.25,154.8,7.45,7,1
136.12,55.99,11.3,0.593,138.12,136.42,-3.89,1,0
52.53,52.23,2.46,0.327,45.56,68.24,-26.48,0,0
109.22,47.73,1.47,0.691,110.98,98.05,-15.57,0,0
95.68,51.21,3.98,0.401,84.23,91.07,-9.97,6,1
54.25,47.76,1.88,0.539,63.88,54.27,-3.73,4,0
157.67,73.93,4.31,0.83,152.16,172.14,-20.28,0,1
65.76,45.0,1.83,0.378,65.13,81.39,-12.69,3,0
48.07,49.67,0.84,0.325,51.65,42.88,10.09,1,0
111.38,55.94,1.52,0.666,129.31,103.24,24.75,0,0
128.66,78.0,2.6,0.771,143.74,127.76,-13.46,2,1
43.89,47.79,0.84,0.562,50.01,55.05,-12.78,0,0
119.05,68.14,1.91,0.778,114.95,119.55,1.82,0,0
103.88,66.55,2.61,0.778,98.0,106.21,-5.88,0,0
52.39,52.81,1.26,0.47,36.12,63.45,-14.73,1,0
60.7,56.5,4.09,0.626,46.4,70.15,9.45,2,0
108.16,62.93,3.66,0.728,110.7,117.99,4.6,1,0
75.56,61.85,2.79,0.665,68.13,81.78,-32.94,0,0
152.6,71.21,3.08,0.542,165.84,166.12,-7.77,2,1
138.25,68.91,2.38,0.881,136.92,126.1,-30.56,0,1
158.03,76.78,3.37,0.743,162.03,180.52,-1.22,6,1
71.16,65.83,3.29,0.613,68.24,81.76,-25.37,1,0
156.37,74.9,4.58,0.6,139.52,154.76,-40.0,0,1
91.75,64.63,1.81,0.514,103.09,102.85,-31.32,1,1
81.7,55.8,3.0,0.434,86.72,78.23,38.23,1,1
46.04,45.0,2.54,0.335,50.46,50.79,-22.37,0,0
46.33,45.0,1.73,0.3,47.47,52.25,-5.11,0,0
123.04,71.48,2.45,0.771,117.36,131.66,-1.77,8,1
94.95,61.56,2.66,0.369,81.44,90.35,-4.61,0,0
67.18,71.24,3.12,0.407,68.74,76.02,11.95,0,0
113.68,67.69,2.83,0.491,130.01,109.26,7.25,1,0
70.34,47.02,1.55,0.527,73.51,77.65,-6.58,0,0
109.32,55.27,1.29,0.51,119.25,109.14,8.92,0,0
83.11,70.74,2.35,0.433,73.45,64.87,-1.06,0,0
138.83,68.12,2.04,0.692,153.84,131.46,8.42,3,1
138.48,71.52,2.51,0.757,136.58,146.96,10.58,0,1
97.28,49.88,1.25,0.42,96.57,94.25,-11.62,1,0
82.1,64.68,2.1,0.396,73.63,94.23,-7.85,0,0
83.51,58.26,1.65,0.429,90.76,71.37,-20.24,1,0
136.69,68.57,3.91,0.88,153.11,143.65,3.8,1,1
79.38,48.38,3.26,0.477,59.2,78.91,-21.58,0,0
65.09,56.28,1.77,0.515,79.29,62.62,26.1,1,0
50.16,47.51,1.2,0.327,73.22,38.38,-14.79,1,0
96.0,65.83,4.54,0.564,91.02,98.1,-11.04,3,1
97.86,60.09,2.87,0.403,92.4,87.77,-12.16,0,0
140.91,63.7,2.14,0.517,154.11,134.55,18.68,1,0
66.55,49.35,2.64,0.467,64.69,65.14,-23.9,3,0
85.72,55.65,1.77,0.497,83.6,82.06,-0.99,0,0
137.01,61.84,2.84,0.546,158.69,147.29,12.26,6,1
138.83,70.7,9.41,0.772,126.01,112.93,10.22,2,1
86.15,62.93,2.11,0.736,79.4,84.37,-18.77,0,0
95.09,52.57,4.95,0.524,98.58,91.47,-21.79,0,0
76.39,61.35,2.06,0.559,56.14,76.31,-1.58,0,0
151.91,74.72,3.45,0.921,153.85,146.46,-24.14,0,1
54.24,48.13,1.61,0.575,49.16,64.48,-11.95,1,0
152.05,69.89,4.29,0.722,166.02,149.47,2.69,0,1
122.06,70.04,2.1,0.741,133.2,123.39,16.65,0,0
103.79,58.72,2.8,0.443,80.44,112.71,-39.42,7,1
43.92,51.46,3.03,0.417,31.93,44.44,-11.32,0,0
97.07,64.42,2.62,0.483,86.45,84.38,-4.84,3,1
88.93,64.26,1.82,0.411,82.56,84.66,-18.69,1,0
59.35,53.11,1.41,0.429,42.75,58.11,-14.74,1,0
118.77,54.05,2.75,0.489,121.96,102.3,17.6,2,0
156.54,73.83,5.62,0.829,152.79,149.42,-11.0,0,1
107.46,55.21,1.93,0.585,114.22,106.78,-3.17,2,0
125.77,78.99,3.77,0.67,127.13,145.89,16.62,3,1
48.21,60.14,1.8,0.3,30.54,51.93,-12.76,0,0
90.12,59.73,2.18,0.406,102.9,91.7,30.48,0,0
53.96,57.49,1.87,0.475,68.48,70.87,-22.23,0,0
113.54,70.65,3.64,0.815,121.31,119.41,-1.03,3,1
152.62,71.36,8.35,0.576,149.27,159.91,12.3,3,1
119.41,52.04,3.44,0.553,105.79,115.34,-19.76,1,0
49.22,52.75,1.29,0.575,61.58,36.56,1.96,0,0
82.56,46.63,1.89,0.357,87.56,85.18,25.24,1,0
106.08,68.1,1.99,0.749,99.28,124.3,-17.34,1,0
88.38,58.21,1.72,0.555,79.24,103.52,4.11,1,0
140.04,82.72,3.05,0.663,146.79,146.62,16.82,0,1
137.76,74.01,2.85,0.617,124.0,130.89,-5.5,0,0
113.42,63.98,3.34,0.539,104.69,97.91,-3.64,2,0
84.81,53.77,2.06,0.457,69.46,76.59,-26.12,0,0
70.64,69.97,6.05,0.646,59.46,72.82,7.57,1,0
52.7,52.39,1.3,0.528,42.62,47.99,-27.62,0,0
82.59,61.1,2.15,0.596,93.37,92.61,12.43,0,0
89.58,61.94,2.12,0.668,69.89,74.69,-19.18,0,0
121.1,60.49,1.83,0.546,125.22,119.81,-5.04,0,0
118.98,66.71,9.28,0.684,123.76,111.31,-1.23,1,1
48.41,45.0,1.23,0.409,56.22,58.33,12.89,3,0
87.43,50.16,5.04,0.655,91.62,92.86,30.21,0,1
61.81,52.95,1.72,0.389,53.05,53.5,-2.38,0,0
58.82,64.14,1.99,0.514,47.31,67.36,-18.72,2,0
139.28,76.1,2.56,0.851,156.18,123.05,-17.46,0,1
45.03,45.0,3.4,0.376,46.51,30.0,21.62,4,0
90.3,45.0,0.55,0.378,79.94,81.45,-2.03,5,0
60.18,57.69,6.26,0.467,68.43,40.36,-0.05,3,0
145.52,65.73,2.56,0.655,141.27,144.39,-1.07,0,0
106.84,68.76,2.35,0.669,108.22,106.04,14.49,0,0
67.77,60.99,2.9,0.664,61.79,63.71,-10.37,2,0
100.29,64.27,1.87,0.575,106.2,105.68,-9.03,1,0
127.78,67.15,1.94,0.65,116.84,120.54,-29.05,0,1
154.97,77.6,5.09,0.807,155.53,142.0,-19.15,0,1
66.45,48.65,1.55,0.321,53.01,58.48,-12.93,1,0
146.34,64.51,2.77,0.62,149.91,134.14,21.13,4,1
152.12,70.17,2.3,0.904,162.86,146.0,-3.78,1,1
149.97,57.25,1.33,0.798,140.68,155.93,0.04,1,0
116.25,58.52,2.0,0.434,117.81,98.69,21.02,2,1
115.58,72.19,3.19,0.509,96.03,112.18,-2.9,2,0
88.39,65.33,3.89,0.618,115.05,97.96,48.86,4,1
130.29,72.05,3.17,0.777,127.68,141.0,-0.08,0,0
103.76,60.11,3.69,0.727,118.89,96.94,4.74,7,0
121.29,70.69,2.23,0.561,122.92,143.42,-6.06,0,0
91.41,62.54,1.65,0.727,96.85,80.9,38.58,0,1
127.78,78.8,2.79,0.685,115.48,125.49,15.8,1,1
138.94,64.86,3.91,0.775,152.57,127.23,-19.45,0,1
57.57,47.17,2.77,0.491,55.98,61.9,37.19,0,0
139.95,60.29,1.65,0.549,144.57,167.96,11.27,6,0
104.84,56.34,1.23,0.78,107.34,123.27,3.58,0,0
141.36,59.98,3.13,0.553,141.99,149.82,9.64,7,1
91.76,57.42,4.14,0.457,78.25,85.68,-24.01,1,0
85.48,55.88,3.26,0.662,84.89,83.81,3.25,5,1
149.81,46.4,0.92,0.777,148.31,160.97,-6.31,4,0
70.14,65.18,3.03,0.626,62.19,77.64,-10.46,1,0
141.31,58.66,3.44,0.71,145.12,142.13,19.17,1,0
98.08,63.46,2.05,0.525,100.94,99.5,-3.33,8,1
101.69,65.82,2.87,0.754,107.78,112.25,4.84,1,0
77.02,66.01,2.33,0.326,70.3,90.05,2.54,0,0
108.77,73.51,2.59,0.749,116.67,93.76,20.94,8,1
79.03,50.06,6.04,0.409,78.12,81.3,22.37,0,0
44.71,47.13,4.28,0.554,44.96,50.49,0.39,0,0
72.64,61.76,2.39,0.354,69.71,67.32,-8.28,2,0
40.77,45.0,0.72,0.434,51.65,53.56,39.71,1,0
157.4,79.13,4.5,0.907,149.09,154.52,-40.0,0,1
155.89,72.39,2.59,0.737,154.81,168.96,15.07,1,1
87.42,58.23,1.57,0.641,92.29,83.74,-0.16,0,0
127.4,72.69,2.88,0.784,112.09,130.0,2.61,2,1
81.5,60.53,2.56,0.619,98.47,83.87,9.22,1,0
120.53,73.07,2.34,0.812,127.82,137.16,26.71,1,0
136.65,69.69,3.25,0.669,149.51,144.06,13.97,4,1
153.61,72.72,2.19,0.61,167.25,149.03,-18.76,3,1
88.03,54.44,4.4,0.363,88.24,85.3,-26.28,1,0
134.0,61.5,5.29,0.581,106.82,131.23,-17.46,1,1
71.91,51.14,2.85,0.353,68.74,72.1,9.35,3,0
158.84,69.82,2.93,0.78,164.98,149.39,26.6,0,1
43.09,45.0,0.94,0.3,30.0,42.28,-18.6,2,1
112.42,56.83,3.25,0.433,87.6,126.1,-40.0,1,1
119.14,59.83,5.42,0.452,121.72,132.38,9.05,1,0
122.57,69.64,2.24,0.78,111.18,106.92,-4.93,7,0
54.45,58.08,2.23,0.48,76.78,37.21,13.75,0,0
152.62,67.93,2.44,0.681,157.4,146.69,-17.43,0,0
61.74,57.71,1.92,0.623,78.42,43.95,29.81,5,1
114.73,60.84,2.23,0.452,112.15,102.1,-15.98,4,1
66.72,54.06,5.59,0.672,77.19,70.23,10.78,2,0
76.87,57.47,1.7,0.557,76.65,76.49,4.85,1,0
105.58,66.11,2.78,0.47,115.04,88.37,14.63,2,0
90.06,61.86,6.05,0.622,66.04,101.76,-25.41,0,0
59.23,56.05,2.13,0.563,69.15,55.01,-11.66,1,0
60.51,46.47,3.58,0.433,65.2,55.33,17.7,1,0
90.18,76.19,2.46,0.695,90.23,100.34,9.97,0,0
130.87,59.92,5.98,0.533,124.62,134.98,2.91,3,1
147.76,57.86,1.58,0.635,144.86,147.33,18.82,1,0
50.1,52.54,6.82,0.3,47.49,45.15,4.85,4,0
87.17,54.42,1.35,0.426,98.26,92.87,-1.12,0,0
52.03,45.47,1.41,0.332,40.25,47.7,3.43,0,0
41.99,48.31,1.25,0.573,30.0,39.71,2.11,0,0
119.41,74.25,3.11,0.469,146.61,107.64,22.16,1,1
112.29,65.52,2.16,0.588,120.11,123.72,-11.99,1,0
59.56,56.07,6.21,0.472,52.3,75.09,-21.25,4,1
68.06,58.94,1.88,0.644,83.2,70.18,23.41,1,1
42.84,55.01,2.69,0.608,54.2,37.98,3.01,1,0
140.19,82.37,2.96,0.802,150.14,149.55,-30.0,2,1
156.96,76.77,5.02,0.939,158.02,162.85,-24.15,0,1
56.26,45.0,1.67,0.564,63.54,51.82,-20.09,4,0
67.78,64.46,7.49,0.669,82.22,79.29,26.44,0,0
144.21,76.5,3.22,0.796,127.48,139.96,-9.24,1,0
151.18,69.07,2.27,0.565,153.18,138.31,1.64,1,0
90.36,61.14,2.11,0.512,92.17,89.7,-5.45,1,0
46.07,47.74,2.67,0.477,46.8,56.92,-18.69,0,0
44.73,47.22,2.25,0.354,40.37,45.75,11.5,1,0
108.87,59.81,3.65,0.516,121.43,97.15,18.02,0,1
87.15,54.74,1.2,0.572,84.06,83.12,-14.23,0,0
43.44,60.93,2.76,0.584,43.08,55.4,25.06,1,1
109.99,48.71,4.76,0.424,110.26,112.73,13.54,2,0
41.36,67.02,1.99,0.512,37.45,41.17,-17.32,2,0
134.48,77.13,2.58,0.773,121.3,133.18,-11.76,1,0
76.77,47.97,2.57,0.696,81.26,87.57,-4.38,0,0
44.83,51.32,1.45,0.587,47.27,54.98,6.84,2,0
110.6,64.83,3.3,0.717,108.55,96.59,-26.74,2,1
87.72,61.18,2.65,0.551,85.16,97.12,-13.97,3,0
156.86,63.91,8.04,0.632,119.34,162.02,-4.46,0,0
105.3,62.87,4.87,0.614,120.08,121.23,-21.17,4,1
73.03,56.74,2.9,0.605,83.95,72.34,1.9,0,0
125.13,65.45,2.18,0.814,113.35,136.48,-27.96,0,1
72.58,51.59,1.35,0.614,64.75,77.27,12.52,1,0
148.51,75.3,5.53,0.604,165.96,137.37,14.91,8,1
84.97,46.74,1.92,0.575,70.6,95.17,-33.6,0,0
105.98,64.01,3.98,0.531,110.34,114.08,-16.58,3,0
46.07,51.49,1.79,0.3,34.16,39.57,-5.7,0,0
91.13,54.48,1.23,0.433,92.73,94.03,-40.0,0,0
139.88,66.47,2.4,0.545,139.38,160.96,-20.05,0,0
136.68,80.82,2.91,0.827,137.82,131.85,-14.26,1,1
66.92,46.21,2.86,0.384,67.26,74.18,23.3,0,0
67.13,47.24,2.44,0.395,57.12,56.18,-15.39,0,0
138.08,70.7,2.18,0.878,122.23,132.37,3.95,0,0
151.65,79.57,4.03,0.687,142.25,159.75,-13.21,2,1
51.44,55.76,4.25,0.3,32.87,54.01,4.11,0,0
94.01,47.72,2.46,0.476,72.27,91.99,-38.81,0,0
80.49,59.85,2.46,0.369,80.31,97.52,-13.11,0,0
144.48,72.77,2.73,0.555,141.5,135.26,-3.46,0,0
50.02,57.38,4.51,0.3,48.27,48.56,2.32,2,0
65.34,56.83,2.03,0.513,69.85,70.25,8.09,0,0
130.3,64.4,4.56,0.547,138.31,121.58,7.47,1,1
46.16,55.51,3.42,0.363,46.3,51.25,9.18,0,0
99.1,69.31,4.5,0.722,89.79,109.85,-4.87,2,0
93.05,74.39,9.14,0.529,98.59,91.91,5.9,2,1
80.13,67.4,3.92,0.687,84.52,73.28,-16.04,0,0
87.35,59.21,1.4,0.541,112.45,84.22,-16.57,0,0
103.59,52.58,1.3,0.55,102.69,76.81,-20.57,0,0
59.36,50.29,0.87,0.558,63.12,69.43,-28.49,1,0
108.64,48.62,1.03,0.435,104.21,111.29,1.82,0,0
136.65,63.64,1.71,0.526,135.75,134.89,16.45,0,0
131.22,76.03,3.41,0.734,133.68,114.55,-15.83,1,0
58.47,51.5,0.93,0.45,50.26,69.56,14.05,0,0
57.91,61.59,2.45,0.57,59.44,53.53,8.9,1,0
72.18,61.27,4.91,0.663,80.9,77.83,-5.61,0,0
83.33,53.31,3.07,0.485,76.0,83.22,-9.95,7,0
89.01,60.11,5.73,0.586,98.75,72.87,24.95,0,0
121.56,69.16,2.34,0.645,131.03,134.25,-37.09,0,0
46.8,54.82,2.23,0.613,36.5,57.59,14.85,1,0
44.16,52.8,1.54,0.545,31.49,51.8,9.8,0,0
87.03,56.82,2.23,0.706,94.52,90.18,-6.86,3,0
123.66,60.84,2.67,0.553,115.66,111.68,-5.67,3,0
63.21,71.26,2.13,0.579,50.24,71.9,22.79,1,0
116.98,71.07,2.46,0.537,136.33,139.03,-13.91,3,0
71.18,45.0,2.33,0.377,55.12,72.34,-11.3,2,0
146.33,59.3,3.58,0.897,133.98,147.69,5.48,0,0
147.48,67.41,3.11,0.53,136.68,136.46,-1.63,3,1
75.67,66.43,2.26,0.693,80.32,54.97,3.26,3,0
67.6,46.56,1.37,0.343,63.33,64.01,30.57,0,0
89.36,68.95,2.09,0.676,113.52,104.17,-7.87,2,0
68.86,52.17,5.52,0.397,55.58,82.3,-25.78,4,0
120.69,63.02,4.63,0.582,123.17,120.03,-40.0,2,1
139.13,72.26,2.24,0.584,152.35,143.43,-12.8,0,0
120.77,62.81,1.84,0.677,114.39,108.59,-15.16,0,0
138.92,66.23,3.08,0.636,148.09,140.03,10.34,7,1
87.64,64.48,2.07,0.606,65.77,82.39,6.34,1,0
58.76,47.59,4.74,0.3,73.86,59.3,-9.8,1,0
128.55,76.43,4.5,0.491,138.32,125.81,2.31,4,1
83.26,58.09,1.76,0.37,70.48,80.33,18.74,0,0
120.55,69.22,1.96,0.609,130.7,130.52,1.7,1,0
72.48,57.61,3.67,0.623,88.7,92.12,17.45,1,0
49.75,59.7,2.21,0.585,33.97,48.05,12.29,0,0
159.11,69.49,3.51,0.655,153.02,173.3,-19.78,1,1
58.74,54.44,1.57,0.486,72.62,46.33,-13.46,3,0
158.61,70.46,2.26,0.863,164.68,157.69,32.22,0,1
157.27,79.05,4.23,0.667,163.85,144.31,13.72,3,1
135.26,70.06,2.9,0.649,137.09,132.13,-22.97,6,1
119.13,79.42,2.97,0.647,130.77,126.29,-13.2,4,1
109.34,76.2,2.59,0.462,112.73,120.52,-1.91,1,0
143.93,71.49,3.39,0.522,143.65,136.15,24.94,3,1
74.73,52.32,2.88,0.365,44.82,79.31,2.71,2,0
96.12,54.77,1.59,0.619,104.18,108.42,23.24,3,0
114.33,66.29,3.77,0.452,120.13,125.2,-4.96,0,0
89.34,56.97,1.52,0.424,70.95,91.93,-9.34,1,0
91.3,61.19,2.09,0.489,75.02,85.41,-22.51,0,0
79.63,64.3,3.71,0.35,80.85,72.75,-6.88,0,0
107.71,53.88,2.65,0.48,107.64,99.28,-20.25,1,0
142.07,68.11,2.36,0.871,123.79,141.75,-24.84,0,1
64.18,46.97,0.81,0.3,48.32,55.95,-21.0,1,0
152.13,80.01,2.67,0.798,159.85,158.91,1.25,6,1
122.69,68.83,4.66,0.602,130.85,124.97,11.65,0,0
138.79,65.19,1.83,0.765,135.09,140.62,28.14,3,1
106.74,68.7,2.1,0.636,105.69,88.34,-7.11,0,0
133.54,57.37,1.65,0.57,122.39,133.82,5.01,1,0
41.94,45.55,1.42,0.545,56.73,37.35,4.16,0,0
138.21,68.71,4.26,0.691,142.13,159.87,19.29,0,1
44.82,47.94,1.1,0.543,35.67,32.02,-27.17,2,0
146.79,76.82,3.59,0.683,134.57,144.74,-15.75,2,1
159.04,81.13,2.81,0.951,150.85,162.87,7.84,1,1
75.29,70.5,2.97,0.614,97.31,65.56,21.48,6,1
65.24,56.11,1.46,0.662,64.4,84.52,10.38,0,0
131.84,67.45,2.2,0.681,128.67,151.33,23.78,1,1
70.36,62.54,2.24,0.481,65.42,61.78,-33.68,1,0
143.87,72.79,4.32,0.814,140.58,137.95,-24.22,0,1
52.34,64.54,3.72,0.589,50.84,73.81,9.35,2,0
55.11,59.33,2.16,0.631,56.15,69.07,15.16,4,0
157.5,55.71,1.33,0.682,159.32,153.8,12.7,2,0
120.86,76.92,2.91,0.762,108.95,125.18,42.8,1,1
141.63,73.86,3.29,0.589,152.12,127.76,-11.24,2,1
78.92,63.37,4.66,0.535,70.98,100.89,2.68,0,0
121.18,49.19,5.93,0.515,111.58,121.91,-6.07,1,1
111.31,57.38,2.76,0.553,101.92,117.16,6.49,0,0
112.38,63.98,2.29,0.79,103.54,103.03,2.35,0,0
121.9,56.5,2.96,0.504,123.2,110.54,-8.67,1,0
109.04,76.55,3.01,0.66,120.98,113.55,12.95,3,1
91.49,59.93,2.87,0.592,82.64,110.65,-2.92,0,0
73.11,50.9,1.27,0.348,45.95,67.71,-11.27,2,0
132.23,70.38,2.49,0.607,120.05,122.44,14.32,1,0
67.15,58.22,1.41,0.507,59.91,70.2,41.03,4,1
123.08,45.0,1.32,0.524,106.79,139.45,-40.0,1,0
68.0,52.28,2.38,0.604,60.9,61.61,19.65,3,0
115.04,59.22,3.69,0.814,112.7,112.54,10.4,3,0
129.65,67.62,4.35,0.555,128.56,138.02,-13.89,1,0
66.25,48.25,8.02,0.354,43.86,75.69,-17.72,1,1
47.19,48.78,0.86,0.404,50.23,44.35,17.39,0,0
55.72,45.0,1.52,0.546,74.57,66.68,10.34,1,0
112.72,59.51,2.48,0.531,128.49,118.01,7.0,0,0
141.93,73.44,4.65,0.514,133.2,142.1,-16.73,3,1
45.4,58.99,1.8,0.433,50.08,54.42,-11.32,0,0
128.1,76.92,2.52,0.847,139.64,135.74,-11.61,0,0
80.96,46.28,1.14,0.479,78.02,70.49,-10.65,4,0
97.42,68.44,8.1,0.54,98.35,112.26,-1.85,1,0
151.46,82.34,6.19,0.922,166.1,154.92,13.7,0,1
79.84,57.59,2.01,0.597,90.38,93.59,-9.54,0,0
95.84,48.08,3.82,0.655,87.2,96.36,9.28,2,1
41.64,55.17,1.16,0.43,47.21,44.12,-13.56,0,0
49.79,50.3,1.38,0.619,70.17,53.78,24.03,1,0
71.03,58.79,3.27,0.569,80.99,76.5,-10.61,1,0
43.34,52.68,1.34,0.568,61.14,58.62,45.21,0,0
115.77,77.31,2.77,0.707,86.9,120.43,-2.76,1,0
91.17,60.49,4.4,0.648,99.27,90.89,19.19,0,0
105.78,60.1,2.84,0.513,107.22,115.87,-2.38,0,0
60.96,61.3,8.25,0.384,68.97,65.26,14.93,1,0
75.51,53.71,1.24,0.62,62.4,105.07,-29.1,2,0
119.66,69.09,2.61,0.558,112.74,122.57,-21.03,1,0
155.84,72.8,2.73,0.773,170.1,168.21,1.6,1,1
46.05,45.0,3.68,0.318,30.0,54.87,19.3,1,0
146.85,74.72,2.73,0.847,154.7,126.35,22.05,1,1
109.23,64.02,2.3,0.452,106.06,101.86,-40.0,1,1
107.67,75.5,2.56,0.735,108.01,103.28,-17.58,0,0
100.03,72.36,4.38,0.621,107.33,85.04,2.09,4,0
48.33,45.0,0.91,0.3,30.0,44.37,13.45,1,0
50.79,45.0,0.61,0.449,38.41,37.07,-1.79,5,0
112.11,59.32,2.22,0.529,109.03,101.02,-40.0,0,1
80.92,46.67,1.35,0.452,63.54,83.33,-29.79,0,0
150.07,69.26,2.25,0.671,166.26,169.27,21.06,6,1
88.79,51.72,1.12,0.372,74.64,75.17,-3.4,2,0
57.19,61.32,4.88,0.646,67.55,45.04,7.61,1,0
125.77,46.67,0.71,0.47,112.66,120.44,13.46,2,0
75.2,51.91,1.07,0.571,83.06,73.73,-2.3,0,0
103.06,55.32,1.54,0.538,82.5,87.64,2.3,2,0
123.74,76.11,6.95,0.71,142.84,116.75,39.1,0,1
148.03,62.57,1.69,0.667,162.99,140.12,11.52,5,1
135.06,72.21,4.67,0.755,131.53,138.25,-17.87,1,1
121.16,67.16,5.17,0.735,113.96,125.42,-11.28,0,0
121.56,75.06,3.02,0.721,129.47,120.03,-12.3,3,1
153.51,73.35,2.72,0.586,134.92,149.73,-40.0,4,1
75.5,57.9,2.97,0.569,75.3,68.4,-14.33,2,0
40.13,45.0,2.32,0.312,30.0,40.65,6.37,1,0
72.63,45.0,2.77,0.309,63.77,62.87,-4.26,4,0
66.15,54.26,3.72,0.444,55.31,81.62,19.04,1,0
119.42,68.42,2.37,0.612,110.07,104.44,-2.08,2,0
116.05,53.26,2.74,0.615,136.8,109.48,26.28,1,1
111.22,56.94,1.43,0.696,122.49,119.9,-26.04,2,0
41.95,47.79,1.74,0.329,30.0,37.96,-13.87,8,1
127.45,67.7,3.29,0.588,116.71,134.17,-10.21,0,0
78.82,45.0,0.76,0.341,83.93,96.0,-12.31,2,0
119.81,63.31,1.72,0.714,133.71,128.14,34.42,0,1
106.79,50.35,1.15,0.627,90.72,94.77,-40.0,1,1
81.13,64.89,2.51,0.463,86.77,69.59,0.77,0,0
56.15,45.0,3.78,0.531,57.94,54.28,21.28,3,0
51.33,54.22,2.19,0.449,30.0,55.76,3.08,0,0
139.78,69.4,4.03,0.687,136.68,151.84,-8.39,1,1
150.21,81.44,2.97,0.735,151.28,142.36,-15.67,7,1
117.97,60.86,1.62,0.688,120.33,113.13,20.81,0,0
52.41,52.32,1.35,0.501,34.59,49.91,-18.29,1,0
88.24,45.0,1.07,0.46,76.29,85.54,-20.92,3,0
127.47,50.02,1.99,0.519,118.37,142.43,13.45,0,0
133.58,69.3,5.15,0.543,126.02,132.54,1.75,0,0
54.19,45.0,1.33,0.498,45.92,55.72,-10.47,4,0
40.0,49.63,1.88,0.549,37.4,49.12,4.55,1,0
125.46,72.9,2.18,0.62,129.58,141.37,10.07,0,1
82.79,59.05,1.39,0.396,100.01,82.44,7.64,0,0
70.54,52.28,1.07,0.594,80.87,83.13,7.93,2,0
41.55,45.0,2.3,0.538,56.1,59.83,-31.65,1,0
104.84,69.46,2.97,0.747,102.0,103.73,-3.32,2,0
142.14,80.95,2.98,0.749,133.07,136.5,-16.04,1,0
154.92,72.33,3.49,0.889,170.31,176.79,-6.69,2,1
107.89,52.31,2.12,0.41,103.89,119.1,-14.32,3,0
101.74,53.79,1.17,0.428,107.06,101.86,-6.28,0,0
50.21,50.53,2.37,0.3,33.62,56.71,-13.64,4,0
105.86,73.05,4.37,0.683,115.3,95.41,7.71,1,0
85.6,45.0,1.01,0.365,78.79,96.69,-16.61,0,0
112.86,53.37,2.75,0.617,107.67,94.86,6.73,0,0
86.65,74.1,2.58,0.529,80.83,97.35,10.34,2,0
68.84,50.85,2.97,0.411,70.94,61.62,14.11,0,0
51.4,55.54,4.77,0.582,60.33,34.86,21.3,0,0
77.79,47.86,1.55,0.382,69.02,57.78,-14.61,1,0
51.6,52.06,1.34,0.376,51.24,46.84,-5.05,2,0
61.23,61.74,2.27,0.573,64.78,68.34,6.22,0,0
158.48,71.56,2.53,0.568,166.69,144.58,-3.54,1,1
93.29,73.41,2.21,0.629,105.72,80.94,-14.64,2,0
103.82,62.74,3.14,0.718,127.92,98.88,3.01,4,1
144.83,73.57,2.28,0.887,145.0,152.91,29.51,0,1
159.47,79.76,2.94,0.909,183.17,168.79,-1.53,1,1
109.93,64.68,3.6,0.538,110.08,111.32,-14.21,1,1
137.5,71.9,3.76,0.727,126.9,147.33,-15.14,1,0
79.23,45.0,0.61,0.349,66.4,86.11,3.61,0,0
76.69,55.52,2.75,0.413,78.55,72.52,7.19,2,0
88.32,51.7,4.9,0.383,92.66,97.42,14.88,0,0
120.7,59.74,1.5,0.568,107.87,107.86,39.17,0,0
121.86,69.9,2.8,0.796,116.61,126.73,12.15,3,1
77.83,47.75,2.63,0.452,68.48,66.17,11.52,0,0
55.99,45.0,2.15,0.473,43.08,57.41,45.02,0,0
115.89,45.6,0.92,0.601,93.35,128.07,-2.46,0,0
55.4,62.78,1.83,0.43,30.0,57.53,-19.75,0,0
109.42,71.71,4.4,0.796,108.76,109.29,-5.78,2,0
123.21,63.37,6.3,0.568,125.6,125.47,20.22,0,1
124.07,63.02,3.77,0.703,134.0,130.71,-17.57,2,1
130.42,46.91,5.57,0.639,114.85,151.76,-40.0,0,0
144.74,61.58,2.89,0.539,127.37,151.27,-23.46,0,0
100.0,65.9,5.72,0.576,93.17,94.97,11.35,0,0
127.63,76.95,4.18,0.788,131.43,125.54,12.57,5,1
114.3,64.7,5.28,0.462,123.65,105.29,1.8,4,1
62.4,49.47,1.03,0.3,65.01,50.0,20.55,0,0
43.08,54.59,3.61,0.3,32.67,30.0,5.74,0,0
74.14,55.53,1.46,0.608,78.63,69.53,8.43,0,0
93.16,69.3,2.0,0.649,84.02,79.12,-4.88,0,0
114.05,62.12,2.62,0.648,115.91,115.02,17.06,1,0
142.0,63.96,2.21,0.693,143.11,136.9,14.15,2,1
63.55,49.64,0.85,0.626,80.92,52.69,3.77,0,0
55.07,46.11,6.46,0.552,60.03,34.03,17.12,2,1
155.62,81.25,4.32,0.872,151.8,152.12,-13.68,0,1
52.97,48.35,4.18,0.564,43.12,35.44,-0.69,1,0
97.42,54.62,11.57,0.629,94.01,104.48,5.5,2,0
110.27,67.89,2.62,0.594,91.37,112.82,-15.48,2,1
104.96,68.06,2.32,0.741,105.02,102.7,2.44,3,0
50.32,60.82,1.75,0.601,48.63,64.83,10.1,4,0
46.84,49.61,1.86,0.3,46.44,46.94,-19.68,2,0
52.66,45.0,1.9,0.3,54.0,56.52,3.98,1,0
110.27,68.43,2.87,0.794,115.34,117.15,42.4,0,1
105.32,60.84,2.19,0.507,83.9,100.15,-25.59,5,0
68.05,51.11,1.14,0.633,54.07,62.94,11.55,1,0
116.53,55.88,2.03,0.585,108.97,116.95,-5.5,1,0
138.41,61.07,1.6,0.543,145.09,124.94,24.64,0,1
44.99,60.0,4.4,0.3,46.41,62.84,-12.31,2,0
99.78,54.63,1.15,0.442,93.62,101.38,-2.97,8,0
122.72,72.24,2.85,0.548,150.0,120.71,53.44,0,1
70.28,50.92,1.01,0.486,86.74,91.13,5.11,2,0
76.93,64.05,3.88,0.591,91.64,65.92,18.76,0,0
113.64,75.25,2.88,0.815,126.35,129.0,17.06,1,1
147.75,77.83,2.65,0.7,155.25,155.89,-32.76,0,1
137.19,72.26,3.27,0.699,143.79,148.36,11.33,1,0
109.98,73.1,5.91,0.619,88.69,108.22,-32.92,1,1
127.63,70.26,5.61,0.679,116.58,128.19,5.87,0,1
83.78,69.52,2.4,0.538,79.88,80.35,0.17,0,0
116.92,48.55,2.62,0.434,115.14,126.88,-20.96,0,0
95.94,57.54,1.3,0.369,89.82,99.86,-24.49,1,0
62.79,50.59,1.05,0.307,60.21,57.21,-2.6,7,0
124.21,55.91,2.19,0.493,96.83,119.08,30.97,0,0
106.78,68.63,2.31,0.682,114.49,106.63,33.08,1,1
83.03,45.0,2.9,0.411,80.0,79.71,4.96,0,0
149.36,71.47,6.1,0.886,152.83,163.78,11.01,0,1
42.51,45.0,0.51,0.579,53.22,50.59,16.18,0,0
77.89,71.7,2.5,0.704,67.43,85.95,-14.85,1,0
46.83,51.81,1.78,0.596,43.91,49.16,-13.93,2,0
131.98,81.08,3.91,0.585,135.09,123.72,16.87,1,1
124.25,72.18,5.84,0.657,115.15,131.21,-15.38,0,1
79.76,56.34,4.52,0.389,51.51,58.78,11.8,0,0
121.08,64.7,3.2,0.766,110.56,122.82,-29.62,0,0
87.51,54.75,1.53,0.698,88.69,79.39,-15.64,4,0
130.75,75.09,4.6,0.813,132.02,121.86,26.12,0,1
94.5,58.6,1.66,0.537,93.02,89.87,-5.9,0,0
89.47,51.84,5.95,0.652,82.6,88.63,-5.64,0,0
152.17,58.1,1.29,0.576,135.93,151.93,3.5,1,0
70.11,45.0,1.77,0.306,65.88,78.01,18.74,0,0
54.45,66.03,1.9,0.545,51.35,52.71,9.42,0,0
110.15,78.03,3.27,0.581,117.41,109.13,8.8,3,0
156.32,80.06,4.12,0.947,154.29,142.36,13.4,2,1
85.34,54.72,2.84,0.375,56.59,72.69,-7.01,0,0
47.44,50.38,3.13,0.565,30.0,50.32,10.81,2,0
80.72,49.92,2.14,0.514,74.18,87.02,48.16,0,0
100.71,74.06,2.68,0.713,104.51,98.11,10.99,1,0
59.43,68.16,5.19,0.585,56.35,68.76,-17.02,4,0
118.97,63.17,4.09,0.803,116.26,104.89,17.34,0,1
159.73,71.84,2.37,0.678,142.2,163.72,-11.4,3,1
94.21,61.05,4.09,0.743,74.39,85.69,-3.84,2,0
82.57,50.65,6.24,0.388,82.74,73.26,6.69,5,1
88.08,62.44,3.07,0.377,80.89,80.44,-14.06,1,0
53.82,45.0,1.0,0.414,45.74,53.01,-10.71,0,0
145.99,77.9,3.87,0.849,132.48,150.38,-40.0,0,1
89.78,63.53,2.24,0.539,76.96,93.41,-8.24,1,0
86.47,60.25,3.11,0.671,88.44,83.57,11.08,0,0
119.16,73.86,3.41,0.729,125.17,125.49,3.26,0,0
93.04,57.56,5.23,0.443,87.93,109.91,-10.84,2,0
117.79,78.01,3.92,0.813,138.6,116.59,17.19,1,1
47.37,45.0,0.86,0.3,34.47,48.32,-23.42,0,0
137.65,71.01,4.0,0.852,158.13,131.53,-8.8,1,1
152.86,70.44,2.56,0.66,156.67,148.94,11.37,1,0
117.85,46.31,1.06,0.634,119.82,130.34,11.44,2,0
154.55,64.9,2.44,0.713,167.99,167.13,15.92,0,1
58.17,45.0,0.52,0.323,45.15,56.16,-11.92,1,0
97.29,65.61,6.95,0.515,91.64,102.19,16.86,4,1
112.22,55.73,2.28,0.494,95.41,121.42,-28.63,0,0
109.81,54.52,3.3,0.491,118.85,105.34,-0.83,2,0
88.18,60.93,1.9,0.419,88.59,75.12,13.67,0,0
80.57,45.19,2.57,0.517,92.09,87.46,21.23,0,0
55.22,45.0,1.76,0.565,56.97,64.18,-13.03,4,0
87.01,56.24,2.0,0.569,99.62,94.5,44.87,0,1
59.52,45.69,5.84,0.616,50.87,55.78,-6.67,1,0
128.12,58.83,2.35,0.719,142.35,143.35,8.69,0,0
65.06,59.05,2.95,0.551,59.3,67.9,14.73,0,0
47.03,56.89,1.24,0.488,44.82,35.55,26.83,0,0
106.28,67.43,2.38,0.579,114.6,90.32,5.26,1,1
111.43,73.23,5.49,0.69,141.16,108.46,35.99,1,1
144.63,75.43,4.46,0.542,153.31,146.88,-3.87,0,1
109.24,51.78,2.06,0.752,123.24,106.36,37.03,8,1
81.46,62.76,5.02,0.635,75.62,101.39,-2.22,0,0
136.36,62.93,2.57,0.587,137.99,140.4,6.47,3,0
104.83,59.54,2.63,0.702,105.72,95.1,-5.8,0,0
49.51,50.35,1.54,0.3,60.41,30.0,9.33,3,0
107.9,47.84,2.12,0.491,103.96,110.25,-15.12,1,0
148.96,55.41,1.7,0.553,163.96,158.85,6.38,3,0
87.56,65.44,2.46,0.655,73.03,106.2,-6.95,2,0
75.56,61.47,6.57,0.609,92.52,73.53,-10.52,1,0
57.22,55.47,1.31,0.577,46.42,74.44,-15.68,0,0
58.17,45.0,0.67,0.3,62.42,44.58,-35.67,2,0
91.93,64.4,1.73,0.556,80.69,88.49,-27.96,3,1
111.48,70.39,2.6,0.696,120.83,101.34,4.42,1,0
49.67,47.05,1.38,0.3,32.12,57.59,8.5,0,0
152.75,66.13,1.92,0.798,169.15,139.74,1.77,0,0
130.62,60.75,2.64,0.505,138.87,134.63,3.58,4,1
110.39,66.02,3.07,0.484,100.86,97.98,16.14,0,0
139.41,78.92,4.62,0.689,148.12,156.99,19.35,0,1
49.62,48.91,6.33,0.49,58.8,45.88,19.32,0,0
97.22,55.09,2.55,0.43,82.74,101.0,-5.09,2,0
115.61,60.23,1.59,0.501,101.22,97.72,-16.02,2,0
139.44,68.84,2.07,0.58,126.18,124.49,0.5,0,0
134.02,61.97,3.77,0.578,119.01,126.28,15.58,1,1
73.25,45.0,2.08,0.39,56.14,81.75,23.98,0,0
152.91,80.2,2.88,0.697,165.94,159.5,49.82,0,1
54.92,64.96,2.14,0.506,59.74,65.78,29.94,2,0
145.02,66.22,3.85,0.69,126.47,129.92,-8.49,0,1
156.51,69.01,3.19,0.86,155.59,161.58,-22.11,0,1
61.26,53.52,2.33,0.551,46.39,55.66,3.4,0,0
126.65,61.95,1.87,0.511,135.2,118.57,24.01,0,1
44.83,52.69,2.45,0.3,33.44,39.46,-40.0,0,0
88.65,62.61,3.77,0.697,72.06,87.49,-34.92,2,1
101.95,51.69,4.15,0.418,100.35,108.56,-9.02,2,0
109.68,50.43,2.83,0.468,114.32,120.91,-11.52,0,0
152.31,74.05,3.53,0.546,139.78,157.52,-35.23,0,1
120.67,71.13,3.75,0.693,119.36,127.0,6.18,1,0
97.75,68.74,2.92,0.606,87.05,115.98,16.99,2,0
137.16,67.45,2.23,0.886,157.81,144.13,6.94,5,1
154.06,89.9,6.4,0.897,154.83,151.93,-29.5,0,1
42.65,45.0,1.64,0.372,30.0,48.46,-2.61,4,0
157.9,77.71,3.82,0.702,159.33,174.98,-19.26,0,1
50.34,45.0,7.42,0.35,42.84,41.63,-21.9,0,0
137.73,60.48,7.73,0.554,145.07,133.42,20.95,2,1
73.64,62.38,2.87,0.356,83.36,88.14,26.46,1,0
55.86,53.21,1.04,0.3,64.56,52.96,-0.86,0,0
92.78,51.69,1.66,0.404,84.28,100.43,8.91,0,0
117.27,58.66,5.47,0.528,119.5,130.17,-18.23,0,1
85.71,56.56,1.7,0.46,100.77,73.16,17.05,0,0
46.55,57.19,12.0,0.604,64.96,42.46,2.3,2,0
111.94,73.23,2.33,0.647,102.37,123.98,-28.64,2,0
148.29,73.55,3.47,0.92,161.79,147.02,-9.58,8,1
85.99,45.29,1.6,0.487,88.8,65.8,8.79,1,0
65.96,54.02,1.48,0.461,74.3,60.86,-22.48,0,0
93.11,54.49,5.52,0.489,105.82,101.05,1.28,6,0
45.8,45.0,1.95,0.3,30.0,58.57,11.33,2,0
138.46,68.17,2.28,0.553,129.22,138.97,-13.49,0,0
139.16,72.77,2.89,0.876,155.56,144.0,-19.54,0,1
110.56,70.39,3.94,0.806,116.46,106.87,-2.03,0,1
82.37,46.22,1.1,0.345,50.55,91.4,-3.71,5,0
135.97,69.0,5.12,0.548,114.94,150.23,-33.88,0,1
106.56,52.49,1.22,0.569,113.9,114.24,25.03,1,0
139.11,60.87,1.91,0.572,148.62,137.93,18.49,3,1
115.78,61.49,1.72,0.573,99.04,120.12,-2.07,6,1
134.13,77.16,2.59,0.534,146.0,143.65,16.33,0,1
111.83,68.72,2.46,0.598,109.42,112.1,1.09,8,1
89.7,63.94,12.0,0.458,74.58,97.7,-1.54,0,1
154.95,81.8,2.86,0.686,149.94,158.66,-1.22,3,1
104.93,83.27,3.16,0.433,86.91,119.13,6.88,5,1
112.61,63.41,2.08,0.589,105.0,119.61,19.47,1,0
66.46,68.23,3.34,0.673,45.49,61.47,-25.26,1,0
115.08,69.77,4.04,0.557,113.33,129.12,-13.51,2,1
108.59,73.67,4.31,0.756,118.77,113.19,-1.96,0,1
62.18,68.34,1.91,0.604,46.09,60.78,-19.0,0,0
47.15,50.69,2.42,0.602,47.4,33.61,20.53,0,0
112.52,63.23,3.09,0.734,105.54,114.84,-30.48,4,1
131.64,71.95,3.21,0.739,142.44,149.99,15.17,1,1
102.81,63.92,2.35,0.731,77.66,75.51,12.38,2,0
67.21,51.61,3.29,0.312,69.99,40.32,-9.03,0,0
119.98,76.06,3.0,0.625,98.67,127.66,15.84,3,0
49.61,51.21,1.26,0.625,47.58,51.97,19.82,0,0
93.02,59.99,1.96,0.667,85.85,99.74,-9.87,0,0
59.6,57.75,2.13,0.644,56.15,54.34,13.01,0,0
62.14,53.68,1.38,0.578,43.35,40.72,-24.27,3,0
64.28,45.0,1.9,0.623,84.65,55.96,-9.64,3,0
86.4,55.95,4.39,0.622,71.4,102.0,-15.85,5,1
46.14,56.3,2.54,0.523,30.1,41.62,16.29,1,0
87.74,68.54,2.8,0.552,108.32,83.31,2.04,5,0
101.4,57.48,3.64,0.754,108.36,75.11,4.23,1,0
98.0,55.68,3.21,0.704,85.02,79.95,-24.56,0,0
85.93,61.49,2.18,0.675,85.9,97.04,15.58,1,0
140.7,57.36,2.63,0.771,141.29,138.1,15.26,3,1
57.44,46.35,2.54,0.374,32.67,67.35,-25.06,2,1
100.68,45.0,0.92,0.396,87.51,93.15,-40.0,1,0
47.44,63.12,2.27,0.597,47.06,32.77,-6.7,0,0
48.54,45.0,0.67,0.46,60.94,45.93,14.16,1,0
108.86,72.55,8.75,0.526,105.11,103.13,-2.11,5,1
107.92,67.07,1.96,0.463,103.83,99.59,-0.6,0,0
145.36,69.98,2.28,0.848,140.54,137.29,3.88,3,1
106.94,58.42,2.29,0.735,122.8,105.6,-1.27,0,0
155.17,75.2,5.32,0.871,171.43,150.26,-14.47,4,1
45.84,49.53,1.43,0.476,52.83,36.52,16.79,2,0
51.76,51.23,3.07,0.382,48.74,69.81,-17.44,0,0
45.29,45.0,2.19,0.337,30.0,49.87,-29.27,0,0
62.23,53.56,2.54,0.3,69.27,63.82,12.52,4,0
104.95,67.31,4.64,0.728,108.21,104.29,-18.28,1,1
117.47,58.42,1.33,0.467,111.11,124.12,-17.91,1,0
45.47,45.05,4.47,0.469,48.23,50.79,29.83,0,0
153.52,71.79,4.76,0.742,159.05,143.17,31.36,0,1
141.06,64.79,5.85,0.714,130.51,125.74,16.17,2,1
75.59,60.18,3.78,0.677,73.29,52.85,12.52,2,0
49.26,46.99,3.78,0.3,30.0,67.18,11.18,3,0
60.39,56.65,1.54,0.571,60.83,55.93,35.55,1,1
55.23,59.65,1.96,0.3,65.19,61.15,24.68,0,0
54.79,46.29,1.15,0.3,30.0,56.81,-7.87,1,0
102.23,67.83,2.04,0.559,102.94,111.35,16.07,1,0
69.5,51.38,2.84,0.314,71.8,68.86,-7.22,0,0
82.98,58.39,1.52,0.645,93.66,69.7,7.98,5,0
158.74,73.68,2.3,0.768,153.15,148.37,0.64,1,0
122.12,60.86,3.69,0.458,106.05,118.61,-10.52,0,0
153.88,70.49,5.55,0.558,145.99,138.02,-9.61,5,1
57.11,45.76,2.71,0.496,69.32,48.56,29.29,5,0
85.86,50.62,3.45,0.66,66.54,73.87,-26.81,5,1
106.57,66.44,3.14,0.575,91.47,103.28,-4.89,4,0
49.21,56.41,4.46,0.449,40.7,44.25,-27.47,0,0
40.5,55.83,2.18,0.521,30.0,41.7,-40.0,6,1
120.45,67.79,8.54,0.686,121.66,129.0,22.12,2,1
117.02,67.45,2.01,0.521,132.41,114.59,30.84,1,1
89.29,64.72,4.17,0.593,74.71,74.27,-16.03,5,1
98.76,67.52,3.39,0.628,97.55,78.27,0.31,0,0
89.85,55.04,2.41,0.643,90.62,91.48,-4.82,5,0
42.88,45.0,2.44,0.457,36.01,36.23,-8.63,1,0
80.24,58.53,4.06,0.708,63.47,78.67,-17.17,1,0
61.25,49.13,3.73,0.343,48.45,64.55,1.88,1,0
51.81,52.97,1.27,0.616,44.51,66.24,-10.51,2,0
154.81,60.58,1.76,0.76,165.6,137.33,12.87,1,1
111.92,77.45,2.47,0.685,118.65,101.8,33.38,7,1
127.44,61.25,1.69,0.502,106.86,126.59,-3.28,0,0
77.84,56.03,1.62,0.466,70.51,66.44,-1.42,4,0
87.18,69.52,3.89,0.649,82.16,72.29,-12.8,1,0
68.43,45.0,1.47,0.568,91.25,81.53,11.15,4,0
51.64,45.0,2.63,0.3,49.14,41.16,-31.31,0,0
61.48,50.09,1.81,0.483,46.22,48.39,20.08,3,0
135.7,62.56,2.77,0.522,124.83,124.22,-22.68,1,0
121.31,69.54,2.15,0.842,121.61,132.17,-34.38,3,1
105.63,76.37,4.63,0.756,113.1,98.68,1.85,0,0
97.01,60.25,3.54,0.379,98.42,83.15,7.08,4,0
150.69,82.7,3.31,0.876,158.61,142.29,27.8,4,1
48.73,53.99,1.64,0.594,46.09,48.25,3.09,1,0
73.67,45.0,0.87,0.442,68.89,82.59,14.27,0,0
81.99,45.0,3.02,0.614,80.72,90.07,16.1,1,1
133.89,57.34,3.3,0.659,113.67,126.11,4.86,0,1
159.1,78.37,3.91,0.819,162.75,153.79,-18.58,1,1
68.88,52.62,1.37,0.423,58.41,89.91,3.96,4,0
144.92,67.86,2.15,0.644,125.96,154.87,-34.41,0,1
139.67,66.59,1.87,0.669,170.07,137.16,51.09,2,1
66.96,64.1,1.72,0.339,65.48,44.01,11.82,1,0
87.92,55.83,1.46,0.676,89.6,83.33,-10.41,0,0
89.16,63.54,1.77,0.487,82.45,75.89,3.41,1,0
157.39,72.93,3.39,0.712,168.39,148.76,-12.69,3,1
61.71,55.9,1.82,0.623,48.21,52.05,-34.73,1,0
135.9,77.28,3.32,0.686,133.87,133.59,14.77,2,0
80.1,67.2,3.18,0.538,67.44,80.8,-23.99,2,0
127.7,70.12,3.62,0.846,141.28,120.39,3.53,0,0
90.4,68.3,3.47,0.706,82.6,77.62,-0.2,0,0
109.4,62.36,1.99,0.476,120.14,107.61,2.08,0,0
139.91,69.76,4.47,0.689,140.5,134.93,-18.21,0,1
136.5,75.36,6.07,0.878,151.35,117.52,8.52,3,1
143.97,64.8,2.26,0.661,149.99,150.05,5.67,1,0
47.15,45.68,0.57,0.37,55.27,39.87,19.74,0,0
123.05,59.07,4.79,0.527,110.37,120.35,37.67,1,1
56.8,53.83,4.89,0.3,61.67,54.6,-33.14,2,0
89.9,60.46,1.51,0.646,68.46,89.74,-25.09,0,0
105.83,55.93,1.16,0.706,108.46,107.29,5.33,0,0
88.33,58.0,3.82,0.733,84.43,75.28,16.24,0,0
102.35,45.0,1.04,0.696,87.43,105.48,-1.23,1,0
159.58,68.38,5.59,0.656,149.98,156.14,15.41,0,1
56.23,47.7,1.03,0.3,42.54,67.07,-33.48,2,0
121.05,69.64,4.94,0.837,123.44,129.2,-4.52,0,0
87.52,70.46,2.13,0.479,78.8,100.75,21.95,0,0
55.96,53.24,1.45,0.373,52.37,46.58,-17.28,4,0
59.05,59.56,6.8,0.62,49.48,71.92,-40.0,0,0
153.91,62.48,1.94,0.776,151.71,154.85,-15.81,1,1
145.55,65.85,1.96,0.603,142.14,152.45,6.16,0,0
148.85,72.47,5.07,0.882,156.67,155.59,2.64,1,1
158.98,73.7,2.41,0.954,176.26,163.57,-14.49,0,1
65.0,45.0,0.65,0.31,69.44,54.12,-10.77,3,0
82.65,48.06,1.27,0.673,86.96,92.2,-21.8,2,1
120.31,55.54,2.65,0.597,125.41,123.82,-19.28,2,0
98.06,66.92,3.68,0.584,101.47,83.33,-14.11,2,0
90.21,61.94,4.71,0.717,88.76,85.37,1.18,0,0
82.94,58.35,2.47,0.718,96.11,70.81,-36.4,1,0
111.25,61.12,2.22,0.519,98.65,96.99,18.28,0,0
109.07,68.34,2.57,0.492,82.34,117.6,-15.23,0,0
59.37,47.94,3.49,0.3,40.88,44.58,-29.17,0,0
96.61,64.64,3.61,0.595,113.34,83.4,-9.16,3,1
106.42,51.65,4.44,0.405,98.97,126.2,-15.15,1,0
108.43,57.69,6.25,0.57,111.13,103.96,1.46,1,0
65.21,51.38,1.42,0.305,56.03,71.79,-1.87,6,0
129.07,79.84,3.72,0.629,136.4,140.32,0.17,1,1
43.02,55.46,2.63,0.3,37.87,50.77,-16.17,1,0
82.58,64.51,1.94,0.662,82.99,84.08,0.01,8,1
133.63,66.72,1.89,0.565,140.29,133.25,-34.0,0,1
107.67,70.82,5.08,0.534,100.77,113.04,-25.33,0,1
71.34,63.81,2.78,0.642,76.65,69.09,-9.52,1,0
123.39,52.67,2.23,0.749,124.27,130.34,-23.72,1,0
108.09,52.63,2.17,0.492,104.64,105.5,-5.66,0,0
135.55,67.08,3.93,0.515,124.03,134.09,-29.84,0,1
128.2,56.99,1.46,0.751,128.63,147.02,31.05,0,1
113.21,56.6,2.62,0.576,106.24,108.41,-29.73,3,1
98.58,58.44,2.26,0.682,113.78,98.77,34.8,3,1
55.98,48.76,4.13,0.426,32.29,60.29,-40.0,0,0
71.36,51.0,1.96,0.432,78.68,76.31,39.75,1,0
90.29,56.3,5.47,0.531,67.99,93.22,-0.64,1,0
111.92,71.94,2.77,0.715,120.67,99.41,18.62,0,1
101.64,63.54,6.72,0.746,94.51,103.27,-28.14,4,1
74.58,48.09,3.81,0.324,75.85,77.01,-5.17,1,0
40.78,45.0,1.82,0.412,35.56,52.18,-7.24,0,0
99.55,63.4,2.26,0.392,78.2,106.94,-12.49,0,0
74.28,50.2,1.52,0.49,88.38,86.33,29.96,4,1
128.15,63.58,3.84,0.819,141.84,118.12,19.29,0,1
42.87,48.25,2.0,0.353,43.98,32.91,-2.43,0,0
110.18,62.25,2.3,0.784,106.17,113.46,15.98,0,0
152.98,70.54,3.55,0.791,166.53,164.31,28.07,0,1
60.93,58.36,3.28,0.636,46.26,58.92,-17.56,0,0
96.6,60.52,1.47,0.673,71.32,89.2,-23.39,3,1
50.97,62.83,1.71,0.3,30.0,34.96,28.43,1,0
115.08,61.18,1.62,0.518,102.37,118.71,-10.67,1,0
106.06,65.63,2.13,0.556,96.12,104.93,-16.54,0,0
88.88,45.0,1.34,0.415,79.96,84.54,-7.24,0,0
102.57,55.5,3.57,0.586,97.59,111.62,16.85,4,1
147.59,63.81,2.28,0.711,142.02,146.72,10.14,0,0
63.56,50.68,0.87,0.653,39.22,63.56,-14.43,4,0
42.71,50.36,1.81,0.382,40.65,51.71,9.98,2,0
143.4,80.87,11.19,0.824,144.71,165.31,5.16,1,1
109.25,69.91,2.64,0.785,104.59,104.81,-4.89,0,0
146.88,73.73,7.1,0.871,169.08,138.12,5.7,2,1
111.63,56.29,1.34,0.498,106.69,101.74,0.2,4,0
137.22,77.13,2.71,0.69,139.72,141.99,-6.24,0,0
91.56,72.08,4.06,0.494,98.99,80.66,4.98,0,0
129.98,67.69,2.9,0.63,112.7,126.25,-9.53,2,0
149.56,77.34,4.61,0.673,150.75,146.71,-25.52,1,1
108.65,68.61,4.9,0.737,120.9,124.22,-3.41,1,0
61.69,57.19,1.67,0.446,57.52,73.62,-6.74,1,0
72.26,46.84,2.33,0.506,54.74,56.89,24.72,1,0
63.84,54.27,2.46,0.664,59.34,79.69,-5.13,0,0
69.62,52.53,3.92,0.313,66.15,57.46,3.18,0,0
76.77,64.14,2.49,0.505,49.6,78.37,25.14,2,0
106.62,59.5,1.45,0.709,92.57,98.27,-35.45,1,0
110.56,45.65,1.82,0.472,131.68,106.68,-17.06,3,1
91.18,56.64,5.99,0.598,96.96,81.38,-11.12,7,1
113.85,68.58,1.94,0.517,130.0,130.61,2.08,0,0
49.79,45.0,0.91,0.576,59.71,48.39,0.78,2,0
50.53,45.0,1.07,0.362,50.51,52.79,-9.21,6,0
60.62,51.52,3.07,0.393,52.78,49.9,-26.13,2,0
102.17,61.66,2.09,0.626,107.26,88.02,20.08,0,0
65.68,54.27,1.47,0.35,78.09,61.24,-1.97,4,0
73.99,45.0,2.07,0.416,80.22,79.21,24.43,2,0
88.04,55.2,1.18,0.511,88.25,86.82,-18.2,1,0
137.42,76.32,2.66,0.634,136.03,147.17,34.58,1,1
41.66,45.0,1.29,0.415,43.94,42.91,-28.84,2,0
117.93,76.37,3.04,0.674,113.01,117.99,-2.72,0,0
120.27,58.75,1.96,0.667,127.6,125.62,-14.31,4,1
135.84,76.55,2.57,0.749,130.45,136.84,-2.06,7,1
151.93,68.15,2.56,0.659,148.86,161.37,-19.17,0,1
42.42,45.0,2.9,0.3,30.0,47.97,-40.0,2,0
58.45,50.78,1.65,0.56,52.37,67.56,-17.09,1,0
146.34,78.75,3.85,0.859,143.32,153.51,27.22,0,1
95.02,57.4,1.51,0.468,112.68,108.62,-9.17,5,0
107.75,69.64,2.09,0.566,96.34,116.04,3.45,0,0
119.56,75.44,5.51,0.638,124.94,137.04,2.79,0,1
121.49,57.89,1.88,0.658,111.28,116.08,-13.29,3,0
151.81,65.46,2.37,0.799,156.36,160.16,39.05,0,1
159.63,60.7,4.59,0.576,162.62,145.83,-4.17,2,1
126.42,62.86,3.42,0.748,107.16,135.89,-6.58,5,1
74.47,58.6,3.43,0.328,52.26,75.03,-9.56,0,0
145.57,74.86,4.01,0.704,136.19,154.94,23.66,0,1
45.91,48.29,0.87,0.549,30.0,62.7,-34.93,0,0
67.73,53.17,5.75,0.464,66.01,75.74,39.54,5,1
147.69,78.05,6.08,0.583,150.25,143.56,28.63,1,1
70.74,72.62,2.56,0.686,59.71,59.86,1.64,1,0
66.48,59.17,3.79,0.635,68.67,71.84,12.22,0,0
56.58,45.0,1.29,0.558,50.65,53.72,-7.07,4,0
143.09,71.89,3.84,0.674,143.38,149.73,2.84,1,1
100.01,64.38,1.93,0.454,89.54,94.94,2.32,1,0
120.99,71.71,3.26,0.82,131.23,111.69,-11.23,1,1
68.69,59.36,1.56,0.499,86.29,66.27,36.15,2,0
130.96,73.99,3.39,0.814,144.53,135.97,10.82,0,0
131.2,57.8,1.69,0.61,148.13,132.42,11.01,5,1
77.51,48.09,1.59,0.447,57.61,69.38,-25.55,0,0
89.28,61.2,3.13,0.742,84.01,107.29,18.42,0,0
65.16,60.84,4.59,0.484,69.63,63.78,1.41,0,0
157.19,64.91,1.97,0.608,175.44,134.57,-0.32,0,0
117.47,65.32,5.08,0.52,123.68,126.8,-16.44,1,1
152.15,74.68,3.02,0.729,142.41,152.03,-7.77,0,0
76.41,62.22,4.32,0.326,65.71,74.7,-26.4,0,0
133.83,67.94,2.95,0.666,139.16,131.92,8.89,7,1
131.9,55.08,4.08,0.643,130.79,130.06,13.38,4,1
123.0,73.5,3.84,0.761,116.63,139.69,-10.26,0,1
155.88,87.09,4.09,0.69,154.19,160.52,3.4,0,1
87.23,67.94,2.44,0.735,89.75,89.83,23.22,0,0
55.69,45.0,5.71,0.319,37.05,53.06,-12.43,4,0
120.61,58.97,3.76,0.678,133.98,137.89,4.79,0,0
127.52,56.42,1.9,0.498,120.21,135.95,-3.55,1,0
109.01,79.39,2.84,0.701,110.15,118.9,-7.36,0,1
64.82,55.74,3.41,0.672,78.69,67.6,0.6,2,0
100.53,59.67,8.28,0.709,101.22,110.53,-13.49,1,1
77.46,55.38,1.61,0.535,87.92,81.39,12.96,0,0
91.3,56.67,4.91,0.548,77.9,87.58,-7.99,0,0
117.43,79.24,2.76,0.766,125.95,121.12,15.04,2,1
129.43,64.88,6.25,0.843,144.35,150.4,25.85,0,1
67.87,66.93,3.87,0.679,59.49,69.91,-23.1,0,0
88.64,58.26,1.93,0.505,84.59,101.34,-17.09,0,0
72.3,68.13,2.43,0.693,72.27,84.21,12.44,1,0
63.84,60.5,2.98,0.334,61.03,69.46,-5.98,1,0
134.01,66.78,3.16,0.583,139.37,150.57,4.14,0,0
149.11,65.73,5.51,0.563,137.43,127.38,-4.33,1,1
84.43,55.68,3.32,0.442,80.55,66.06,-19.0,1,0
130.15,69.8,3.15,0.778,152.8,147.43,20.43,1,1
147.64,63.65,5.56,0.864,165.57,141.17,13.44,4,1
141.53,84.0,4.19,0.816,155.38,142.65,-11.23,0,1
61.94,55.47,3.97,0.518,57.99,79.44,-4.95,1,0
154.76,65.32,4.48,0.75,183.3,156.75,12.31,0,0
85.2,45.28,4.29,0.619,97.94,102.1,19.83,2,1
80.71,45.0,0.6,0.478,78.73,76.83,20.13,1,0
47.49,57.99,2.59,0.559,49.32,53.65,0.76,2,0
98.34,58.07,2.23,0.646,93.75,98.92,-32.55,1,0
53.08,49.24,1.77,0.518,56.17,67.99,14.61,0,0
69.82,57.99,2.2,0.504,75.02,67.21,42.16,1,1
78.03,56.3,3.9,0.668,87.83,68.39,17.82,0,0
137.06,70.68,2.62,0.592,134.73,132.38,-6.07,0,0
145.06,70.62,2.97,0.668,128.73,140.83,-0.95,3,1
76.3,57.85,1.61,0.62,79.6,69.82,16.05,0,0
143.04,59.6,1.81,0.706,153.65,136.16,7.34,1,0
142.87,68.8,3.55,0.864,136.41,154.08,20.44,0,1
131.76,70.83,2.24,0.614,130.94,145.84,-20.79,0,0
57.6,45.38,0.83,0.401,69.71,61.52,-1.22,1,0
122.84,78.46,3.63,0.804,112.48,116.37,3.08,0,0
153.4,89.08,3.21,0.726,152.52,147.56,12.13,4,1
121.9,70.68,2.24,0.652,140.79,101.18,-0.4,2,0
79.79,65.23,4.7,0.452,78.74,83.59,-8.68,8,1
100.07,63.83,4.44,0.491,91.57,93.24,-16.25,8,1
117.49,62.75,2.21,0.695,119.3,132.2,-12.5,2,1
101.27,58.88,1.97,0.432,107.81,87.49,12.62,2,0
54.39,68.62,6.05,0.595,51.85,48.47,-1.95,1,0
77.45,55.05,1.14,0.624,85.1,76.49,27.18,0,0
136.29,58.8,2.63,0.565,138.41,140.94,-18.62,3,1
143.37,64.76,3.05,0.788,150.93,161.4,0.95,0,0
56.48,50.71,3.17,0.49,62.22,42.77,16.12,1,0
154.29,63.04,6.13,0.617,151.08,151.27,4.59,2,0
79.46,65.83,2.41,0.428,64.68,65.18,-27.16,1,0
119.48,65.99,2.62,0.602,125.21,127.38,23.61,2,1
130.22,76.59,4.06,0.75,131.64,123.75,2.43,0,0
137.43,68.72,7.05,0.748,135.01,136.4,33.3,2,1
153.49,65.38,5.04,0.753,162.87,151.77,2.31,5,1
77.55,49.47,2.42,0.62,93.28,78.71,28.71,1,0
143.02,66.9,4.73,0.812,145.41,141.46,-5.26,0,0
55.8,54.67,1.21,0.495,53.79,46.09,-5.25,1,0
124.6,73.05,2.89,0.769,113.8,125.45,3.49,0,0
129.04,70.1,2.03,0.601,126.38,121.09,-31.97,0,1
121.33,59.19,1.64,0.796,127.91,129.47,-33.05,0,1
70.28,55.46,2.62,0.537,68.77,70.85,-12.94,1,0
144.77,67.11,5.08,0.843,145.28,134.37,-23.13,2,1
60.26,55.33,2.62,0.479,66.56,84.33,-37.45,2,1
46.44,49.49,2.41,0.307,41.27,63.02,10.78,8,0
126.1,59.09,1.51,0.675,158.67,150.53,2.05,0,0
97.06,65.83,3.39,0.52,97.94,93.63,-5.74,4,0
141.89,88.77,4.04,0.785,112.63,133.54,-12.13,2,1
86.01,63.45,3.19,0.528,71.23,94.07,1.69,2,0
60.19,54.26,1.65,0.595,66.48,71.27,8.24,2,0
140.37,69.65,3.29,0.772,136.1,142.34,1.5,1,0
105.87,62.7,2.39,0.671,100.32,84.83,5.68,0,0
62.7,45.0,1.73,0.355,42.93,52.89,-18.88,5,0
126.45,73.56,2.45,0.853,125.79,130.67,-13.16,0,1
101.33,56.75,1.96,0.721,106.07,94.73,-39.34,0,0
112.52,53.48,1.71,0.733,119.81,98.87,15.14,0,0
95.31,59.78,3.39,0.498,81.03,92.73,-19.48,2,0
139.45,70.38,3.86,0.713,151.36,106.98,41.66,4,1
139.55,62.27,5.13,0.553,124.32,133.51,5.67,0,0
125.13,58.06,2.78,0.671,131.8,120.87,20.44,0,0
52.65,48.93,1.3,0.3,50.69,55.75,11.73,0,0
140.66,63.75,3.92,0.723,131.91,146.14,5.18,4,0
120.52,66.13,2.8,0.701,109.9,124.3,3.26,0,0
123.64,77.58,2.78,0.607,128.37,132.62,12.61,0,0
83.56,61.84,3.57,0.53,75.44,81.88,-0.91,0,0
145.51,65.41,1.94,0.867,148.56,130.96,-9.57,5,1
127.04,54.25,1.35,0.505,133.38,127.49,-18.05,0,0
53.51,54.52,3.2,0.557,58.41,44.76,10.06,4,0
88.93,45.59,2.74,0.415,74.24,75.36,15.9,1,0
146.37,52.79,3.31,0.534,144.4,152.16,-3.24,0,0
45.66,49.58,1.3,0.3,30.0,31.53,-5.11,1,0
155.37,78.36,5.52,0.852,170.85,162.17,-15.98,0,1
121.5,68.04,3.81,0.607,140.07,108.58,1.11,0,0
115.77,70.11,4.7,0.776,109.15,112.86,-25.43,3,1
72.47,54.6,2.93,0.507,70.24,66.83,-21.98,1,0
69.86,45.0,1.8,0.3,74.86,81.22,4.28,8,1
153.05,78.72,2.7,0.826,157.85,158.99,1.37,1,1
75.79,62.36,3.4,0.351,77.56,67.55,15.06,3,0
133.06,67.82,3.63,0.795,137.58,131.48,16.05,2,0
87.17,47.65,1.22,0.409,70.67,100.47,-23.98,0,0
56.71,45.0,2.5,0.388,53.9,71.64,-36.24,2,0
41.29,45.0,1.7,0.508,52.98,30.0,-11.23,0,0
105.31,68.16,3.12,0.778,112.63,118.47,-9.13,0,1
157.09,57.58,1.94,0.7,178.57,169.49,20.68,1,1
84.3,63.83,1.82,0.665,64.33,86.08,1.04,2,0
82.86,58.56,1.68,0.405,83.51,81.96,-0.51,1,0
81.29,47.28,2.83,0.647,74.45,75.79,9.9,1,0
102.47,56.28,1.65,0.65,92.97,89.93,41.37,0,1
92.88,56.88,1.22,0.436,105.61,96.27,4.23,0,0
145.59,68.28,10.62,0.638,143.29,143.89,-5.35,1,1
100.66,61.1,1.82,0.435,93.14,105.01,-18.89,0,0
100.93,59.05,2.94,0.536,103.77,105.52,7.16,1,0
56.6,57.13,5.15,0.331,30.0,81.78,7.17,0,0
157.93,73.23,3.57,0.811,178.41,169.9,1.27,0,1
70.0,52.31,3.35,0.688,94.61,75.47,5.26,0,0
48.8,45.0,6.12,0.3,53.79,30.0,-6.9,0,0
119.58,70.96,5.01,0.655,125.62,123.5,-17.69,3,1
111.44,64.52,2.9,0.644,109.72,127.27,1.55,1,0
89.82,67.29,2.52,0.715,79.22,85.55,-2.24,0,0
90.66,63.25,2.58,0.554,104.08,112.57,5.96,3,0
134.21,54.99,3.87,0.7,147.21,139.65,39.6,0,1
63.49,45.0,3.38,0.459,66.07,66.43,8.49,1,0
138.43,60.19,4.22,0.603,142.49,128.52,-18.06,1,1
117.85,54.86,2.46,0.456,118.58,132.89,11.74,6,1
90.28,54.96,2.07,0.514,82.25,81.97,-10.12,0,0
94.96,62.39,2.1,0.386,120.7,89.32,6.95,0,0
70.8,63.32,1.6,0.513,65.62,51.99,-5.71,0,0
130.25,63.83,3.8,0.594,125.01,139.22,-7.76,1,0
101.54,59.92,1.88,0.598,114.95,107.42,11.56,0,0
78.5,47.57,1.25,0.369,73.54,78.6,35.59,0,0
111.53,68.54,4.69,0.788,115.05,118.93,-4.87,1,1
159.49,79.75,2.67,0.916,182.79,165.95,13.25,0,1
92.23,61.8,5.45,0.433,97.03,88.58,6.62,5,0
150.48,76.38,2.38,0.669,160.61,142.63,-4.16,1,0
81.4,45.0,4.7,0.57,63.78,64.25,-16.04,1,0
46.57,45.0,1.41,0.3,45.37,44.79,17.29,0,0
64.51,61.25,1.64,0.415,48.75,51.43,-17.07,0,0
90.24,53.25,2.68,0.451,81.81,91.87,-20.2,1,0
66.36,65.56,5.13,0.645,69.37,64.75,33.6,1,1
40.03,48.89,1.6,0.541,38.41,36.01,-22.5,0,0
149.8,74.23,4.02,0.761,160.88,160.27,21.44,3,1
141.27,62.53,7.37,0.712,152.75,131.4,2.12,3,1
129.08,64.15,2.06,0.84,144.01,110.6,-14.41,1,1
60.14,61.43,4.06,0.633,44.68,57.88,-14.51,0,0
54.44,61.62,2.02,0.631,83.42,47.04,10.43,1,0
48.11,46.4,1.42,0.3,41.82,49.33,-32.49,0,0
126.88,55.06,1.6,0.525,139.94,117.75,14.23,0,0
151.46,74.65,3.17,0.805,125.39,155.66,-7.15,0,0
91.66,68.34,1.91,0.572,87.91,81.94,-8.15,0,0
54.3,59.34,1.9,0.3,30.77,44.46,-3.24,0,0
101.49,54.74,1.97,0.409,87.34,107.65,-3.4,0,0
81.86,49.18,2.25,0.681,84.08,81.4,24.4,4,1
84.98,67.19,3.35,0.682,82.61,73.11,-20.59,0,0
114.56,60.92,2.77,0.567,129.66,105.04,2.28,0,0
126.25,77.42,2.97,0.815,151.78,122.52,30.79,1,1
53.27,53.39,5.42,0.477,39.22,41.84,2.72,1,0
44.27,45.34,1.27,0.535,37.12,41.39,-40.0,0,0
159.32,74.03,2.61,0.729,149.53,156.79,-34.94,4,1
67.93,59.08,2.56,0.329,76.38,58.76,4.24,0,0
46.46,47.25,2.71,0.393,44.23,52.96,28.4,5,1
62.79,45.0,0.52,0.451,60.2,52.58,-9.06,0,0
44.67,45.0,0.99,0.434,45.11,57.13,11.9,0,0
87.02,48.73,3.34,0.383,78.95,84.83,-2.55,6,0
136.29,71.21,3.13,0.885,131.72,129.69,8.14,1,1
80.95,59.89,2.18,0.421,77.97,86.34,17.78,3,0
93.3,48.63,4.73,0.439,86.88,93.65,13.79,2,0
121.07,76.89,2.55,0.654,126.31,128.67,18.98,0,1
101.07,52.25,2.37,0.598,81.45,81.06,-20.88,3,1
143.37,86.48,3.62,0.686,147.33,148.54,-0.74,0,0
143.92,85.68,3.05,0.821,140.06,138.73,7.4,1,0
41.19,48.92,1.1,0.41,39.21,41.57,7.69,0,0
133.37,58.07,2.77,0.724,146.71,132.48,17.38,0,0
95.29,61.79,1.55,0.655,89.72,108.75,-34.62,2,1
158.66,66.74,3.15,0.566,172.34,140.06,28.39,2,1
97.99,52.33,5.65,0.602,77.14,114.13,-40.0,1,1
158.43,80.03,4.98,0.909,183.13,165.49,-1.16,0,1
130.55,57.28,1.87,0.479,142.98,132.07,9.73,0,0
69.83,48.26,0.92,0.452,56.22,55.5,-7.33,2,0
104.61,64.87,2.63,0.764,97.35,87.89,21.91,5,1
159.06,68.79,2.68,0.698,143.09,153.45,-29.06,3,1
142.9,84.79,8.24,0.692,155.8,149.25,-0.1,0,1
51.68,51.19,7.76,0.628,48.27,51.62,-37.15,0,0
124.76,66.65,2.59,0.534,118.6,130.55,-0.71,1,0
81.47,53.5,1.25,0.351,63.01,66.84,-12.98,1,0
40.84,53.75,4.65,0.546,61.51,41.28,-11.99,1,0
88.42,65.08,4.07,0.693,78.6,99.37,18.66,4,1
68.17,59.73,2.46,0.473,65.93,82.69,18.32,0,0
138.26,71.62,2.78,0.7,142.87,125.72,3.6,0,0
80.48,61.54,2.38,0.656,76.81,76.96,18.66,4,0
139.3,72.64,5.64,0.793,135.96,135.89,-3.34,2,0
40.07,45.0,0.81,0.306,30.0,33.81,7.81,2,0
76.94,45.0,2.97,0.318,78.07,86.02,16.1,0,0
68.94,53.38,1.03,0.479,62.35,97.65,-22.53,1,0
68.03,59.08,5.14,0.628,88.09,56.89,17.81,2,0
48.18,56.11,2.21,0.583,38.52,52.43,-1.8,1,0
62.45,58.38,1.69,0.65,72.5,65.41,-13.41,2,0
106.67,64.66,1.68,0.752,88.63,109.84,-32.01,1,1
74.96,55.77,2.38,0.537,64.38,88.29,3.67,7,0
90.09,54.34,1.48,0.528,78.85,93.82,-10.69,1,0
85.22,62.62,3.05,0.646,72.89,63.86,-32.54,0,0
145.11,72.0,2.62,0.811,152.74,130.74,14.24,0,0
148.64,73.59,2.35,0.741,150.14,137.97,17.58,6,1
99.15,63.69,2.68,0.412,68.06,91.67,-36.63,1,1
79.62,55.71,2.39,0.689,105.35,78.22,12.84,0,0
52.82,54.12,1.95,0.421,51.34,50.67,26.59,0,0
154.41,72.11,3.05,0.689,156.19,136.17,-15.51,0,0
47.23,64.57,3.01,0.474,60.42,31.14,37.32,0,0
75.72,55.76,2.27,0.577,87.12,54.53,-0.13,7,0
75.77,57.52,1.46,0.392,68.02,60.23,-5.14,0,0
78.45,59.63,1.71,0.65,56.02,88.36,-36.32,0,0
59.71,45.0,0.73,0.375,61.99,57.01,-23.31,2,0
133.98,61.87,3.28,0.557,121.56,124.45,-18.02,2,1
54.7,56.03,2.29,0.407,65.7,35.52,21.44,6,1
116.19,63.92,2.48,0.721,109.29,106.06,38.68,2,1
54.86,45.0,2.9,0.631,50.05,60.93,44.5,0,0
48.46,52.28,1.53,0.549,31.33,53.22,-10.79,7,1
149.13,68.81,3.19,0.904,140.05,146.61,-10.95,2,1
62.82,49.96,0.91,0.325,56.0,60.15,-21.12,0,0
138.55,76.24,4.42,0.524,134.61,120.84,18.09,0,1
105.36,68.17,3.67,0.619,100.03,97.6,-15.73,5,1
49.34,58.26,3.73,0.344,68.86,54.9,5.49,0,0
154.65,72.65,5.4,0.875,167.4,147.91,15.32,0,1
69.64,54.89,3.22,0.558,68.91,85.87,7.76,0,0
143.16,68.11,4.68,0.898,116.02,155.21,-24.56,2,1
60.26,45.0,1.14,0.363,65.42,55.72,0.87,1,0
142.47,63.93,2.27,0.702,180.44,139.82,8.48,0,1
41.59,45.0,4.83,0.405,35.44,63.82,-18.06,0,0
101.41,68.27,5.59,0.48,89.29,109.89,-24.52,0,0
132.33,54.53,2.26,0.713,136.55,133.04,-24.38,1,1
152.18,81.76,3.39,0.714,137.28,154.03,-0.94,0,0
149.1,80.24,5.63,0.706,156.77,150.59,-0.5,0,1
138.35,71.76,2.69,0.64,157.16,138.19,-11.04,0,0
146.58,58.85,1.58,0.527,137.06,135.87,-26.86,1,0
63.91,45.0,2.03,0.481,53.85,59.88,-27.41,2,0
74.1,49.69,0.85,0.436,69.87,59.74,-13.13,4,0
74.68,54.69,1.8,0.305,62.75,81.92,14.3,0,0
85.25,55.78,3.62,0.459,64.28,83.92,-22.75,4,0
87.2,48.6,1.24,0.453,79.64,94.95,6.26,0,0
105.35,69.17,5.97,0.553,97.37,92.6,24.1,3,1
59.19,59.93,6.07,0.31,69.79,73.41,8.33,4,1
122.95,64.65,4.22,0.652,137.85,135.93,-6.32,6,1
60.11,54.71,7.67,0.537,75.62,44.36,6.15,0,0
77.24,46.62,1.73,0.564,86.13,72.18,3.67,0,0
100.4,61.23,2.74,0.703,104.92,96.43,33.36,1,1
135.57,72.1,4.84,0.668,126.43,121.19,-35.75,1,1
128.74,70.14,3.03,0.674,146.13,126.14,28.78,2,1
117.46,64.48,2.45,0.757,124.77,123.05,-27.72,2,0
58.69,49.06,2.17,0.427,40.26,54.0,5.39,0,0
105.65,61.16,3.08,0.678,96.23,88.52,-12.08,1,0
50.49,47.26,2.72,0.405,31.44,58.22,23.34,0,0
85.28,59.83,3.04,0.503,58.72,77.37,-1.16,2,0
89.62,47.49,2.7,0.653,95.34,82.76,13.18,6,1
44.78,45.2,2.2,0.3,30.0,61.59,-24.34,2,0
72.88,55.73,2.13,0.434,60.49,76.85,26.3,2,0
154.68,66.55,2.01,0.634,155.82,146.59,51.24,0,1
154.44,68.48,4.22,0.687,153.92,142.54,35.95,0,1
82.28,51.16,0.92,0.419,70.1,91.94,-24.15,0,0
45.17,46.1,7.91,0.447,60.34,54.14,4.17,5,1
61.49,55.36,3.77,0.584,42.85,56.42,-30.72,0,0
87.07,61.86,3.18,0.656,70.38,74.48,-19.31,3,1
153.73,57.03,6.32,0.687,160.97,157.59,8.72,0,0
56.94,60.77,2.87,0.646,50.36,62.88,9.84,2,1
131.62,67.02,1.91,0.712,125.89,127.89,6.73,2,0
53.04,62.96,2.81,0.399,36.07,42.01,-39.46,1,0
157.75,69.01,2.43,0.887,167.56,158.0,4.25,2,1
85.79,54.03,1.73,0.629,89.09,90.41,10.96,2,0
133.03,69.5,2.89,0.779,138.03,128.16,19.58,1,0
81.11,56.6,3.43,0.402,70.15,83.73,2.23,3,0
115.32,50.47,1.88,0.613,106.57,118.93,4.42,0,0
63.04,50.5,1.8,0.614,61.36,74.5,-5.13,1,0
57.52,55.62,1.68,0.454,66.2,53.32,9.23,1,0
152.57,68.03,3.05,0.811,175.61,141.18,58.04,0,1
150.12,82.75,3.19,0.766,166.76,149.44,30.05,1,1
146.5,71.71,2.56,0.856,157.69,163.37,12.16,0,1
115.05,55.94,3.28,0.539,125.62,97.42,18.4,0,1
136.99,74.35,2.89,0.721,125.23,113.86,-4.51,1,1
48.28,57.5,1.33,0.3,33.72,47.2,-6.0,0,0
80.17,61.36,2.11,0.597,86.4,76.38,20.22,3,0
77.64,67.11,3.35,0.606,76.34,75.56,-11.43,0,0
116.28,71.83,4.63,0.446,117.25,113.82,-1.85,0,0
82.71,52.42,5.85,0.598,94.44,92.77,-18.8,7,1
57.82,57.23,3.29,0.419,64.1,57.4,17.11,0,0
111.58,49.18,1.59,0.464,95.77,119.77,11.35,0,0
137.73,71.66,2.63,0.661,139.09,112.95,11.54,3,1
85.85,54.26,1.26,0.415,71.11,80.56,-11.59,4,0
55.87,58.93,2.82,0.414,42.82,47.72,-7.32,0,0
63.6,59.86,2.46,0.425,39.56,40.76,-9.38,4,0
68.5,60.28,3.12,0.581,69.72,69.53,20.32,1,0
75.99,60.43,1.83,0.618,54.92,74.98,8.12,0,0
117.14,69.48,2.56,0.674,123.35,112.46,-22.72,1,1
112.11,59.38,1.88,0.425,124.92,110.85,-9.4,3,1
123.53,70.18,4.41,0.823,134.35,124.56,13.23,0,0
83.5,69.25,2.24,0.605,84.22,93.63,-23.73,1,0
138.88,76.03,3.77,0.51,155.5,145.31,24.85,0,1
64.49,55.21,1.19,0.601,68.44,67.78,-2.98,3,0
96.28,58.83,2.53,0.449,82.91,119.36,6.04,0,0
136.11,70.49,2.13,0.72,140.01,129.03,2.57,0,0
61.62,45.0,0.79,0.452,82.17,48.02,8.5,5,0
53.18,47.31,0.82,0.407,36.22,64.93,-28.05,3,0
146.04,86.45,3.63,0.874,134.96,164.71,-15.39,1,1
81.15,50.88,1.48,0.498,86.5,74.8,0.6,0,0
122.06,76.52,5.02,0.476,116.9,135.84,-5.25,1,0
43.04,60.86,1.84,0.588,36.41,37.71,9.72,4,0
122.81,73.15,2.32,0.817,112.03,128.65,-16.96,1,0
77.93,61.8,2.9,0.588,54.28,84.33,-12.36,0,0
46.69,45.0,2.24,0.407,30.0,40.38,18.74,4,1
113.18,58.04,1.81,0.457,129.69,131.64,23.04,3,0
68.9,67.0,3.2,0.603,68.85,88.51,1.86,1,0
86.42,49.4,3.01,0.369,58.26,76.2,-40.0,3,1
49.67,53.88,1.67,0.3,57.88,51.68,-20.62,0,0
57.66,45.0,1.62,0.468,69.84,66.8,17.56,1,0
75.76,45.0,0.74,0.371,85.93,56.93,18.41,0,0
50.77,59.93,1.43,0.3,39.7,51.03,-40.0,3,1
149.3,71.24,8.05,0.697,148.02,132.77,11.95,6,1
40.73,45.0,1.03,0.3,36.38,47.4,-12.29,5,0
98.06,66.71,2.29,0.438,111.64,98.92,-0.51,1,0
54.79,55.94,6.59,0.3,42.13,51.05,9.67,1,0
76.92,59.3,3.31,0.393,63.72,61.25,6.58,4,0
151.13,70.67,3.36,0.82,163.87,145.14,4.59,2,1
59.4,52.95,2.78,0.582,73.55,64.6,19.46,0,0
155.9,75.28,4.17,0.729,157.84,155.49,-5.57,0,1
64.7,57.98,3.44,0.477,70.27,76.62,-11.43,5,0
128.99,59.29,1.46,0.48,127.94,140.27,22.15,0,0
105.6,59.15,2.15,0.425,99.08,116.45,20.6,0,0
146.14,70.83,2.57,0.621,136.61,140.76,-16.35,2,1
106.48,71.9,2.22,0.617,92.97,109.43,-16.36,3,1
104.15,69.61,2.77,0.688,98.54,94.49,13.24,0,0
63.45,45.0,1.94,0.512,49.99,50.86,-19.22,0,0
59.95,49.41,1.06,0.417,59.68,71.77,14.28,4,0
149.98,61.93,2.06,0.577,164.13,138.11,-11.36,0,0
79.34,63.14,3.12,0.63,82.4,66.4,-3.63,4,0
84.65,62.65,2.86,0.479,71.19,85.7,10.88,0,0
131.18,71.09,5.11,0.768,144.8,128.47,-10.63,0,0
80.66,54.9,3.44,0.527,82.76,78.82,-9.53,3,0
154.25,76.08,7.42,0.838,164.95,177.3,12.12,0,1
128.55,72.96,3.54,0.829,126.89,118.61,-33.2,0,1
111.69,63.36,3.4,0.783,128.96,116.64,9.95,3,1
145.71,63.1,4.54,0.731,161.87,146.57,28.98,1,1
45.95,45.0,3.25,0.422,40.19,56.05,12.69,0,0
70.85,60.97,3.36,0.399,75.45,62.99,1.41,2,0
95.8,67.89,2.91,0.742,111.86,93.56,8.4,3,1
67.24,55.75,1.62,0.465,58.95,68.38,22.71,3,0
129.27,72.72,5.31,0.519,126.67,114.93,23.37,0,0
150.3,62.86,3.82,0.704,153.34,132.25,-0.18,1,0
90.85,45.0,3.23,0.403,73.75,90.64,-19.89,2,0
81.06,59.45,1.59,0.524,84.84,94.43,17.32,0,0
155.39,76.13,2.93,0.771,171.07,151.86,28.19,1,1
93.38,45.77,1.38,0.495,89.56,91.23,22.91,0,0
98.69,58.94,4.07,0.405,98.86,110.19,10.59,0,0
82.2,58.63,4.67,0.704,101.06,80.71,3.02,0,0
149.15,69.14,2.45,0.837,149.02,156.91,-30.12,1,1
108.27,63.92,3.37,0.74,115.41,134.94,38.45,0,1
131.46,49.66,0.9,0.621,125.05,125.69,25.64,2,0
137.42,67.89,2.66,0.797,134.18,135.65,-15.42,0,0
81.02,51.65,1.9,0.517,83.47,84.98,4.66,2,0
92.04,60.12,3.58,0.437,91.67,106.96,-4.16,0,0
141.82,65.55,5.07,0.555,147.58,140.67,4.07,1,0
83.59,60.23,2.03,0.469,81.88,90.88,-8.06,2,0
135.27,47.46,1.77,0.541,139.67,138.75,14.65,0,0
152.92,72.02,3.68,0.938,179.67,152.2,-7.04,2,1
114.79,63.71,2.22,0.444,124.38,110.58,-2.29,5,0
129.0,64.77,8.04,0.643,133.92,122.9,18.19,0,1
136.61,74.68,5.41,0.671,144.08,167.27,-31.79,0,1
141.4,55.69,1.67,0.624,138.31,125.99,4.0,1,0
87.41,64.0,2.7,0.571,84.91,72.94,-11.11,4,0
46.15,45.0,0.89,0.3,46.06,48.6,29.03,2,0
88.23,56.04,2.25,0.658,90.44,90.26,7.03,2,0
120.85,70.95,3.78,0.576,129.88,125.11,-9.65,2,0
94.04,68.71,2.06,0.599,109.22,85.3,33.73,4,1
129.88,77.12,5.49,0.756,131.77,119.61,1.34,0,0
82.84,75.3,3.67,0.684,60.41,79.98,-8.85,1,0
116.17,76.86,9.26,0.763,143.84,125.25,29.8,4,1
62.37,48.05,0.72,0.51,52.75,52.19,-15.71,2,0
129.92,67.61,4.53,0.625,132.77,131.44,27.47,0,1
105.48,59.74,3.74,0.598,114.17,100.36,14.73,3,1
64.49,69.9,2.21,0.581,81.01,49.24,-3.28,0,0
75.03,66.89,2.43,0.656,97.82,62.22,3.61,0,0
129.83,62.43,4.79,0.511,123.69,138.94,-25.69,0,1
97.91,65.52,2.83,0.528,110.74,91.87,11.95,4,0
65.92,47.47,1.42,0.588,68.06,78.36,-2.13,0,0
156.07,74.68,5.82,0.721,191.41,155.7,23.3,8,1
125.82,58.57,1.46,0.59,138.83,112.14,-24.12,0,1
154.86,60.64,2.4,0.709,154.91,159.63,-9.4,2,0
91.25,65.55,3.32,0.595,81.63,83.24,-22.49,0,0
97.01,71.69,3.51,0.771,68.91,93.24,-5.18,1,0
147.75,74.88,2.75,0.72,158.26,159.08,-5.58,0,0
103.01,57.48,2.49,0.472,112.56,90.11,13.24,3,0
124.87,54.36,2.91,0.52,132.21,120.38,-5.92,1,0
70.26,45.0,1.82,0.308,36.17,59.43,12.23,2,0
93.61,53.36,2.73,0.584,78.2,81.7,-6.78,4,0
54.81,49.64,1.22,0.462,57.83,50.08,17.99,0,0
64.72,57.65,3.94,0.356,81.27,56.14,6.24,1,0
40.11,56.9,2.11,0.478,37.02,37.37,15.06,0,0
44.71,45.0,7.04,0.511,56.02,51.1,-8.26,0,0
157.27,66.63,1.83,0.655,145.97,149.77,-6.41,1,1
69.08,47.44,1.36,0.425,68.07,54.4,-8.88,0,0
119.6,52.59,1.25,0.835,121.0,126.01,34.34,1,1
140.69,72.86,3.39,0.652,155.98,133.12,-13.75,0,0
106.08,63.25,2.01,0.703,101.65,124.36,35.05,0,0
58.38,50.37,2.83,0.436,75.23,54.29,-16.31,1,0
127.37,79.51,5.77,0.779,127.27,126.01,13.2,1,1
112.03,67.02,2.18,0.724,101.67,88.99,-16.38,0,1
127.75,65.91,2.02,0.73,117.92,116.13,-0.33,1,0
132.37,75.84,5.47,0.819,129.28,109.58,-4.62,2,1
157.05,85.64,3.61,0.927,168.03,159.99,-9.46,2,1
108.83,65.86,2.61,0.638,102.28,108.01,-1.82,3,0
81.0,58.92,1.71,0.418,67.51,87.3,-14.25,4,0
117.82,62.98,2.41,0.593,128.35,125.89,15.55,1,0
48.21,51.36,1.28,0.528,30.0,57.83,-27.21,1,0
147.69,74.03,3.89,0.783,146.2,145.44,7.76,0,1
54.33,45.0,1.54,0.314,32.6,55.18,4.69,0,0
79.34,47.89,3.0,0.339,63.69,85.13,-9.77,1,0
137.89,81.0,3.22,0.767,144.15,129.94,-20.68,5,1
111.68,75.19,3.37,0.515,107.52,102.3,29.1,0,1
87.24,69.27,2.41,0.542,82.52,102.64,6.05,0,0
96.81,53.49,5.1,0.669,112.47,78.75,-5.15,1,1
142.55,61.26,2.58,0.733,145.04,147.55,10.13,0,0
80.8,45.0,0.79,0.356,97.59,84.21,-21.77,1,0
144.36,68.78,2.4,0.587,152.65,133.12,25.32,0,1
50.58,45.0,0.63,0.319,33.36,43.9,29.64,5,0
133.22,61.93,1.56,0.583,156.08,129.65,26.27,3,1
141.71,80.89,3.77,0.731,147.67,143.87,-15.07,0,0
61.82,59.33,1.98,0.467,81.62,65.33,-25.9,0,0
91.64,52.59,5.93,0.436,85.17,91.33,21.32,5,1
59.86,45.0,0.78,0.3,57.13,61.74,-4.02,3,0
124.79,67.26,4.2,0.523,128.44,131.39,-5.22,5,0
104.24,73.35,2.77,0.786,105.95,110.37,21.83,0,0
116.24,60.61,1.82,0.616,131.82,131.58,-2.83,0,0
63.58,54.84,6.33,0.618,87.12,74.01,25.49,1,0
65.41,52.74,3.4,0.616,38.2,65.59,-13.18,6,1
44.98,45.0,1.99,0.42,51.15,51.39,7.53,0,0
78.65,56.72,3.0,0.599,67.89,82.89,23.95,3,1
107.17,57.47,8.38,0.479,73.63,108.81,-25.57,0,1
142.95,63.72,2.97,0.784,152.84,134.27,-5.5,0,0
120.03,67.75,2.03,0.549,125.24,121.65,-1.03,1,0
92.25,65.96,1.86,0.69,102.2,71.6,-16.68,1,0
154.37,73.94,3.88,0.577,158.36,165.1,18.85,0,1
126.31,64.27,3.26,0.768,140.17,129.81,21.4,1,0
151.62,54.73,3.15,0.575,143.88,150.03,-4.04,1,0
103.31,68.83,2.1,0.742,109.32,99.1,-13.63,2,1
71.07,47.88,5.02,0.415,75.74,77.61,-40.0,0,0
46.34,45.0,1.7,0.481,60.19,64.71,-8.08,3,0
127.13,58.18,2.86,0.656,128.78,130.88,-3.33,0,0
54.56,47.51,0.7,0.39,47.79,73.58,-37.57,1,0
76.33,68.17,6.76,0.567,75.01,84.18,44.24,1,1
103.9,62.81,2.81,0.771,92.99,95.84,2.02,4,0
107.73,50.52,2.07,0.42,113.36,112.61,12.61,0,0
112.07,72.47,6.46,0.784,98.26,115.97,-9.61,0,0
59.95,54.29,5.03,0.503,62.71,51.89,14.66,0,0
85.57,45.99,0.93,0.66,87.78,81.49,-4.31,0,0
114.06,67.64,5.87,0.576,94.97,109.79,-12.46,0,0
156.38,88.3,5.1,0.738,141.21,157.38,17.7,0,1
127.32,52.63,0.99,0.809,121.26,124.52,16.74,1,1
150.71,62.91,1.99,0.698,148.55,153.4,-1.28,0,0
131.47,48.49,1.51,0.688,151.0,135.77,46.17,0,0
111.01,58.15,2.6,0.421,106.1,123.68,-3.93,0,0
63.04,56.2,2.98,0.333,64.25,68.53,-8.5,4,0
120.0,67.66,2.21,0.697,137.14,112.98,10.85,0,0
114.81,76.24,5.09,0.711,129.91,135.92,12.97,0,1
112.3,70.41,4.83,0.65,113.21,105.34,-21.01,1,1
98.77,69.07,3.46,0.434,86.98,94.9,2.88,0,0
103.44,69.35,5.77,0.568,108.79,109.41,40.74,0,1
80.13,52.26,3.45,0.462,69.15,109.09,11.61,0,0
102.32,61.95,1.89,0.585,123.8,106.33,22.69,0,0
63.71,50.46,3.23,0.619,74.51,57.29,14.05,4,0
136.62,70.38,6.62,0.8,143.13,120.23,-14.71,0,1
62.29,48.79,0.95,0.3,62.45,45.23,-17.86,1,0
50.2,53.1,6.76,0.587,52.07,50.31,3.87,2,0
92.35,68.39,1.94,0.546,86.84,97.8,-10.46,4,0
119.0,65.4,2.83,0.735,127.67,104.8,-21.7,4,1
92.53,49.19,2.98,0.414,85.88,94.75,-9.63,0,0
73.21,50.59,3.18,0.568,95.81,60.07,19.41,5,1
106.98,64.52,3.66,0.495,96.58,97.74,5.24,0,0
81.64,46.43,1.72,0.5,85.75,87.96,-12.93,4,0
151.94,66.45,3.37,0.543,141.4,144.47,-6.1,0,0
150.72,78.22,4.3,0.593,141.06,163.82,2.63,0,0
100.28,59.03,2.37,0.418,75.21,94.44,-35.37,0,0
79.35,53.23,2.35,0.414,80.56,90.44,-13.3,0,0
128.46,63.15,4.4,0.505,120.17,151.11,-4.38,3,1
44.41,45.0,1.06,0.49,55.21,36.95,-10.97,0,0
96.97,49.61,1.89,0.383,97.58,121.63,-5.6,0,0
80.36,56.39,1.2,0.568,81.5,80.49,45.5,0,1
150.46,70.66,3.78,0.588,133.29,144.14,-35.72,0,1
41.44,58.91,1.66,0.582,48.11,38.48,28.98,0,0
106.34,67.4,2.83,0.772,101.84,102.3,3.9,1,0
128.88,74.22,2.61,0.557,110.82,142.9,-31.06,6,1
98.2,72.98,2.21,0.62,103.78,111.38,15.0,1,1
50.25,52.1,1.92,0.3,30.0,63.31,-9.35,3,0
156.7,86.65,3.83,0.923,138.06,143.7,12.38,1,1
102.16,54.78,1.92,0.596,117.64,104.05,19.63,0,0
113.7,51.47,1.24,0.438,103.74,98.21,-1.45,1,0
68.39,55.94,5.57,0.422,43.9,78.5,-17.76,5,1
98.02,46.93,0.62,0.405,82.56,93.18,13.31,1,0
91.5,55.98,4.49,0.512,81.08,96.53,-12.27,1,0
48.99,56.62,3.2,0.495,60.62,43.97,-19.39,2,0
52.74,59.96,1.68,0.426,30.0,35.18,-40.0,3,1
140.5,67.17,2.79,0.655,125.53,149.35,-29.73,1,1
68.78,45.62,7.28,0.334,75.22,78.4,17.68,0,0
63.39,52.46,2.5,0.368,53.36,64.79,-11.55,0,0
100.59,49.62,0.98,0.422,99.76,79.48,-14.31,0,0
132.25,70.12,2.92,0.8,130.35,139.75,-8.75,1,1
47.43,46.06,1.51,0.3,65.68,40.06,24.05,1,0
109.22,63.83,4.06,0.646,94.66,114.38,4.12,0,0
54.31,49.77,4.5,0.38,53.29,49.4,2.41,2,0
44.38,45.0,0.63,0.304,56.48,40.5,-4.74,0,0
46.33,45.23,1.08,0.475,39.32,51.31,-10.53,0,0
140.1,64.36,2.19,0.683,132.72,131.89,-6.07,0,0
54.16,45.0,8.8,0.403,59.41,52.49,-13.48,1,0
45.42,52.04,2.15,0.453,54.53,50.51,2.57,0,0
92.55,65.5,4.91,0.554,82.03,114.21,-22.3,3,1
141.28,73.9,3.07,0.625,159.33,140.53,15.61,3,1
71.49,53.34,2.92,0.518,70.47,79.88,8.1,0,0
90.61,54.9,1.6,0.62,97.1,78.89,23.36,0,0
44.79,50.93,4.5,0.3,56.65,61.74,10.62,0,0
93.89,63.76,2.54,0.548,102.08,85.81,8.21,1,0
109.31,60.19,3.85,0.431,105.93,107.99,-16.73,0,0
108.51,71.99,2.56,0.48,98.05,113.62,-6.08,0,0
79.89,56.9,2.99,0.544,111.27,72.09,-2.72,0,0
77.86,57.88,2.05,0.66,69.6,88.67,-34.81,0,0
52.79,51.41,0.93,0.592,56.44,46.18,-2.95,1,0
84.02,45.0,1.3,0.36,85.34,92.32,-8.41,7,1
51.94,54.01,2.24,0.403,54.7,62.62,12.38,3,0
131.99,68.29,2.14,0.709,159.71,137.78,-3.45,2,0
155.95,73.63,2.52,0.607,156.66,163.04,51.0,1,1
156.41,89.24,4.09,0.855,160.38,181.72,-6.66,0,1
143.81,70.56,2.66,0.809,166.62,147.97,10.14,3,1
112.1,51.39,1.76,0.778,114.02,113.19,-9.24,0,0
124.1,64.88,2.62,0.456,131.73,127.47,17.81,1,0
74.22,53.54,1.24,0.389,72.34,86.94,-4.79,0,0
115.69,62.68,1.86,0.758,129.9,138.99,-10.52,2,1
94.68,64.29,4.48,0.632,104.03,93.01,-28.33,1,1
97.84,69.96,2.26,0.731,95.63,88.72,9.22,4,1
130.93,56.91,2.86,0.496,106.72,142.56,-0.41,1,0
73.83,53.97,1.85,0.54,52.55,60.2,-4.47,0,0
78.16,67.11,7.0,0.542,54.92,80.74,-15.5,8,1
150.96,62.77,1.67,0.547,148.81,154.0,-6.82,1,0
46.75,49.62,3.44,0.426,30.0,45.67,5.62,0,0
98.28,45.0,1.51,0.619,96.73,97.79,-2.59,0,0
149.54,58.69,1.33,0.605,151.24,133.01,21.1,0,0
113.24,62.82,2.03,0.529,122.1,104.56,2.65,0,0
105.57,72.25,2.92,0.653,112.68,114.94,1.12,1,0
69.97,45.0,1.07,0.477,78.34,49.56,10.86,5,0
81.19,60.87,2.13,0.667,87.5,80.33,28.2,0,0
142.25,66.3,5.51,0.644,139.24,139.12,19.68,4,1
107.11,66.94,2.49,0.508,103.99,87.18,-2.42,2,0
101.77,57.72,2.08,0.779,95.13,118.69,-10.04,3,0
51.95,57.31,3.39,0.6,54.69,41.65,-20.38,2,0
41.92,45.0,2.87,0.3,30.0,47.41,6.5,1,0
155.64,77.79,2.6,0.855,173.54,150.95,-23.16,0,1
85.24,54.26,2.88,0.38,69.36,76.79,22.75,1,0
112.39,57.3,2.23,0.428,110.79,110.03,14.38,0,0
49.57,50.73,1.06,0.338,48.19,46.0,-14.12,0,0
121.97,63.94,2.1,0.554,135.0,120.11,28.67,3,1
151.91,74.94,2.37,0.863,137.0,144.04,2.41,1,0
109.08,62.65,2.23,0.692,107.0,98.94,7.38,2,1
55.13,56.26,1.62,0.638,62.49,65.18,-1.13,1,0
109.81,66.88,2.53,0.694,132.7,109.88,21.4,1,0
131.96,60.45,2.73,0.643,132.36,131.36,-25.3,2,1
88.77,58.02,3.26,0.626,82.16,79.86,-2.18,0,0
145.58,68.86,3.33,0.917,176.23,161.32,3.09,3,1
117.84,66.84,3.51,0.718,129.82,116.97,0.81,1,0
147.91,70.25,5.03,0.828,168.96,128.95,-1.87,2,1
114.82,74.11,5.35,0.8,104.3,117.58,-16.74,0,0
55.75,52.07,3.88,0.3,56.01,48.11,23.32,2,0
77.16,51.45,1.14,0.593,64.03,86.27,-32.36,0,0
64.22,56.44,1.62,0.613,48.81,74.6,-0.34,4,0
149.06,81.05,3.71,0.909,162.22,158.29,-13.77,2,1
131.25,63.91,2.3,0.558,138.23,126.63,27.28,2,1
121.17,60.7,1.65,0.645,116.29,120.04,5.26,0,0
76.12,49.78,1.3,0.581,92.91,78.6,-16.89,3,1
62.09,55.92,6.71,0.365,52.96,71.01,1.46,2,0
130.77,75.25,2.95,0.713,129.78,120.4,-13.02,1,1
96.9,56.42,2.0,0.474,93.94,97.83,2.6,0,0
67.09,57.29,1.25,0.415,60.47,85.77,-27.22,0,1
113.99,45.0,2.41,0.599,129.29,108.64,29.81,1,1
44.84,58.17,2.09,0.426,30.0,44.58,-40.0,2,0
79.14,54.7,1.25,0.497,68.03,105.28,-20.09,2,0
96.23,61.08,6.65,0.566,81.25,93.81,-26.96,1,1
57.76,47.24,2.89,0.373,75.81,42.37,15.85,0,0
158.16,80.45,4.57,0.618,154.63,157.58,-10.63,0,0
65.09,45.0,5.25,0.3,49.87,81.82,-10.93,0,0
55.64,58.3,2.08,0.325,46.7,66.21,-16.02,0,0
64.42,56.59,3.1,0.506,72.73,54.63,-20.48,0,0
132.29,75.48,2.68,0.791,144.08,136.44,1.78,2,0
91.06,53.38,2.79,0.421,80.58,89.3,-28.69,1,1
107.85,49.69,0.8,0.447,99.99,115.97,-36.9,7,1
42.52,57.07,1.43,0.507,30.0,36.37,5.01,2,0
44.13,48.66,1.55,0.334,40.49,49.08,-24.13,0,0
93.5,73.58,2.23,0.741,111.71,112.6,35.33,2,1
138.0,70.34,2.95,0.78,134.61,111.87,23.82,0,0
146.23,66.73,2.91,0.649,154.85,152.16,20.25,7,1
50.4,57.45,2.7,0.347,38.36,63.6,-26.47,1,0
104.6,75.66,2.5,0.603,91.52,89.04,31.65,0,0
149.59,68.01,2.18,0.56,156.96,142.38,-38.66,1,1
86.56,48.88,2.16,0.387,110.46,82.62,-3.94,5,0
139.55,72.33,3.75,0.569,145.45,132.24,17.95,3,1
56.04,52.08,0.96,0.558,50.24,47.99,10.68,0,0
152.25,77.09,3.59,0.742,150.9,148.5,-13.73,0,1
130.17,61.08,3.77,0.475,150.58,138.69,-3.94,3,0
152.96,85.6,3.04,0.808,160.81,167.84,0.05,4,1
121.19,60.11,2.21,0.613,112.26,134.22,-6.03,4,1
83.61,60.78,2.04,0.535,81.57,93.55,-9.47,5,0
152.58,66.55,5.47,0.623,155.63,170.9,31.37,1,1
73.07,53.49,1.32,0.52,77.1,93.38,-10.29,3,1
79.86,58.38,1.88,0.711,100.23,81.52,36.58,0,0
124.1,67.33,5.27,0.482,137.04,138.41,13.78,3,1
131.84,72.43,2.75,0.589,134.0,136.08,19.43,0,0
151.53,73.93,3.37,0.632,151.67,149.37,-26.84,1,1
64.58,49.76,0.84,0.373,64.79,64.08,18.61,1,0
135.76,68.81,8.22,0.639,129.24,145.88,14.61,4,1
128.63,76.91,5.03,0.793,144.25,143.28,-4.18,0,0
47.66,59.86,2.9,0.588,44.98,53.46,13.92,5,0
86.47,45.0,0.59,0.42,88.76,82.51,-25.49,1,0
73.93,53.66,1.14,0.519,92.87,69.04,0.93,1,0
76.54,55.52,2.31,0.564,82.46,58.01,23.97,3,1
157.95,78.94,3.04,0.763,163.97,161.56,-0.27,2,1
117.13,63.73,3.09,0.605,111.03,120.06,-7.81,5,0
126.12,68.83,3.3,0.535,123.89,115.67,24.17,1,0
157.19,66.2,4.51,0.747,146.5,161.93,-40.0,1,1
85.26,58.52,1.81,0.496,89.59,89.83,-1.04,6,0
136.22,78.41,3.8,0.807,114.75,121.38,-11.93,4,1
92.14,51.55,3.15,0.662,105.0,88.93,-7.91,0,0
144.34,84.91,3.91,0.567,152.46,158.43,28.79,0,1
61.68,56.6,3.86,0.3,56.87,55.35,-18.79,1,0
153.72,77.18,2.64,0.904,153.41,153.9,-16.31,5,1
66.25,47.96,2.66,0.493,63.92,67.86,-40.0,1,1
79.15,58.66,5.62,0.661,59.07,78.88,9.95,2,1
130.74,64.09,2.25,0.495,138.54,137.63,-2.03,0,0
87.25,61.48,2.17,0.552,84.33,96.6,-7.36,1,0
112.99,74.82,2.42,0.635,131.86,125.63,5.6,0,0
93.35,59.78,2.93,0.704,100.14,90.21,24.87,0,0
129.08,67.46,3.05,0.506,129.99,134.32,29.48,0,1
67.4,45.0,0.56,0.378,67.78,75.8,-30.99,0,0
47.01,45.25,2.61,0.384,30.98,45.83,-16.35,8,1
75.99,61.89,4.17,0.654,71.67,68.8,-22.6,0,0
96.92,69.53,5.54,0.746,101.44,98.35,-1.77,1,0
60.16,51.69,2.09,0.658,57.68,54.11,-2.88,0,0
82.58,58.59,2.22,0.711,77.89,75.53,-33.28,3,0
88.0,63.58,4.75,0.346,79.54,90.2,2.41,2,0
46.89,54.17,1.81,0.3,41.42,45.0,-10.82,0,0
110.0,61.18,3.07,0.469,135.2,111.75,26.65,0,1
146.12,54.21,2.49,0.658,143.37,130.61,-0.83,0,0
58.21,72.47,2.85,0.587,49.81,56.45,-35.09,1,0
111.74,67.43,1.98,0.772,113.35,89.13,11.87,0,0
119.77,60.13,1.44,0.514,136.07,109.31,-15.97,0,0
90.32,56.36,2.02,0.599,109.17,89.43,-12.74,0,0
124.13,73.24,3.18,0.819,151.91,136.26,8.19,0,1
89.29,60.93,4.05,0.533,88.69,94.66,-5.43,1,0
100.56,63.82,2.43,0.423,104.72,101.46,-29.48,0,0
40.88,45.0,1.0,0.386,30.0,37.11,-8.1,8,1
123.01,62.75,2.49,0.599,118.75,120.5,-3.73,1,0
119.36,80.35,3.03,0.669,107.36,132.42,-8.31,0,1
44.61,49.5,0.91,0.389,46.07,33.54,-29.65,0,0
84.19,51.41,1.06,0.34,79.44,76.93,0.22,1,0
157.48,72.28,2.71,0.95,167.2,168.15,16.01,3,1
90.49,62.84,1.59,0.569,79.71,87.05,-29.63,1,0
100.23,68.01,2.25,0.57,109.84,119.62,-14.55,0,0
149.19,82.74,5.09,0.909,126.5,156.1,2.82,1,1
126.07,61.61,1.9,0.521,121.46,137.62,26.13,0,0
109.85,62.64,1.73,0.485,106.27,93.59,-4.78,1,0
135.74,83.82,7.3,0.81,115.69,146.33,-18.12,0,1
143.72,75.94,3.82,0.616,148.64,135.23,6.03,1,0
94.83,57.34,1.33,0.684,94.43,101.98,24.22,3,1
97.01,45.0,0.6,0.48,101.34,93.38,-13.14,4,0
86.33,55.33,2.54,0.352,105.37,88.55,0.81,2,0
156.0,79.36,3.73,0.755,163.0,144.94,-5.69,0,1
123.66,55.67,1.25,0.53,133.92,106.45,-20.37,1,0
49.99,52.26,1.32,0.533,65.22,51.49,22.97,1,0
143.56,70.37,5.99,0.767,152.8,140.62,9.32,0,0
97.67,65.44,3.0,0.742,90.13,88.73,-40.0,2,1
48.25,48.37,1.57,0.538,30.0,31.43,-9.33,1,0
105.97,68.18,2.32,0.47,107.86,79.22,30.87,1,0
90.06,62.8,1.78,0.67,86.66,95.3,3.26,0,0
145.33,66.46,2.56,0.773,164.19,142.78,38.3,1,1
64.48,61.12,5.3,0.541,57.6,58.44,-13.52,0,0
139.18,64.29,1.73,0.83,143.61,141.3,19.61,0,0
106.92,72.29,9.2,0.63,93.62,117.07,17.02,2,1
46.55,55.57,1.48,0.406,38.55,49.25,-5.31,0,0
156.62,84.83,3.68,0.805,149.4,152.19,-11.01,1,1
101.51,58.21,1.36,0.504,89.37,122.84,13.73,0,0
74.91,48.71,2.04,0.378,69.83,68.55,7.18,0,0
96.33,61.93,2.51,0.616,89.36,82.23,13.69,2,0
142.94,67.41,3.49,0.602,174.54,143.94,23.23,2,1
76.59,46.96,1.79,0.342,81.45,74.03,1.0,3,0
63.12,45.0,1.26,0.3,70.14,72.59,1.91,3,0
55.49,49.5,2.78,0.49,51.95,50.23,-8.15,0,0
75.74,45.97,0.6,0.452,74.05,74.09,6.36,3,0
133.61,75.83,3.52,0.782,132.09,124.95,-3.95,0,0
96.6,58.62,1.5,0.52,126.48,104.67,19.51,0,0
67.3,51.34,1.74,0.476,63.52,68.73,-16.16,2,0
59.94,45.0,2.85,0.423,49.15,57.19,-20.73,0,0
79.93,49.87,1.02,0.58,70.48,78.43,5.79,1,0
152.79,84.99,7.02,0.681,158.43,152.58,9.81,0,1
81.16,57.01,4.51,0.709,100.4,66.79,1.88,0,0
158.57,82.81,3.57,0.93,178.22,170.2,34.61,4,1
98.23,65.22,1.72,0.714,91.43,109.27,-18.18,1,0
61.5,45.0,2.84,0.633,52.78,61.91,3.51,0,0
146.94,83.6,6.01,0.7,163.9,146.27,16.72,2,1
95.24,65.08,1.99,0.58,120.07,85.28,13.37,3,1
125.16,63.71,5.34,0.752,126.47,142.43,23.44,0,1
158.05,75.82,6.03,0.833,177.18,172.9,38.86,2,1
46.02,45.0,1.46,0.574,30.0,49.96,-28.72,1,0
51.6,65.06,4.1,0.521,39.91,59.8,-40.0,1,1
126.45,65.58,2.62,0.859,119.51,138.76,-12.28,5,1
73.82,49.93,2.04,0.441,75.58,84.09,-16.81,0,0
62.12,50.7,1.42,0.6,59.96,53.55,-8.95,1,0
44.72,51.1,1.13,0.493,45.45,41.61,33.11,0,0
42.62,59.6,3.43,0.484,54.94,47.3,54.7,2,1
132.94,79.2,2.55,0.609,125.28,134.97,-20.89,4,1
56.13,51.19,2.17,0.563,56.51,63.66,4.23,0,0
96.13,66.78,4.81,0.729,82.64,102.56,-3.11,0,0
112.71,61.62,1.87,0.506,124.78,115.18,12.26,5,1
91.4,53.45,1.61,0.604,104.65,65.36,-18.05,4,0
43.25,64.11,2.97,0.367,42.93,54.98,22.08,4,0
134.02,83.09,3.21,0.878,141.02,142.41,19.73,5,1
41.26,48.9,3.55,0.395,31.06,61.95,-13.74,1,0
131.43,76.43,3.07,0.566,113.99,126.65,13.44,6,1
147.2,78.92,3.84,0.674,152.35,128.77,-23.38,4,1
91.94,61.3,1.86,0.617,101.36,90.14,-25.77,0,0
104.27,60.0,1.46,0.423,124.96,108.83,15.12,3,0
97.24,72.0,2.41,0.613,92.78,92.82,5.53,2,0
86.71,55.7,1.21,0.713,92.2,100.42,-0.2,0,0
146.49,86.68,3.95,0.86,165.06,139.89,29.21,2,1
147.27,65.74,3.07,0.549,159.98,146.26,-5.48,1,1
80.3,72.17,2.2,0.718,75.19,77.84,19.13,3,1
113.81,66.06,1.91,0.701,112.48,141.55,13.52,3,0
151.23,71.51,3.09,0.599,144.9,142.17,30.37,5,1
155.45,68.36,4.31,0.551,143.65,161.28,-37.81,0,1
101.08,54.23,2.54,0.452,115.77,89.06,-1.41,2,0
94.34,61.22,1.64,0.698,97.06,97.77,-14.95,0,0
73.44,59.89,4.67,0.309,66.73,63.9,10.63,2,1
155.06,54.52,4.81,0.638,158.81,166.06,30.19,1,1
57.14,45.26,1.1,0.554,56.87,66.22,-6.83,1,0
109.58,58.94,2.77,0.643,107.79,112.29,9.9,0,0
73.91,50.41,1.84,0.615,65.06,59.99,21.56,1,0
73.48,68.06,6.16,0.599,92.24,72.95,15.25,1,0
88.6,62.74,2.63,0.366,77.07,85.55,6.86,0,0
159.86,82.54,7.58,0.917,155.02,168.16,-38.12,7,1
46.6,45.0,0.83,0.311,39.84,37.57,24.81,2,0
109.43,73.0,2.82,0.63,135.91,120.98,7.86,1,0
49.91,45.0,2.78,0.487,37.8,59.58,42.0,3,0
58.54,63.35,3.9,0.323,61.52,44.8,-13.83,0,0
92.75,59.34,3.34,0.749,92.77,90.55,8.55,1,0
101.26,59.33,4.3,0.579,103.77,100.74,16.12,3,1
71.06,47.06,2.44,0.316,76.45,81.11,-40.0,0,0
77.97,52.91,2.49,0.689,59.12,71.11,22.56,0,0
50.44,64.19,2.57,0.466,37.0,52.51,6.66,0,0
76.39,63.2,2.54,0.589,87.06,87.38,-21.56,8,1
155.99,82.36,3.52,0.758,160.32,158.5,8.82,1,1
153.36,67.79,3.32,0.874,161.39,134.79,10.56,1,1
80.19,53.14,1.77,0.334,83.4,75.24,-0.81,0,0
108.5,64.24,1.89,0.513,96.08,117.54,-16.94,1,0
149.15,73.65,2.39,0.715,164.12,156.95,6.26,2,0
40.74,45.0,4.37,0.3,44.58,30.0,17.42,4,1
137.28,78.98,2.58,0.774,143.63,139.29,17.95,0,1
153.8,72.89,2.34,0.699,161.4,163.26,3.95,0,0
50.96,45.0,1.38,0.342,59.78,56.35,8.53,0,0
59.37,45.0,0.96,0.3,46.25,65.91,-8.85,1,0
155.29,79.89,3.37,0.834,167.9,175.91,-11.21,1,1
104.5,82.5,2.94,0.727,127.98,104.07,10.71,2,1
41.7,45.0,0.71,0.363,44.65,44.75,-11.75,3,0
70.92,56.29,3.6,0.518,66.62,61.52,-20.07,1,0
93.99,64.7,3.82,0.453,118.87,87.65,-31.1,1,1
123.15,58.54,1.48,0.698,127.89,119.83,-4.99,1,0
127.98,59.06,3.0,0.469,142.14,136.48,21.22,4,1
159.45,68.24,3.3,0.754,157.47,151.97,21.03,1,1
74.5,63.6,3.49,0.561,86.54,86.85,14.05,2,0
104.59,75.49,3.29,0.761,101.25,93.65,-24.99,2,1
104.0,61.83,1.98,0.545,106.77,110.39,-1.4,4,0
88.68,55.21,2.75,0.652,82.44,94.2,-23.91,3,1
60.3,49.94,1.49,0.5,81.11,62.87,44.78,0,1
157.29,73.75,2.6,0.923,161.09,167.14,-5.07,3,1
142.4,62.68,2.35,0.667,130.43,134.97,-14.88,1,1
99.8,58.43,3.47,0.507,99.08,95.14,16.25,3,0
112.39,71.68,3.07,0.772,122.28,102.76,4.24,4,1
67.27,52.56,1.49,0.302,60.98,67.36,16.15,2,0
105.25,58.49,3.98,0.45,92.5,104.06,-26.59,2,1
123.4,62.49,4.75,0.483,133.51,131.96,6.66,0,0
101.82,64.27,2.51,0.723,119.38,105.69,17.91,0,0
158.83,60.26,2.12,0.561,138.27,165.73,-40.0,1,1
113.36,68.74,3.35,0.765,106.13,111.39,-15.9,0,0
84.52,52.94,1.07,0.514,80.88,88.57,-12.86,3,0
132.66,53.96,2.8,0.48,123.88,150.79,-3.4,0,0
60.46,53.71,3.31,0.422,63.21,47.0,-4.21,2,0
86.14,50.47,1.59,0.413,104.48,67.75,14.5,2,0
81.64,59.71,1.67,0.575,76.56,88.0,-6.76,1,0
91.82,66.89,1.86,0.627,111.28,83.33,30.39,2,1
133.81,61.83,3.03,0.676,117.72,120.0,29.95,2,0
98.1,56.62,1.67,0.391,99.38,103.44,-26.37,0,0
135.28,57.83,2.2,0.748,131.11,125.24,-1.64,3,0
109.18,77.21,3.17,0.744,117.79,124.57,23.86,1,1
81.05,49.43,1.05,0.611,60.19,82.61,-23.08,0,0
137.2,69.07,3.01,0.824,126.24,135.17,-0.44,2,0
68.59,60.31,2.34,0.366,69.62,60.38,-6.33,2,0
66.93,55.81,2.62,0.636,60.09,69.08,-21.48,0,0
100.54,50.96,1.29,0.51,94.87,84.63,-21.14,3,1
71.3,54.69,1.44,0.3,87.34,46.62,-36.46,0,0
41.09,56.01,3.69,0.541,41.55,30.0,3.22,1,0
117.8,64.99,3.52,0.81,132.82,129.17,11.68,0,0
101.33,59.18,3.57,0.646,93.14,92.09,-21.23,2,1
93.46,53.8,1.23,0.453,74.43,79.12,-14.55,1,0
156.04,69.68,2.36,0.649,156.04,155.15,-25.96,1,1
108.54,49.34,2.05,0.592,90.5,130.79,0.57,0,0
143.61,73.52,5.13,0.87,140.63,154.53,-8.7,1,1
56.73,60.25,4.75,0.31,53.79,48.73,12.4,1,0
108.3,59.86,4.07,0.735,109.68,100.12,-5.11,0,0
144.16,64.76,1.75,0.629,148.75,136.2,-15.48,0,0
109.97,58.04,3.86,0.733,119.84,100.87,-4.71,3,0
126.16,75.37,5.76,0.827,116.34,131.6,22.24,1,1
84.65,65.24,1.8,0.505,71.44,81.29,31.13,1,0
51.09,56.91,2.02,0.379,30.0,39.96,-37.67,5,1
94.95,54.15,2.2,0.686,92.22,81.59,14.94,3,1
87.34,61.94,1.91,0.554,95.25,110.35,-15.99,0,0
144.05,82.79,3.86,0.786,165.66,151.43,-2.87,3,1
69.28,58.88,4.59,0.537,70.3,60.72,4.27,0,0
156.01,73.48,5.23,0.609,172.67,168.13,17.14,0,1
154.98,73.52,6.43,0.883,165.24,143.45,-7.98,0,1
69.72,52.68,1.95,0.367,66.35,68.34,9.3,1,0
81.77,69.87,2.79,0.698,76.39,79.3,18.63,1,0
147.47,71.48,3.73,0.623,119.3,149.29,-0.97,2,0
155.99,67.2,2.64,0.842,175.5,146.57,-7.64,0,1
93.21,54.13,1.11,0.474,90.04,94.5,-9.59,0,0
78.52,62.81,3.48,0.443,92.03,61.04,22.51,1,0
103.13,62.08,2.02,0.513,90.0,99.36,21.36,1,0
122.53,69.38,2.04,0.747,154.61,135.88,-6.84,0,1
72.82,51.57,0.93,0.521,68.26,83.07,3.17,5,1
128.38,79.53,6.59,0.818,124.44,121.42,11.25,2,1
46.2,58.61,1.75,0.342,38.46,30.94,-29.01,0,0
45.92,59.59,2.27,0.495,45.85,30.0,18.31,1,0
86.35,70.56,6.54,0.64,86.32,92.53,38.05,0,1
82.42,51.05,1.81,0.388,71.99,85.2,6.74,1,0
77.88,51.53,1.01,0.474,53.71,81.73,-1.9,1,0
98.92,59.49,2.57,0.57,88.67,115.83,-18.65,0,0
78.49,54.99,1.24,0.458,88.54,80.02,-3.8,1,0
63.07,60.93,1.61,0.398,48.48,65.35,-18.95,1,0
77.14,65.88,4.61,0.586,56.25,63.16,-26.36,1,0
156.99,74.75,2.8,0.637,145.07,173.23,-10.32,0,1
89.33,50.68,2.54,0.632,88.9,87.69,5.35,0,0
93.37,52.04,1.99,0.734,86.94,85.2,-18.65,0,0
109.19,65.4,2.1,0.634,106.5,111.26,-7.6,1,0
158.0,81.33,3.77,0.799,152.39,178.0,2.94,7,1
68.99,49.16,0.86,0.315,75.4,90.34,-34.9,1,0
121.75,82.94,3.42,0.791,131.47,112.05,21.94,0,1
125.92,57.11,2.34,0.572,151.97,137.67,16.86,0,0
112.88,56.59,1.58,0.665,109.59,116.24,2.44,1,0
50.63,50.03,2.42,0.624,47.68,60.51,19.34,8,1
121.22,61.81,1.59,0.682,137.06,123.99,24.81,7,1
47.69,55.16,2.1,0.513,50.64,53.84,12.41,0,0
111.54,60.1,3.29,0.593,100.09,124.75,-0.69,3,0
128.75,52.24,1.78,0.49,133.23,111.26,2.07,0,0
65.32,62.41,4.66,0.595,69.97,68.92,-8.13,3,0
140.99,53.25,2.5,0.517,117.81,129.3,-28.89,3,1
43.64,45.0,5.27,0.491,33.65,39.01,1.98,0,0
141.26,54.15,1.55,0.513,141.8,141.27,7.37,0,0
95.24,65.0,5.89,0.711,114.81,85.16,12.32,0,0
66.11,51.25,2.28,0.341,69.31,60.3,-22.59,1,0
56.05,64.67,3.73,0.454,46.36,42.05,-40.0,0,0
154.4,80.61,6.12,0.782,149.54,148.46,-1.43,1,1
48.72,59.13,2.55,0.409,54.48,53.84,-30.13,1,0
63.89,53.3,3.97,0.408,30.93,72.55,-10.76,0,0
81.74,49.73,1.95,0.512,70.29,74.04,29.35,1,0
114.43,63.26,2.97,0.548,130.3,127.71,13.9,8,1
105.38,65.74,2.63,0.571,108.37,111.15,-6.36,0,0
55.08,54.41,1.3,0.389,41.75,69.41,-25.49,2,0
74.77,52.68,2.17,0.531,58.96,57.06,-18.28,1,0
68.65,54.75,6.77,0.381,74.35,71.76,2.19,2,0
65.63,51.62,3.22,0.672,68.01,71.74,20.5,0,0
89.34,51.31,2.94,0.548,85.68,72.15,0.7,0,0
124.48,55.64,2.68,0.531,127.59,148.63,-3.7,1,0
66.09,53.31,1.64,0.469,65.45,59.73,11.79,4,0
84.0,52.82,1.25,0.679,86.63,89.44,27.88,6,1
86.91,50.3,1.2,0.349,66.01,96.18,-4.81,1,0
157.17,81.98,2.73,0.823,149.32,158.19,-0.48,1,1
154.56,66.55,3.47,0.763,166.8,168.42,-23.76,0,1
136.02,62.27,4.04,0.556,141.84,155.97,-21.6,3,1
69.0,57.7,1.73,0.614,73.86,57.9,-24.38,0,0
48.16,49.75,0.93,0.372,36.57,49.33,-9.24,1,0
78.03,50.5,1.44,0.432,83.84,87.19,-12.1,0,0
72.02,63.49,2.13,0.627,68.11,55.68,-10.88,3,0
100.71,66.68,2.7,0.638,117.08,111.35,-7.05,0,0
133.33,80.46,3.09,0.839,129.15,150.39,-15.74,2,1
143.0,71.4,2.71,0.761,139.91,155.84,-34.92,1,1
141.38,69.13,5.52,0.8,143.58,145.77,5.06,0,1
83.16,55.8,1.76,0.664,94.61,98.56,18.33,0,0
122.47,63.75,3.93,0.469,119.43,126.04,-0.26,3,0
77.54,56.07,2.64,0.623,78.45,64.34,7.02,1,0
47.31,46.3,1.2,0.467,39.96,42.09,4.7,1,0
124.19,59.0,3.89,0.48,125.01,121.63,8.07,6,1
41.18,45.0,1.86,0.407,36.47,40.54,12.88,0,0
89.1,55.77,1.16,0.38,75.3,88.16,14.53,3,0
79.53,48.86,0.84,0.613,81.31,76.14,29.3,1,1
123.21,68.81,4.02,0.668,126.38,125.39,-33.08,1,1
131.95,77.46,3.33,0.857,165.29,146.99,25.08,0,1
76.49,48.48,1.49,0.383,64.81,78.63,-27.62,4,1
137.4,83.93,3.07,0.735,130.01,143.68,21.62,0,0
75.27,52.67,1.22,0.39,74.43,53.33,0.77,1,0
93.56,49.76,3.18,0.606,81.77,94.82,-0.92,2,0
127.24,67.39,4.49,0.751,117.38,138.11,-2.82,1,0
123.15,68.87,3.16,0.738,108.68,135.62,-3.45,0,0
158.48,80.45,3.15,0.881,154.82,169.94,27.82,5,1
67.02,55.31,5.17,0.622,58.47,70.05,18.04,0,0
119.48,54.07,2.51,0.469,101.47,123.62,19.87,0,0
113.16,54.73,3.47,0.557,109.29,106.43,-5.44,0,0
149.81,69.5,1.98,0.804,125.51,158.26,-40.0,1,1
58.76,47.8,1.57,0.456,61.78,52.09,14.96,6,0
130.22,56.76,4.28,0.547,122.47,137.02,-23.97,4,1
108.19,58.24,1.91,0.626,103.79,108.61,-8.72,1,0
72.96,58.61,3.26,0.462,77.24,73.11,1.02,2,0
96.93,70.75,3.65,0.527,99.93,106.94,1.54,2,0
80.05,64.9,1.94,0.644,73.38,85.67,8.25,2,0
109.52,71.36,4.32,0.572,114.37,112.34,-14.19,3,1
146.68,73.59,2.39,0.531,163.88,141.7,19.88,0,1
108.32,64.28,3.61,0.428,92.73,124.34,-11.22,0,0
115.81,65.75,8.81,0.77,128.25,119.14,53.06,0,1
102.25,67.1,6.58,0.771,92.31,109.72,-33.59,0,1
46.14,47.82,3.09,0.494,58.12,46.95,8.29,6,0
67.94,50.9,2.0,0.43,55.99,61.01,5.09,2,0
99.04,65.65,3.42,0.753,93.09,102.59,-10.38,0,0
77.23,62.5,3.5,0.577,90.55,71.27,-3.67,0,0
61.81,58.81,1.34,0.603,70.53,66.19,28.2,8,1
100.5,62.64,1.72,0.688,94.1,67.84,11.94,2,0
78.74,55.4,2.49,0.468,77.62,74.73,-14.94,1,0
70.97,57.29,1.25,0.484,60.14,70.83,-32.11,0,0
95.68,61.56,5.09,0.441,73.4,86.13,-0.55,0,0
55.99,45.0,1.51,0.365,53.56,59.63,4.59,2,0
151.33,67.79,2.31,0.845,151.96,147.11,10.59,2,1
144.12,82.62,3.51,0.87,138.17,144.07,-5.34,0,1
124.91,68.42,4.76,0.745,143.46,119.4,24.73,0,1
52.75,47.05,4.55,0.424,38.29,62.46,21.58,0,0
133.11,62.47,1.73,0.514,133.11,138.56,27.55,2,1
136.95,63.04,3.84,0.514,148.19,139.93,-9.12,4,1
132.13,70.88,3.35,0.626,129.58,132.75,43.72,3,1
53.68,45.0,1.82,0.427,41.4,78.98,5.71,2,0
117.27,66.15,4.04,0.675,122.35,115.69,-23.14,3,1
140.12,66.81,2.19,0.503,143.65,133.15,9.64,0,0
109.28,70.76,3.18,0.804,123.88,97.55,11.43,0,1
117.57,65.15,2.29,0.578,139.59,126.62,8.91,0,1
95.0,66.97,1.97,0.704,91.6,111.32,-5.36,0,0
103.44,58.12,1.45,0.604,105.88,94.96,13.86,6,1
44.13,45.0,0.72,0.3,30.0,41.28,5.65,4,0
116.68,84.93,4.33,0.749,127.65,113.08,-5.07,0,0
49.77,49.69,0.95,0.513,50.24,48.53,-9.41,1,0
92.2,58.23,2.56,0.568,89.41,74.52,-11.75,0,0
75.12,60.29,2.75,0.511,65.93,83.19,-7.74,1,0
105.45,69.27,5.47,0.431,97.9,117.35,12.18,0,0
56.01,48.85,2.21,0.51,57.05,36.96,22.17,0,0
123.0,63.3,7.96,0.813,115.67,140.58,-7.52,3,1
135.4,56.2,1.22,0.524,130.19,151.58,17.17,5,1
59.6,60.7,3.27,0.364,55.09,30.0,5.69,0,1
52.52,47.07,0.66,0.598,34.01,30.78,-6.86,0,0
57.46,49.08,2.71,0.366,40.17,56.13,24.97,0,0
145.26,65.88,2.48,0.777,140.88,158.42,3.74,2,0
103.38,51.97,2.34,0.604,122.28,106.28,7.01,0,0
96.07,59.03,1.9,0.607,86.24,96.29,10.13,1,1
52.81,45.0,0.76,0.405,48.23,58.54,-24.44,3,0
117.95,58.2,3.22,0.554,104.54,109.87,-10.65,0,0
144.16,80.46,6.15,0.532,133.48,156.93,-0.63,0,1
139.38,75.28,2.62,0.796,126.01,138.35,6.26,4,1
115.13,73.38,6.0,0.724,125.65,98.8,9.6,2,1
49.03,57.01,1.45,0.495,31.03,41.08,-32.2,2,0
53.49,51.27,2.87,0.498,62.33,57.18,-11.51,0,0
45.92,45.0,5.31,0.315,45.84,43.02,-7.8,4,0
70.9,51.42,1.12,0.302,64.03,66.96,0.91,0,0
56.28,55.43,1.98,0.572,67.01,58.31,-17.98,0,0
71.21,50.45,1.44,0.49,106.25,74.79,42.88,1,0
86.21,56.87,1.95,0.461,89.16,73.9,7.11,4,0
153.16,64.04,3.74,0.58,139.32,165.39,-1.77,8,1
113.25,58.41,2.93,0.445,128.01,111.93,4.27,1,0
140.2,66.19,6.97,0.64,143.23,144.39,-24.46,5,1
125.24,60.84,1.76,0.778,154.13,126.22,16.08,1,0
53.5,45.0,1.68,0.608,47.59,49.4,10.51,0,0
128.31,64.76,2.58,0.824,148.17,137.43,7.17,0,1
73.01,71.76,5.87,0.667,74.35,73.82,19.91,0,0
116.69,66.67,1.82,0.793,152.44,117.43,16.75,2,1
80.92,62.41,8.33,0.534,76.21,56.03,10.18,0,0
159.72,56.76,2.19,0.647,196.68,167.92,16.49,0,0
71.63,50.54,2.31,0.614,77.19,69.92,9.61,1,0
73.5,45.0,1.17,0.386,79.38,81.04,18.57,0,0
151.68,68.88,4.8,0.642,172.92,168.13,-8.83,1,1
42.96,62.45,2.79,0.302,30.0,51.19,5.17,0,0
123.6,69.68,3.61,0.657,136.37,124.14,25.36,2,1
127.04,77.17,4.0,0.59,123.32,124.17,37.57,4,1
140.37,64.84,2.37,0.563,141.43,165.62,1.82,3,0
156.93,82.9,2.89,0.732,160.57,161.77,-35.97,0,1
157.07,92.09,5.8,0.901,169.96,159.17,-25.61,1,1
47.83,49.2,1.27,0.452,51.23,46.0,-14.27,0,0
138.62,69.7,4.82,0.847,136.66,129.66,22.1,0,1
117.56,52.68,2.37,0.511,117.28,98.05,39.4,1,1
117.68,59.48,2.02,0.5,87.67,132.89,-22.32,1,0
55.4,52.29,2.29,0.476,64.81,47.61,5.66,0,0
118.02,78.91,4.09,0.619,138.74,116.12,-36.1,0,1
157.9,66.56,3.63,0.818,164.54,156.84,15.05,0,1
149.42,75.48,4.92,0.846,135.07,163.75,-4.76,0,1
92.7,49.17,1.01,0.659,102.78,85.03,0.54,0,0
44.79,50.01,5.13,0.591,35.45,47.37,-22.01,3,0
83.48,58.44,2.1,0.49,83.46,88.6,-6.35,0,0
139.17,70.46,4.98,0.58,146.99,125.32,-20.3,0,0
124.18,71.07,2.44,0.673,132.2,109.4,-11.49,0,0
95.12,58.79,1.37,0.41,104.28,87.97,-18.29,2,0
46.61,50.94,2.13,0.335,43.08,49.05,-20.07,1,0
91.23,56.43,1.77,0.437,90.04,92.39,-21.38,0,0
96.28,51.79,7.15,0.527,103.67,95.09,14.08,1,0
151.43,55.72,1.31,0.579,150.15,157.95,-21.34,2,0
116.93,56.3,1.25,0.444,105.55,108.36,-6.63,0,0
77.4,56.54,1.26,0.575,82.32,75.69,-17.19,1,0
103.04,71.56,2.46,0.633,90.16,101.9,-25.39,0,1
47.93,50.66,2.14,0.507,45.1,39.63,-21.07,4,1
156.71,73.99,3.3,0.814,144.46,179.73,11.47,0,1
83.21,56.06,1.81,0.375,72.06,61.6,-8.86,0,0
97.34,56.42,1.32,0.488,88.95,109.75,-17.64,1,0
82.63,59.06,1.74,0.38,66.42,90.63,-26.18,1,0
121.9,83.21,3.1,0.783,138.77,129.98,-15.77,0,0
119.47,83.18,4.84,0.737,134.43,120.43,-5.45,4,1
125.84,64.51,3.94,0.538,140.37,139.17,-18.59,0,1
72.18,55.51,3.38,0.433,66.58,67.69,-10.62,8,1
77.88,71.74,7.32,0.7,74.68,81.8,-14.34,2,0
55.03,50.77,4.08,0.483,62.33,55.76,-10.38,4,1
118.66,72.96,3.21,0.756,123.33,116.34,24.62,0,1
44.78,45.0,1.3,0.32,40.66,45.99,-6.45,0,0
111.72,58.56,5.03,0.499,79.18,102.23,-19.55,0,0
144.36,81.91,4.13,0.827,157.97,137.72,29.88,0,1
146.9,68.38,2.43,0.795,158.29,162.7,-18.76,0,0
93.88,60.54,2.68,0.634,94.5,122.7,-8.46,0,1
95.12,49.41,8.04,0.586,104.63,100.32,-23.13,0,0
49.24,64.25,4.5,0.453,53.52,57.57,3.41,0,0
120.49,76.81,2.9,0.736,114.85,123.01,8.11,5,1
138.55,68.69,6.51,0.604,135.99,143.1,-40.0,1,1
69.36,56.19,7.15,0.429,53.85,74.8,7.72,0,0
90.56,65.36,2.12,0.7,110.11,100.91,15.38,2,0
140.66,77.93,5.86,0.626,152.9,156.03,6.78,1,1
145.25,68.01,5.1,0.734,138.17,136.41,-25.89,0,1
69.18,61.22,1.53,0.569,75.98,97.46,17.29,0,0
106.07,74.91,3.96,0.798,113.38,107.45,33.95,4,1
63.1,60.56,1.98,0.443,51.74,64.49,-13.02,1,0
52.23,45.0,2.18,0.408,49.88,48.1,-6.89,1,0
149.33,71.33,5.75,0.865,164.94,145.24,8.21,1,1
138.46,65.57,2.77,0.818,154.09,144.62,0.63,2,0
131.2,71.38,2.89,0.766,162.51,137.58,12.45,0,1
45.85,45.0,4.32,0.403,43.04,51.5,17.11,0,0
141.25,54.2,6.53,0.633,139.06,136.7,-2.29,0,0
92.57,75.61,2.43,0.601,99.33,65.55,8.61,0,0
81.09,64.83,5.53,0.674,80.37,63.13,36.24,1,1
105.58,66.94,1.95,0.75,101.56,105.71,24.35,0,0
50.96,49.19,1.37,0.3,33.85,54.32,-27.39,2,0
130.8,68.24,4.05,0.644,90.54,126.6,11.27,7,1
109.89,69.85,4.24,0.596,118.62,102.96,29.15,3,1
62.39,52.89,2.91,0.658,43.9,65.36,17.65,1,0
62.59,55.67,1.2,0.539,50.81,61.51,-17.15,0,0
62.11,53.14,1.2,0.429,62.2,57.34,3.85,1,0
46.84,45.0,4.63,0.3,36.98,30.69,-11.98,0,0
110.54,72.96,2.31,0.638,137.08,102.1,15.45,7,1
140.84,63.03,1.7,0.541,121.55,150.17,21.89,7,1
42.1,58.44,4.01,0.54,67.77,32.47,15.35,4,1
45.88,52.15,2.47,0.519,60.82,52.52,-23.49,2,0
108.73,74.0,2.89,0.59,119.45,122.6,-1.36,1,0
138.34,61.63,1.77,0.667,156.95,130.43,-2.48,2,0
79.21,52.7,4.2,0.677,85.6,74.76,35.41,0,1
81.95,48.48,7.41,0.441,58.34,91.83,-26.44,3,1
111.56,62.02,1.6,0.514,116.03,123.89,-5.1,0,0
72.91,70.09,3.22,0.674,56.63,66.46,-14.85,3,0
43.19,62.46,2.0,0.533,35.52,30.0,24.96,3,0
128.23,54.39,3.74,0.793,131.15,140.78,18.75,0,0
115.08,63.09,2.22,0.503,102.21,120.92,3.79,1,0
109.69,45.0,2.38,0.466,118.37,113.7,8.53,4,0
129.0,68.35,3.06,0.477,123.99,138.16,1.36,5,1
121.03,70.93,3.23,0.538,124.7,109.18,3.21,3,1
64.71,55.52,4.06,0.584,64.27,68.62,36.78,5,1
82.3,55.01,2.05,0.423,80.27,79.45,-23.82,5,1
55.13,53.71,3.82,0.537,43.23,61.16,-40.0,6,1
55.58,45.0,1.18,0.348,36.44,63.57,-1.59,0,0
121.14,67.73,2.15,0.602,119.33,130.91,24.34,0,1
143.03,73.89,3.15,0.902,137.49,149.02,0.57,1,0
155.53,77.45,3.48,0.645,173.14,158.03,-26.84,0,1
115.4,62.43,2.52,0.577,98.42,118.24,4.93,1,0
62.09,45.0,2.98,0.387,85.87,65.76,-7.28,1,0
52.68,45.0,1.75,0.3,50.3,46.43,-24.29,3,0
137.54,56.3,4.47,0.689,140.15,133.84,-16.3,0,0
109.45,71.1,3.15,0.56,102.16,113.47,-32.6,1,1
114.19,62.94,1.96,0.701,124.09,120.7,8.61,4,1
133.78,74.15,2.46,0.808,135.49,127.27,-10.8,1,1
124.39,79.41,5.61,0.671,129.42,113.63,-21.44,1,1
140.13,61.41,1.57,0.513,148.5,123.38,47.02,2,1
46.75,45.81,0.74,0.468,52.13,34.13,-6.87,0,0
129.7,62.31,1.64,0.491,142.41,124.31,7.28,0,0
142.1,71.84,2.94,0.753,151.61,137.64,32.73,2,1
74.34,70.29,3.16,0.577,62.46,71.51,6.26,0,0
116.85,72.73,2.19,0.51,90.09,104.8,20.97,0,0
77.7,63.52,2.7,0.641,81.05,59.57,-10.86,5,1
154.96,87.62,3.81,0.909,163.85,156.22,23.3,0,1
44.01,50.29,3.05,0.537,65.87,45.28,19.76,5,1
109.58,63.3,4.26,0.531,106.8,115.79,16.52,0,0
59.98,50.75,2.58,0.495,62.37,68.13,16.39,0,0
125.47,61.85,2.47,0.822,139.24,129.39,-7.01,2,1
61.11,58.88,1.7,0.392,63.1,62.25,51.82,0,1
68.25,60.78,4.26,0.613,78.63,77.01,-35.5,0,0
99.32,56.07,1.79,0.382,85.14,113.57,-22.65,3,0
149.78,67.22,2.49,0.531,136.68,143.01,5.71,2,0
65.41,45.27,4.23,0.58,61.64,73.11,3.35,0,0
57.31,47.17,6.2,0.557,30.35,51.07,-11.07,0,0
131.08,73.24,5.62,0.789,134.38,133.27,14.53,1,1
100.07,61.61,11.01,0.752,95.2,110.77,-17.61,2,1
149.41,66.77,4.85,0.575,152.79,146.68,16.81,0,1
57.59,48.05,2.51,0.346,49.32,48.07,-6.46,1,0
117.51,64.2,2.17,0.794,109.21,112.92,21.06,0,1
67.95,45.0,5.09,0.355,78.77,58.42,-0.07,0,0
58.81,45.0,3.64,0.529,58.39,48.07,8.21,0,0
122.01,65.23,2.13,0.658,133.53,134.08,17.23,0,0
111.24,63.69,2.63,0.447,110.38,116.57,15.86,0,0
130.58,54.23,1.16,0.586,135.86,123.38,3.32,2,0
77.14,55.89,5.75,0.52,59.19,67.29,-14.13,0,0
93.76,65.09,2.98,0.702,111.14,84.6,-5.26,2,0
88.66,53.6,1.44,0.629,99.78,81.46,14.31,1,0
158.09,85.24,3.43,0.803,161.93,169.62,-32.23,3,1
75.07,52.65,6.88,0.504,76.6,73.97,6.32,0,0
75.38,52.74,2.4,0.426,83.92,96.69,11.17,8,0
82.55,52.14,1.75,0.375,73.59,82.15,29.25,0,0
107.75,49.44,1.81,0.567,88.09,101.99,-21.72,1,0
70.28,56.66,1.36,0.302,60.08,79.56,-1.72,1,0
149.83,62.63,1.68,0.614,151.94,133.13,3.92,1,0
71.88,52.34,2.29,0.469,68.87,73.77,-21.42,3,0
147.5,75.06,3.38,0.69,165.11,135.38,8.71,0,1
52.42,57.09,1.89,0.3,34.9,30.6,-32.91,1,0
118.79,58.56,2.57,0.672,110.23,117.61,13.05,1,0
148.84,69.36,2.07,0.746,139.07,157.19,5.75,0,1
60.25,57.71,5.59,0.3,59.39,62.39,7.34,0,0
156.2,81.32,3.2,0.926,144.4,157.14,-17.36,0,0
94.35,60.42,1.54,0.403,99.33,68.36,28.03,1,0
153.49,69.22,2.23,0.882,147.94,151.94,-22.3,0,1
121.22,58.12,1.44,0.444,108.82,119.77,-5.3,3,0
76.19,58.29,1.59,0.661,98.66,82.4,-9.81,1,0
62.6,45.0,1.31,0.3,71.39,52.01,1.1,1,0
76.45,46.56,2.6,0.612,78.13,84.74,23.72,0,0
51.16,45.05,0.98,0.378,30.99,46.07,-1.58,0,0
57.26,63.25,2.45,0.547,80.38,54.27,-5.02,0,0
52.56,49.76,4.75,0.398,46.17,57.84,-12.59,2,0
90.75,64.25,2.18,0.381,89.34,78.86,-7.54,1,0
135.47,72.91,4.55,0.793,150.28,143.71,-7.61,0,0
56.97,45.0,0.76,0.3,30.0,43.42,-8.58,3,0
55.64,64.18,1.95,0.616,48.27,62.19,35.63,0,0
117.21,61.87,2.43,0.452,113.44,114.86,-11.96,0,0
63.66,59.35,1.76,0.463,62.48,62.12,34.15,2,1
51.71,45.0,4.0,0.524,34.56,30.0,-8.64,0,0
60.02,58.21,1.37,0.417,60.29,54.11,5.93,0,0
150.85,77.1,3.79,0.619,151.64,148.75,5.09,1,1
138.58,74.3,3.65,0.799,162.57,154.06,-18.54,4,1
82.49,54.25,1.16,0.641,95.31,82.13,14.6,0,0
118.7,69.11,3.93,0.805,119.57,112.17,-40.0,0,1
104.47,65.05,2.65,0.544,101.0,112.81,2.03,6,0
121.25,67.49,3.78,0.646,134.35,116.2,9.48,1,0
121.92,68.77,4.56,0.591,125.14,132.24,-26.02,0,1
115.45,69.13,2.53,0.529,97.58,118.06,-7.77,0,0
71.93,52.66,1.95,0.596,96.98,62.94,7.25,1,0
44.68,45.0,0.95,0.35,30.0,54.06,-10.11,0,0
94.67,58.82,1.67,0.535,123.12,100.68,11.64,2,0
146.92,68.28,1.9,0.682,153.7,155.87,-7.21,1,1
108.34,70.5,7.0,0.69,102.52,106.52,-1.55,2,0
139.89,66.63,2.67,0.867,116.82,145.9,4.05,0,0
158.99,83.08,2.8,0.824,172.79,178.2,2.6,0,0
59.63,61.11,1.48,0.448,37.98,61.35,-11.73,4,0
123.01,68.97,2.45,0.761,130.52,119.03,15.44,0,0
120.92,67.54,1.87,0.699,146.1,136.35,53.45,0,1
157.59,64.19,2.36,0.577,143.48,164.27,-10.53,7,1
158.27,66.27,1.87,0.593,166.99,153.77,-26.28,0,1
122.4,58.56,1.37,0.462,109.91,139.75,-22.39,4,0
69.23,63.75,3.28,0.47,80.24,57.2,16.35,3,0
135.83,71.82,5.67,0.818,140.97,141.12,29.8,1,1
52.84,45.0,1.29,0.364,47.89,64.31,-19.5,2,0
133.68,69.21,4.67,0.635,148.87,144.4,6.81,0,0
149.22,81.95,2.76,0.891,162.56,140.22,7.01,2,1
85.94,61.03,3.72,0.673,77.74,73.53,-17.94,2,0
115.68,76.46,2.49,0.693,138.98,117.97,39.29,0,0
91.62,62.22,4.27,0.462,70.42,98.66,10.35,1,0
92.53,48.15,3.9,0.404,91.93,81.75,5.89,5,0
77.24,47.18,2.94,0.318,61.73,80.26,-15.31,5,1
131.46,65.73,4.32,0.517,111.95,116.88,7.46,7,1
152.34,59.04,2.58,0.654,139.81,162.95,2.99,1,0
152.89,75.77,2.81,0.759,155.49,147.18,-6.57,0,1
60.97,45.0,2.05,0.3,59.17,59.33,16.58,0,0
144.97,74.64,3.15,0.569,157.06,153.61,12.69,2,1
128.49,70.57,2.04,0.538,144.96,136.2,-21.66,0,0
70.34,59.18,2.32,0.544,72.55,75.08,-16.76,3,1
48.07,45.74,2.12,0.471,40.17,58.37,-27.88,3,0
72.16,56.44,1.21,0.517,82.96,76.25,23.96,2,1
149.46,66.04,3.22,0.629,142.66,163.94,-16.04,0,1
115.98,56.09,2.75,0.576,96.36,98.87,1.48,2,0
126.53,60.56,1.69,0.498,135.76,125.93,43.71,0,1
70.86,56.6,2.04,0.383,82.41,69.84,20.07,0,0
126.33,71.21,7.07,0.818,120.83,124.14,-10.29,2,1
43.37,63.21,4.83,0.602,66.94,48.35,-1.6,2,0
85.04,64.47,2.46,0.594,91.92,87.18,-2.07,0,0
115.21,73.2,2.84,0.792,124.27,123.46,-13.97,6,1
57.53,45.0,0.7,0.51,49.53,45.69,-24.6,0,0
138.76,63.06,1.64,0.51,149.16,161.68,-9.29,2,0
68.2,51.36,1.41,0.683,51.58,64.29,1.27,3,0
118.27,59.82,5.62,0.474,111.68,121.14,-12.67,1,0
88.62,55.41,5.9,0.619,80.2,86.56,-8.26,0,0
111.53,58.48,3.82,0.516,94.13,112.34,-0.25,0,0
52.89,56.75,1.85,0.395,59.16,47.54,16.22,0,0
42.03,52.74,1.2,0.464,43.41,44.09,-34.04,0,0
149.15,78.47,3.87,0.702,160.84,154.95,-25.17,1,1
72.36,45.0,2.06,0.397,64.96,48.34,-10.65,1,0
138.36,68.38,2.73,0.629,150.76,135.08,-13.87,3,0
159.92,79.66,4.34,0.696,162.78,156.26,16.81,0,1
65.37,68.35,3.96,0.66,60.9,88.58,-10.58,2,0
71.82,46.81,2.9,0.615,64.45,80.42,28.67,2,0
119.54,62.52,2.6,0.622,96.19,134.54,-20.46,1,0
155.85,77.8,4.82,0.627,170.38,161.43,12.82,0,1
149.9,73.99,2.28,0.854,167.59,150.72,-3.16,0,1
100.35,51.28,2.59,0.444,132.35,103.99,24.78,2,1
135.41,55.22,1.52,0.57,130.81,146.64,6.87,0,0
56.29,45.0,0.97,0.395,44.19,73.79,9.93,0,0
157.29,65.87,1.9,0.904,142.96,160.31,-9.59,6,1
155.72,70.26,2.34,0.6,167.24,149.49,28.62,8,1
59.65,54.42,8.31,0.308,62.56,68.89,6.85,0,0
75.93,46.7,1.41,0.505,92.66,67.4,-3.21,2,0
52.02,49.77,4.73,0.347,35.95,55.92,-19.48,1,0
72.61,61.44,1.75,0.525,79.71,79.42,16.67,1,0
137.91,69.03,2.28,0.674,133.14,136.83,20.37,0,1
85.4,45.79,1.77,0.51,99.73,76.35,-13.03,1,0
50.61,49.29,1.4,0.3,51.04,46.06,13.73,1,0
81.07,52.77,2.51,0.38,57.99,77.9,-38.29,0,0
157.77,76.11,3.19,0.882,161.83,147.23,-9.08,3,1
115.56,64.53,4.18,0.781,95.81,111.7,-1.06,0,0
89.94,56.69,2.05,0.444,72.85,75.42,-23.8,1,0
59.98,51.7,2.18,0.305,40.86,65.9,16.82,3,0
158.34,86.4,3.56,0.576,150.18,161.67,6.87,6,1
138.5,71.53,3.92,0.739,138.13,141.16,-21.46,1,1
73.78,67.83,3.47,0.587,75.5,69.92,12.66,1,0
48.41,50.62,1.6,0.374,45.27,45.89,-25.34,3,0
46.8,50.13,1.29,0.492,44.35,38.51,-1.15,0,0
54.45,53.92,2.46,0.529,57.0,59.5,17.07,1,0
109.69,58.98,5.64,0.783,98.36,96.11,7.1,0,0
151.45,70.37,2.24,0.56,151.54,152.29,-1.51,2,0
99.61,45.0,2.91,0.456,113.94,93.27,0.97,2,0
141.15,59.91,2.57,0.531,137.78,158.73,-22.53,0,0
93.51,63.99,2.76,0.708,101.6,98.77,7.33,3,0
125.03,77.92,7.37,0.772,133.29,125.03,18.61,0,1
127.82,78.02,3.88,0.693,140.04,116.76,43.27,0,1
60.88,46.48,3.25,0.3,58.32,47.24,-9.49,3,0
83.35,56.08,2.25,0.439,90.28,88.3,18.71,0,0
116.48,69.57,2.41,0.549,121.53,134.46,16.29,2,0
48.48,45.0,2.28,0.45,53.37,52.57,-6.14,0,0
83.38,57.68,5.11,0.433,85.36,85.14,13.96,0,0
104.18,51.87,3.67,0.422,88.53,106.07,-22.52,1,0
159.55,75.5,2.66,0.851,150.52,160.58,0.11,0,0
96.94,55.09,1.68,0.49,90.51,98.98,-7.02,1,0
137.93,72.1,3.22,0.675,158.04,131.08,18.04,4,1
91.85,59.29,2.63,0.407,85.92,82.11,6.45,3,0
135.57,78.27,2.82,0.808,143.44,136.66,-5.58,3,1
111.45,66.67,2.19,0.641,88.65,126.38,-11.57,0,0
146.39,76.66,4.53,0.88,154.31,154.16,1.65,2,1
89.31,71.53,4.06,0.546,89.27,76.98,-19.63,2,0
112.52,57.56,4.0,0.794,84.32,109.96,-20.75,4,1
115.6,80.3,6.67,0.784,122.76,122.89,-6.84,0,1
90.09,57.51,1.8,0.581,69.89,105.25,-30.39,2,0
57.32,59.73,4.33,0.626,49.12,75.23,-18.57,0,0
51.23,45.98,2.2,0.363,58.42,49.12,-1.05,0,0
42.0,45.0,5.25,0.352,38.94,50.24,-0.54,1,0
144.82,69.93,2.47,0.533,138.1,147.32,-25.75,2,1
68.38,62.07,2.0,0.521,60.38,67.18,17.61,0,0
65.38,58.74,3.15,0.565,59.66,66.0,8.18,0,0
128.32,66.31,5.73,0.774,133.74,129.07,1.18,0,1
78.4,77.92,5.09,0.375,59.5,90.15,-31.39,0,0
100.73,68.99,3.89,0.56,113.42,86.68,2.52,0,0
59.5,55.19,1.85,0.329,40.32,64.18,-14.51,4,0
155.17,72.56,4.05,0.81,138.65,170.56,-27.71,2,1
142.19,62.7,3.98,0.57,153.48,156.51,-15.27,0,1
143.65,72.91,4.27,0.873,143.86,149.34,13.9,0,1
88.81,63.36,3.3,0.439,86.43,81.24,-7.02,4,1
131.48,59.06,1.42,0.591,139.16,139.25,19.78,4,1
57.27,47.42,2.26,0.592,48.48,70.51,-4.63,1,0
41.03,51.09,1.84,0.386,38.41,35.88,12.22,0,0
42.4,47.59,5.54,0.3,44.18,45.97,13.82,2,0
110.39,57.89,2.68,0.609,130.29,108.34,18.35,2,0
94.65,48.0,2.09,0.398,84.47,88.51,16.2,1,0
102.16,76.41,10.07,0.781,100.22,99.01,0.83,2,0
40.9,51.08,1.01,0.438,44.41,42.18,-25.15,0,0
90.72,46.93,1.1,0.455,90.32,81.54,-24.23,5,0
126.17,58.47,2.91,0.684,126.2,115.35,-11.73,6,1
93.12,52.69,1.53,0.39,108.04,84.23,20.81,0,0
127.87,75.4,2.96,0.784,111.35,131.15,-15.46,5,1
67.96,62.21,4.88,0.654,51.98,53.3,-4.29,2,0
137.58,81.12,3.97,0.843,122.38,115.41,2.04,5,1
110.61,51.37,1.05,0.549,124.0,124.34,9.65,4,0
65.29,53.02,1.54,0.406,67.59,55.16,-40.0,0,0
68.41,59.24,1.47,0.3,45.96,66.47,-32.59,0,0
115.36,75.3,3.54,0.687,115.62,124.59,31.91,0,0
139.59,72.77,2.45,0.713,141.52,125.21,6.83,0,0
89.88,74.75,5.2,0.533,62.03,75.48,-40.0,0,0
71.0,62.82,2.86,0.656,74.38,64.67,2.95,0,0
144.04,74.89,2.39,0.579,129.5,153.65,25.17,0,1
120.31,60.98,2.0,0.445,125.69,120.1,7.62,0,0
93.77,49.86,2.23,0.391,75.82,93.69,-8.18,0,0
98.55,51.78,1.52,0.465,98.48,95.59,-32.95,0,0
64.51,49.95,1.88,0.3,74.05,70.13,-0.11,0,0
115.22,62.97,5.18,0.627,127.45,129.53,-23.46,4,1
83.05,45.0,1.15,0.455,86.23,112.89,-20.41,4,0
159.48,64.01,2.25,0.631,159.11,158.0,-26.3,0,1
97.62,60.74,4.01,0.673,81.08,112.88,23.04,2,1
98.31,62.75,2.14,0.457,90.17,108.3,9.04,3,1
107.9,64.54,1.79,0.679,106.77,110.57,24.65,1,0
150.01,70.24,2.31,0.67,147.83,127.91,-24.91,2,1
136.1,62.33,6.0,0.693,119.56,132.32,-4.84,6,1
94.14,64.18,5.71,0.736,102.07,90.75,-14.18,0,0
126.24,71.51,2.47,0.474,109.55,129.83,-24.57,0,0
110.35,64.42,2.87,0.611,129.12,108.37,17.84,1,0
99.08,53.79,1.25,0.719,103.24,93.45,5.3,1,0
63.08,45.0,2.18,0.504,72.92,83.38,10.07,0,0
95.67,61.92,1.82,0.478,104.73,108.75,-18.08,4,0
69.5,51.54,0.97,0.448,91.38,49.27,13.24,3,0
149.78,73.48,4.82,0.801,155.99,146.97,9.36,0,0
80.25,56.17,1.76,0.677,77.11,86.56,-13.72,2,0
154.27,72.15,2.3,0.559,149.01,167.58,-7.53,3,1
103.97,55.5,3.82,0.421,118.33,99.77,-22.43,0,1
115.79,61.5,3.65,0.557,99.09,113.63,-40.0,0,1
105.15,53.53,2.74,0.489,92.39,106.1,29.77,3,1
55.53,55.09,4.74,0.353,53.42,62.14,2.63,0,0
85.1,53.31,2.01,0.424,79.74,69.74,-9.14,1,0
51.9,51.39,1.09,0.314,57.79,31.74,17.31,0,0
114.75,52.27,1.03,0.477,96.22,127.3,-24.93,4,0
93.62,76.04,2.94,0.734,95.51,83.72,2.93,0,0
133.36,73.89,2.37,0.538,129.87,154.58,18.17,0,1
66.46,45.0,1.65,0.361,48.81,57.82,-28.66,2,0
59.75,45.0,0.52,0.358,65.45,57.9,-6.01,0,0
88.76,66.14,2.65,0.719,90.05,92.45,-24.21,0,0
151.19,65.84,2.05,0.836,154.3,129.87,16.59,0,0
125.25,68.66,2.61,0.772,118.79,153.89,0.46,1,0
90.27,57.84,2.96,0.393,81.69,86.32,16.8,0,0
102.07,63.54,2.26,0.721,92.23,93.69,10.25,0,0
50.11,52.63,1.58,0.394,56.34,38.44,-1.59,3,0
158.15,66.86,8.84,0.66,171.73,161.77,14.19,0,1
119.97,50.54,2.74,0.67,141.53,122.88,18.37,3,1
74.25,65.3,2.8,0.632,80.09,62.92,16.12,2,1
110.3,72.93,3.48,0.722,108.67,96.58,25.58,3,1
53.14,71.88,3.56,0.595,47.42,63.69,-22.49,0,0
155.9,62.41,1.58,0.919,168.17,149.34,-27.64,1,1
60.97,54.86,1.22,0.358,58.55,43.76,-20.14,2,0
117.76,50.45,2.4,0.603,115.73,116.28,7.49,0,0
69.45,61.71,2.18,0.3,60.31,65.44,2.88,2,0
126.11,74.08,2.33,0.81,144.36,145.61,-1.11,0,0
133.22,58.36,1.83,0.541,126.87,128.0,-8.07,0,0
120.81,74.76,2.49,0.787,140.71,117.73,-5.07,3,1
113.74,58.51,5.03,0.553,114.99,115.93,-1.31,1,0
147.1,72.38,2.48,0.669,144.05,141.39,-14.01,1,1
49.44,47.86,0.9,0.3,34.01,53.84,21.75,0,0
79.71,66.91,3.29,0.45,74.85,69.54,21.38,2,0
69.79,70.79,3.15,0.645,76.73,67.4,16.5,0,0
158.56,65.25,3.0,0.566,153.36,162.63,-2.04,6,1
86.73,64.48,2.53,0.503,94.99,98.1,24.63,0,0
127.91,65.08,2.65,0.476,120.32,122.05,-2.02,3,0
122.17,54.81,3.35,0.595,120.57,116.19,2.1,4,0
65.45,45.08,0.88,0.345,44.92,80.86,-40.0,0,0
68.68,67.83,2.63,0.387,71.13,63.16,5.92,0,0
73.75,61.38,6.23,0.652,71.59,73.19,-24.32,3,1
89.34,64.96,2.01,0.522,106.73,106.46,1.45,2,0
68.12,50.08,1.33,0.394,72.45,68.79,5.21,0,0
42.36,45.14,0.83,0.443,40.23,39.88,-17.24,3,0
145.53,67.86,1.9,0.573,159.7,143.8,15.7,3,1
155.87,69.3,2.43,0.651,161.76,148.47,21.88,1,1
80.99,46.73,0.68,0.541,91.92,85.5,-10.44,5,1
80.62,46.99,0.87,0.417,66.61,71.38,-4.89,1,0
40.85,54.44,1.74,0.474,43.87,48.64,-20.93,1,0
121.63,63.12,1.62,0.641,128.49,121.78,-17.57,0,0
139.05,72.69,4.26,0.806,124.63,141.41,-1.63,5,0
57.59,57.59,3.64,0.632,76.31,74.89,22.2,0,0
59.16,50.16,1.6,0.304,39.31,44.67,-37.09,0,0
134.81,75.2,8.58,0.618,119.59,135.05,29.27,2,1
113.95,54.64,2.78,0.55,78.76,120.34,-26.54,0,0
45.38,49.8,2.83,0.3,45.07,39.22,3.58,1,0
114.71,72.7,2.48,0.748,97.95,124.22,-17.99,0,0
77.07,65.34,4.45,0.615,71.17,71.62,-8.07,0,0
84.25,47.41,5.0,0.527,92.83,87.16,31.62,1,0
132.37,70.44,2.43,0.692,136.52,131.13,29.17,1,1
137.31,77.0,4.16,0.516,128.14,138.93,-34.29,2,1
88.04,58.17,3.35,0.566,68.28,88.78,-20.03,1,0
153.66,79.37,3.11,0.858,157.52,153.34,55.04,1,1
88.78,64.68,2.65,0.576,98.56,84.04,-2.9,1,0
132.62,58.81,1.48,0.584,140.71,125.97,11.65,0,0
98.07,75.08,2.59,0.641,120.33,101.23,31.59,0,1
147.7,73.84,2.33,0.668,141.22,148.23,12.11,3,1
148.93,76.09,3.6,0.745,136.02,142.01,-40.0,2,1
50.49,45.0,1.97,0.426,50.74,53.92,6.14,0,0
152.38,77.16,6.15,0.69,156.71,147.75,33.65,0,1
139.06,75.52,3.5,0.785,142.7,154.62,2.35,3,0
134.96,84.07,3.3,0.838,130.77,159.85,-20.84,5,1
64.11,46.44,0.68,0.3,30.0,78.0,-35.45,2,0
136.61,66.66,5.04,0.863,129.8,149.95,-6.99,1,1
142.02,65.79,2.73,0.711,150.91,150.16,16.6,3,1
74.7,53.78,3.03,0.584,77.79,72.6,53.56,1,1
154.27,68.94,1.96,0.885,171.56,135.28,3.43,2,0
45.98,57.55,2.26,0.405,46.22,35.73,10.23,3,0
57.99,64.19,2.24,0.588,66.58,51.22,-23.51,0,0
104.51,57.42,1.29,0.465,110.98,116.59,-27.1,2,0
109.1,56.89,3.46,0.471,106.76,111.66,-10.11,0,0
117.42,53.79,2.11,0.695,119.65,110.82,9.14,0,0
42.04,56.53,1.8,0.554,30.0,30.0,-7.57,3,0
155.24,88.93,5.59,0.903,153.42,178.43,0.05,1,1
45.35,45.68,1.43,0.474,35.46,50.68,-9.89,0,0
57.17,50.8,0.85,0.462,53.1,66.25,-2.54,1,0
41.68,49.23,5.09,0.338,30.0,36.33,-11.13,6,1
108.02,79.68,3.02,0.796,123.2,106.64,-16.71,4,1
151.87,72.27,4.8,0.663,142.56,148.43,-31.5,1,1
119.91,69.29,4.5,0.737,135.89,120.56,32.46,1,1
138.72,71.29,2.34,0.709,129.36,157.18,-19.5,1,1
41.59,45.0,1.46,0.448,31.31,30.0,-9.47,2,0
105.04,50.94,0.92,0.553,95.93,104.63,16.87,3,0
95.15,58.9,1.99,0.751,92.22,98.76,-6.32,0,0
99.88,68.78,3.9,0.608,114.19,98.71,22.95,1,0
48.67,51.48,1.29,0.601,44.76,58.62,-17.94,0,0
122.13,57.35,1.43,0.449,115.5,104.78,24.68,1,0
100.39,57.98,2.34,0.61,91.69,119.22,-0.26,0,0
131.82,69.37,3.12,0.762,131.95,118.11,-0.42,3,1
98.23,74.97,3.99,0.673,102.29,86.93,-0.94,2,1
57.93,54.52,3.21,0.616,55.66,53.43,12.64,3,0
117.79,54.54,2.86,0.435,112.69,111.31,1.7,5,1
60.69,48.28,3.5,0.3,66.88,64.93,-40.0,5,1
144.69,83.06,3.16,0.703,150.03,147.77,-5.39,0,1
113.57,55.83,2.41,0.432,96.41,114.71,-2.79,0,0
58.86,48.22,1.36,0.646,58.77,44.69,-17.48,1,0
155.48,67.2,6.74,0.635,149.73,154.09,-11.95,2,1
102.2,62.12,2.4,0.576,107.97,102.4,-4.1,0,0
48.75,51.13,5.69,0.3,43.98,61.07,26.33,4,0
115.22,71.69,4.3,0.634,129.47,117.21,17.89,0,0
70.38,45.82,2.45,0.443,58.37,74.21,-0.09,1,0
136.44,57.99,2.29,0.507,132.28,156.07,-23.07,7,1
138.14,65.67,2.62,0.628,125.94,126.54,-18.42,4,1
157.47,77.64,3.58,0.709,159.15,153.59,16.14,0,1
100.22,57.13,1.75,0.777,85.32,88.87,4.43,1,0
94.59,52.61,4.48,0.447,95.39,110.66,-25.17,2,1
130.42,64.14,4.02,0.689,131.53,147.17,25.75,2,1
55.9,62.54,3.98,0.643,58.61,71.18,-14.13,2,0
105.63,68.88,2.78,0.714,117.36,111.1,12.32,0,0
105.55,73.51,2.32,0.794,112.13,109.35,52.49,0,1
50.74,63.97,3.36,0.62,35.81,46.16,-15.0,0,0
90.16,56.54,1.9,0.546,82.41,97.85,-0.86,0,0
142.39,64.19,4.72,0.786,145.15,129.58,-8.68,0,1
142.74,58.45,3.58,0.552,137.85,129.89,0.71,3,0
51.91,45.0,0.74,0.412,45.68,47.71,22.54,0,0
50.89,49.83,2.17,0.556,69.47,69.76,5.79,2,0
71.52,51.96,2.68,0.497,70.66,66.39,-5.73,5,0
144.97,78.66,3.78,0.796,153.48,141.19,24.12,0,1
55.47,53.56,2.1,0.545,30.26,58.35,-35.34,1,1
126.4,61.04,1.85,0.561,134.56,135.39,5.58,0,0
52.14,53.18,1.39,0.587,86.1,64.66,3.88,0,0
114.78,56.65,3.39,0.608,131.09,103.57,3.87,1,0
82.73,61.39,1.51,0.412,73.69,81.76,-20.49,0,0
134.67,66.95,4.08,0.83,166.65,136.91,-9.73,1,0
68.04,45.01,1.62,0.451,65.4,71.29,-40.0,0,0
116.7,72.99,6.31,0.73,122.99,125.36,-5.01,8,1
68.28,58.36,10.19,0.504,63.15,76.48,1.54,0,0
125.64,53.52,2.64,0.61,122.31,125.89,12.98,0,0
144.84,80.17,3.41,0.838,122.63,156.37,-35.14,1,1
55.22,46.58,1.56,0.479,62.25,64.9,6.26,0,0
143.99,67.18,2.17,0.668,141.79,152.88,8.97,0,0
111.23,60.93,1.61,0.458,106.12,105.94,3.93,0,0
55.25,58.99,2.64,0.604,58.61,62.38,6.32,4,0
91.31,57.52,3.71,0.368,81.69,103.34,-40.0,1,0
59.3,55.13,1.56,0.603,62.53,54.16,-0.54,0,0
124.04,62.04,2.34,0.596,138.4,125.36,5.7,2,1
131.06,72.27,3.35,0.729,138.5,146.71,13.54,1,1
52.7,53.75,4.6,0.607,50.99,56.66,24.12,0,0
100.74,70.32,2.24,0.443,96.11,99.86,-6.98,8,0
137.76,74.27,2.66,0.72,142.56,152.37,-3.81,0,0
152.34,68.96,5.7,0.843,147.21,147.63,-0.22,2,1
101.62,60.6,1.5,0.688,105.87,84.66,2.52,3,0
154.03,73.75,3.83,0.752,165.3,146.24,13.42,0,1
104.28,72.31,3.67,0.643,106.19,115.64,10.48,0,0
87.3,70.6,2.76,0.645,83.11,92.51,-5.27,1,0
141.78,71.04,3.01,0.842,143.17,142.47,9.68,1,1
99.16,56.89,4.11,0.682,108.63,109.77,0.8,8,1
96.63,51.35,1.15,0.511,81.66,98.3,-33.59,0,0
98.84,67.47,2.24,0.775,92.54,96.61,-23.96,1,1
141.61,85.83,4.03,0.679,123.9,149.97,-40.0,3,1
139.83,68.98,2.73,0.509,138.43,136.01,29.23,1,0
88.42,45.86,1.83,0.49,96.57,93.32,27.21,1,0
80.0,47.69,4.47,0.371,91.4,72.05,24.32,3,0
99.03,52.63,4.69,0.426,114.13,88.49,3.65,1,0
108.73,55.03,1.49,0.519,98.82,100.08,12.63,4,1
68.6,46.75,1.14,0.307,65.74,68.34,14.73,0,0
135.27,73.41,2.47,0.761,133.67,128.8,-26.98,1,1
98.38,61.15,5.41,0.405,114.24,92.18,-6.22,0,0
80.09,61.19,2.23,0.402,91.76,78.55,15.51,3,1
52.82,50.59,1.73,0.3,48.84,52.1,-10.8,2,0
68.66,45.0,2.93,0.311,55.45,53.15,-19.33,1,0
153.91,63.41,2.68,0.649,113.51,128.69,-5.37,0,0
76.61,55.35,1.31,0.539,58.18,80.61,-24.13,0,0
60.26,57.74,2.13,0.647,38.97,61.66,34.02,0,0
95.28,69.72,3.48,0.716,80.25,81.58,21.18,1,1
76.85,59.85,3.3,0.661,100.62,81.21,8.04,0,0
44.22,45.99,2.11,0.3,30.0,48.56,15.38,1,0
78.78,55.54,1.32,0.422,62.49,75.76,-4.79,2,0
105.29,56.17,1.71,0.426,90.78,124.89,-14.74,2,1
106.21,65.79,3.73,0.71,139.59,118.9,52.3,1,1
82.79,60.71,4.63,0.356,77.16,78.8,4.22,5,0
93.68,59.56,1.45,0.584,105.28,89.87,-10.3,0,0
155.86,70.84,2.11,0.647,158.9,141.28,9.8,1,1
85.28,54.89,2.64,0.433,58.13,97.53,16.62,0,0
70.99,68.46,3.1,0.689,91.16,73.46,10.13,2,0
69.22,48.89,0.99,0.59,73.84,77.45,6.08,2,0
94.93,75.66,3.53,0.7,95.46,73.59,-5.13,2,1
131.14,60.49,6.93,0.702,154.31,138.92,17.92,2,0
64.72,52.19,2.43,0.623,61.01,59.62,-19.45,0,0
125.12,73.32,3.09,0.714,125.65,130.96,-14.05,0,1
42.54,59.74,4.02,0.586,38.12,47.75,-8.37,2,0
90.27,46.8,0.97,0.463,100.45,90.07,8.11,2,0
133.1,61.75,2.31,0.717,145.22,126.13,26.08,0,0
80.65,60.49,2.55,0.598,83.95,84.64,-1.0,0,0
107.65,78.06,3.54,0.56,94.23,99.29,8.18,2,1
64.6,65.56,5.54,0.626,60.67,75.1,-9.89,6,1
129.04,70.6,2.56,0.859,121.6,121.82,6.87,1,0
46.27,45.0,0.59,0.416,56.52,46.5,26.71,0,0
142.31,70.0,5.72,0.663,124.67,134.85,-10.89,0,1
63.78,55.11,1.47,0.46,80.12,65.37,14.49,2,0
144.93,71.96,2.83,0.856,165.5,134.61,-0.27,1,1
82.3,52.52,2.09,0.585,70.98,74.21,4.9,0,0
126.72,63.57,7.2,0.478,119.29,149.67,-40.0,0,1
78.31,49.94,1.95,0.532,68.39,86.75,-34.22,2,0
148.71,80.24,3.5,0.533,152.53,152.4,12.22,0,1
55.2,64.32,2.97,0.557,71.29,60.34,-21.4,1,1
61.42,55.21,6.41,0.396,71.56,64.48,-3.73,4,0
99.16,61.16,4.02,0.566,93.29,98.27,22.33,7,1
49.83,48.08,0.96,0.549,63.87,57.4,22.57,2,0
63.52,48.38,3.14,0.3,71.58,55.25,47.14,0,0
153.25,81.04,5.42,0.603,151.05,169.21,0.26,0,1
157.18,78.93,4.3,0.711,159.28,158.38,-0.44,0,0
85.15,56.38,2.79,0.427,100.2,93.17,7.71,0,0
150.79,77.28,3.31,0.668,164.85,166.53,-9.62,0,0
105.38,71.01,3.6,0.795,123.98,110.29,5.47,0,0
72.37,60.81,3.46,0.627,103.94,64.26,-6.9,1,0
124.29,77.17,2.63,0.806,134.98,136.48,26.46,1,0
119.07,73.28,2.64,0.812,127.22,136.03,17.37,0,0
158.7,78.63,2.84,0.692,176.84,139.23,-11.82,0,0
71.81,53.76,3.79,0.414,91.94,70.79,-1.9,1,0
120.65,61.21,3.18,0.536,112.02,123.56,2.72,0,0
46.24,48.37,1.6,0.551,42.84,43.6,3.18,0,0
53.64,47.69,3.29,0.513,39.67,41.18,-25.88,0,0
40.47,45.0,2.39,0.3,38.58,31.64,0.25,1,0
159.94,66.87,5.49,0.711,172.82,141.44,16.73,2,1
136.27,62.64,1.68,0.692,126.72,145.82,6.02,2,0
134.41,65.47,2.8,0.694,149.9,148.14,38.07,0,0
101.17,76.09,4.21,0.739,98.51,114.76,3.17,1,0
76.01,53.3,1.35,0.46,66.8,75.71,-26.94,0,0
58.15,57.36,1.84,0.618,72.07,60.87,-12.2,1,0
74.16,56.51,2.01,0.479,64.24,84.86,17.65,1,0
85.12,71.23,4.45,0.634,68.95,82.79,20.91,2,0
130.76,68.19,2.91,0.844,144.57,121.26,6.28,0,1
104.76,64.59,2.69,0.757,106.33,99.05,7.67,0,0
49.3,45.65,1.38,0.3,57.67,51.05,5.86,0,0
42.16,53.28,1.39,0.3,46.16,35.03,-3.37,1,0
52.28,59.44,5.21,0.428,30.0,57.01,-37.98,1,0
89.26,61.22,2.05,0.52,103.45,75.71,15.69,0,0
151.98,82.74,4.02,0.792,178.63,149.56,45.4,1,1
116.49,70.4,2.27,0.807,133.04,120.54,11.34,2,1
136.22,64.07,2.5,0.534,147.78,137.54,0.34,0,0
95.96,67.86,5.38,0.549,91.97,88.61,-9.77,0,0
83.4,57.6,9.35,0.407,73.82,90.75,4.16,3,0
53.01,49.22,1.43,0.597,55.49,55.63,21.96,2,0
145.11,82.78,3.02,0.901,162.17,124.22,18.12,0,1
133.98,66.97,2.38,0.673,146.18,138.53,-27.55,2,1
60.17,45.76,1.14,0.302,48.96,55.95,25.76,4,0
101.47,70.44,3.58,0.699,96.97,96.22,12.75,0,0
98.48,62.01,2.55,0.654,81.69,90.19,-11.64,2,0
115.01,65.65,3.93,0.567,122.11,104.98,-6.0,0,0
153.54,81.55,4.51,0.896,154.78,155.61,-7.42,0,1
109.57,62.43,1.98,0.799,109.94,115.03,15.71,1,0
104.83,65.36,4.02,0.618,125.91,106.36,-25.02,1,1
46.04,58.96,4.16,0.444,50.11,55.53,11.28,3,0
47.55,45.0,1.87,0.342,46.26,53.36,4.4,2,0
62.48,56.55,5.13,0.501,70.47,42.41,8.79,0,0
43.9,45.0,2.79,0.388,56.69,34.73,-14.53,1,0
129.2,72.74,3.52,0.588,109.56,141.09,-40.0,2,1
126.8,69.79,5.54,0.487,117.76,114.11,35.88,0,1
56.33,46.22,1.95,0.35,48.54,30.0,-1.5,0,0
140.33,82.52,3.86,0.58,128.19,158.64,28.78,0,1
58.57,59.85,2.05,0.473,52.84,61.54,13.39,0,0
76.14,61.6,4.71,0.549,56.51,69.31,-7.79,1,0
69.88,59.86,1.59,0.533,79.6,61.39,9.04,1,0
84.68,63.32,2.56,0.489,76.25,90.97,15.23,0,0
70.56,46.62,1.75,0.46,70.17,75.34,21.28,0,0
98.67,65.41,2.94,0.71,101.48,101.95,9.97,0,0
88.89,60.94,3.04,0.537,94.32,87.0,22.39,2,0
158.39,76.21,3.43,0.95,135.86,145.58,9.26,0,1
46.71,51.66,1.34,0.396,48.03,46.35,6.6,0,0
57.06,61.46,4.4,0.511,51.98,67.71,-13.41,0,0
46.34,45.0,2.11,0.3,45.22,40.92,8.39,1,0
115.1,65.55,4.66,0.687,102.68,121.11,-19.68,1,0
46.54,46.74,1.09,0.56,50.71,42.49,-4.76,7,0
140.37,62.0,3.04,0.878,161.52,148.39,17.73,2,1
101.43,71.75,3.98,0.783,107.37,91.63,1.54,5,1
103.24,59.37,2.09,0.503,92.69,103.38,18.4,1,0
107.39,63.75,4.13,0.632,99.96,111.96,-15.61,2,1
60.5,45.0,0.5,0.442,64.25,53.74,-36.43,4,1
63.72,52.18,2.29,0.497,68.49,67.35,25.97,0,0
78.26,60.36,2.85,0.378,78.09,77.96,0.77,4,0
111.22,67.09,2.97,0.756,113.89,110.78,3.05,0,0
65.21,57.47,2.74,0.639,68.44,58.44,-12.58,2,0
53.96,51.59,1.17,0.422,49.62,63.93,-36.08,2,1
156.41,62.84,3.3,0.661,153.07,146.96,-16.41,0,0
42.64,49.77,1.4,0.3,45.73,45.44,11.81,5,0
136.32,62.22,2.44,0.762,143.29,127.83,-0.14,4,1
134.56,60.32,2.03,0.609,150.22,133.9,1.84,1,0
75.67,52.28,1.9,0.671,90.48,82.09,-23.18,0,0
56.28,51.65,2.36,0.517,57.95,53.39,33.44,1,1
57.48,50.42,3.56,0.511,62.83,30.0,1.61,0,0
123.69,66.92,2.81,0.675,113.7,110.24,37.16,5,1
117.14,53.98,1.62,0.45,113.2,95.56,4.63,0,0
133.93,79.99,3.6,0.855,143.13,134.61,32.52,2,1
152.5,79.93,4.35,0.789,137.28,152.45,-20.53,1,1
123.03,69.91,2.63,0.847,133.12,119.53,-22.22,0,1
58.7,48.73,1.53,0.471,44.61,52.44,-10.4,1,0
69.21,52.12,2.17,0.572,58.45,71.42,4.7,0,0
141.06,63.63,2.14,0.526,133.22,126.59,8.11,0,0
65.12,45.0,0.85,0.528,63.31,74.68,6.2,3,0
48.7,45.39,0.75,0.532,31.41,49.45,32.6,0,0
124.39,75.29,2.97,0.765,137.97,114.95,13.84,0,0
88.3,63.18,1.67,0.653,91.49,84.12,-3.99,0,0
150.4,81.04,3.98,0.622,173.94,149.09,7.56,0,1
118.03,67.72,2.15,0.824,126.12,104.22,-10.45,1,0
50.85,52.36,1.65,0.631,58.31,57.56,9.01,0,0
153.74,65.99,2.23,0.571,142.93,163.4,14.06,0,1
71.03,56.61,2.69,0.668,58.2,72.2,18.95,4,0
80.47,49.88,3.64,0.437,84.64,89.87,-3.26,2,0
88.27,62.15,3.03,0.621,75.56,114.77,-7.31,0,0
46.15,47.47,1.82,0.354,48.92,30.0,-10.16,8,1
99.58,62.01,3.18,0.766,123.38,100.1,29.33,5,1
54.8,55.98,1.2,0.3,60.15,41.37,-19.55,0,0
88.12,71.58,2.29,0.543,93.83,103.72,-10.14,4,0
82.09,64.42,1.81,0.497,83.27,84.55,-40.0,1,0
132.74,70.53,2.19,0.609,128.31,125.76,-23.44,4,1
136.38,75.97,2.81,0.747,137.95,133.78,-9.85,6,1
58.41,60.95,2.6,0.308,45.78,71.77,-15.51,2,0
83.99,64.89,1.88,0.619,68.57,88.51,-31.01,0,0
84.8,58.29,5.4,0.727,87.76,90.59,-18.86,4,1
58.17,57.38,4.13,0.576,70.99,73.05,29.12,1,0
135.81,77.04,7.77,0.831,124.98,145.36,-19.46,0,1
124.87,58.23,1.36,0.598,141.62,136.11,-24.19,1,1
62.85,48.89,3.59,0.398,73.42,61.58,-13.48,0,0
84.01,65.27,4.16,0.539,87.55,61.47,-16.76,5,0
52.7,45.0,3.99,0.3,51.56,53.73,-1.84,3,0
115.38,60.16,2.54,0.804,117.24,108.74,7.4,0,0
54.56,45.98,2.88,0.301,49.09,62.45,-27.1,0,0
158.31,80.63,2.72,0.916,159.07,140.61,5.79,0,1
133.68,54.91,1.21,0.514,132.35,141.96,24.53,1,0
86.83,60.38,1.61,0.67,89.9,88.71,19.82,3,0
109.43,67.72,5.56,0.469,129.38,112.97,20.4,1,0
149.36,67.97,1.97,0.543,155.02,155.55,10.17,1,1
106.49,71.23,2.23,0.687,105.72,106.21,-6.09,0,0
60.94,45.87,4.55,0.375,55.25,57.61,22.7,1,0
85.44,54.2,1.22,0.622,77.33,96.79,3.67,0,0
141.18,76.76,5.46,0.726,137.11,147.11,-16.51,0,1
117.31,63.57,3.95,0.475,125.74,124.19,1.5,0,0
118.09,61.09,1.53,0.807,116.3,117.26,-13.06,0,0
144.02,64.82,1.72,0.693,138.47,145.11,-5.28,5,1
147.28,84.93,4.04,0.816,144.48,147.14,20.48,4,1
150.38,65.87,10.56,0.732,144.26,132.93,-6.23,2,1
51.38,57.64,4.42,0.476,62.43,37.57,-8.78,1,0
105.3,56.87,1.77,0.517,105.35,104.06,18.76,3,0
128.86,64.48,2.4,0.547,124.41,110.09,20.75,6,1
130.83,70.42,2.76,0.69,132.97,129.73,-13.07,0,0
112.81,48.58,2.7,0.595,115.3,103.86,27.89,0,0
60.01,45.0,1.13,0.416,47.37,59.25,11.0,2,0
135.69,71.36,2.32,0.756,122.14,137.39,-16.71,1,1
126.41,63.78,3.69,0.735,145.18,107.83,31.33,3,1
50.34,53.53,1.93,0.3,56.19,53.59,-19.25,0,0
95.66,47.17,0.75,0.502,98.24,91.16,-7.38,0,0
60.88,55.27,3.46,0.427,68.45,37.65,-15.92,1,0
80.5,45.0,1.82,0.36,98.67,75.89,-8.49,0,0
42.17,45.0,1.51,0.301,30.0,45.97,9.23,0,0
88.04,46.37,2.26,0.365,69.89,83.98,-9.34,0,0
105.99,80.63,3.69,0.796,117.85,101.32,-14.07,0,1
114.35,57.22,2.8,0.718,99.1,115.89,-18.24,0,0
119.62,60.43,4.46,0.474,117.55,114.83,-13.0,2,0
140.35,53.19,2.42,0.509,134.96,137.68,1.82,1,0
65.86,66.71,3.42,0.565,73.25,52.59,44.61,2,1
54.46,52.95,2.4,0.419,45.05,49.27,-1.0,0,0
142.18,74.32,3.4,0.821,161.01,161.03,14.31,0,0
58.79,66.28,2.06,0.626,50.35,60.58,23.52,0,0
156.97,75.84,2.96,0.791,169.25,159.66,-3.63,8,1
141.1,68.66,3.69,0.578,132.67,134.68,19.77,0,1
100.11,64.77,2.52,0.693,108.55,96.16,-3.42,0,0
157.77,82.5,3.53,0.936,152.31,155.49,-9.22,1,1
51.69,47.48,2.79,0.467,48.74,60.43,-7.41,0,0
76.37,56.0,1.17,0.582,91.87,88.36,5.83,4,0
116.59,68.78,3.63,0.565,117.26,112.04,-2.81,3,1
82.0,57.71,2.27,0.479,93.77,81.77,12.33,3,0
151.4,74.11,2.96,0.828,155.65,149.05,-5.51,2,1
47.88,45.0,1.12,0.595,41.71,55.5,-1.27,0,0
105.93,74.11,2.53,0.649,108.98,110.62,-27.48,0,0
110.9,61.72,2.11,0.729,120.9,110.0,19.08,0,0
118.33,68.75,2.67,0.504,93.53,128.42,7.98,3,0
70.68,52.75,1.83,0.377,72.48,75.86,4.89,1,0
83.75,48.61,2.39,0.544,71.35,76.04,7.26,7,0
141.24,75.81,3.26,0.574,126.47,141.32,-22.46,1,1
63.39,55.9,3.54,0.524,68.34,61.63,29.79,0,0
139.22,77.09,3.96,0.614,155.57,129.35,11.6,0,1
107.52,64.33,1.98,0.719,112.5,105.27,-26.4,0,0
131.46,76.09,2.85,0.798,119.15,142.85,15.72,0,0
125.63,54.07,1.17,0.642,118.43,136.58,9.32,1,0
64.9,46.41,4.96,0.347,54.82,74.03,28.65,0,0
108.26,55.41,4.39,0.663,111.88,116.05,31.76,2,1
144.13,73.23,2.33,0.909,149.45,146.21,26.82,2,1
91.85,63.7,2.9,0.605,97.89,85.84,11.55,2,0
155.99,64.72,6.53,0.562,167.24,161.63,18.46,6,1
94.27,60.93,3.52,0.37,93.8,77.8,-19.65,1,0
57.13,45.0,1.52,0.38,63.5,50.42,-1.8,2,0
86.73,61.17,1.88,0.419,79.87,97.78,50.28,0,1
154.2,85.49,3.42,0.868,199.11,149.28,-8.64,5,1
78.37,66.68,3.8,0.653,86.07,84.77,9.43,0,0
144.17,66.12,4.04,0.616,152.7,140.54,3.55,1,0
145.75,54.67,2.21,0.648,167.79,151.25,26.38,5,1
82.02,58.39,1.5,0.421,79.49,66.62,2.31,0,0
49.99,52.96,5.05,0.593,42.11,62.71,17.92,0,0
126.95,60.24,4.21,0.662,143.86,115.79,8.73,0,0
77.38,53.58,1.24,0.575,93.26,63.76,21.87,0,0
133.95,77.83,2.56,0.648,136.75,146.13,7.98,2,1
93.12,52.8,2.12,0.612,114.47,93.09,5.43,0,0
98.23,62.74,2.07,0.529,95.81,95.17,-9.02,0,0
133.35,68.43,2.41,0.616,144.85,149.03,28.75,4,1
85.88,56.67,1.34,0.591,103.9,93.19,20.26,0,0
93.18,64.89,6.29,0.596,94.27,88.68,18.48,0,1
85.14,67.02,4.48,0.453,87.68,83.8,23.86,0,0
84.08,51.84,1.09,0.392,92.23,94.82,-5.24,0,0
103.11,58.68,4.46,0.537,97.45,93.48,-7.7,0,0
137.06,72.84,3.89,0.657,128.43,151.49,-10.45,3,1
83.41,64.98,2.29,0.582,99.04,78.98,26.38,0,0
102.91,64.91,4.77,0.755,109.68,94.2,5.02,0,0
120.49,58.83,2.7,0.456,111.54,131.36,-1.18,1,0
72.33,45.0,3.33,0.394,69.35,79.68,-20.48,0,0
73.3,46.48,1.54,0.377,74.95,55.54,15.66,0,0
152.01,64.75,2.73,0.737,135.92,150.94,7.38,0,0
126.82,71.12,2.58,0.632,136.06,115.77,14.72,0,0
109.26,63.67,2.36,0.699,116.15,117.25,6.38,0,0
117.73,60.43,2.68,0.53,136.19,134.92,28.01,1,1
43.52,49.17,5.16,0.448,37.85,48.89,-3.71,1,0
114.17,61.94,2.89,0.776,134.22,106.58,35.58,2,1
101.14,76.24,2.61,0.748,103.56,110.04,14.08,5,1
105.49,75.91,2.37,0.78,110.76,104.99,-20.09,2,1
83.13,71.26,4.93,0.639,87.28,82.39,-0.33,5,0
49.78,58.54,1.99,0.592,74.73,44.92,18.33,0,0
63.2,49.86,1.36,0.363,43.6,64.25,-22.34,8,1
154.09,81.45,5.11,0.621,160.46,153.38,22.62,0,1
89.04,48.83,5.09,0.35,84.55,65.0,-37.82,0,1
96.0,56.07,3.23,0.651,96.67,96.26,14.8,0,0
46.33,49.09,1.03,0.594,53.2,44.95,15.86,2,0
44.51,49.34,1.51,0.3,51.78,47.98,-32.14,5,0
126.06,62.9,3.71,0.713,134.7,105.99,6.18,1,0
104.57,63.41,5.17,0.692,121.24,109.69,0.5,0,0
101.04,54.3,10.91,0.754,101.12,101.33,25.55,0,1
69.17,58.9,2.41,0.546,67.52,74.13,-15.9,0,0
129.37,61.69,4.09,0.856,122.48,113.08,10.94,0,0
60.19,45.0,0.57,0.398,79.95,47.84,27.85,0,0
62.79,59.65,1.88,0.408,56.72,44.04,-10.1,3,0
95.29,68.63,2.61,0.583,91.38,96.75,21.41,0,0
74.35,56.68,6.77,0.456,78.76,70.9,-5.27,1,0
69.7,51.38,0.89,0.3,76.98,68.26,27.63,1,0
117.43,63.52,2.16,0.725,111.62,103.5,43.98,4,1
118.12,62.18,5.53,0.735,135.06,106.02,25.21,1,1
138.94,69.7,2.53,0.796,139.21,113.98,11.16,0,0
90.13,46.63,0.98,0.488,105.06,76.67,-1.05,1,0
48.77,51.46,2.85,0.435,38.98,42.27,28.53,0,0
72.84,53.83,3.08,0.443,78.52,66.86,18.83,0,0
157.6,62.59,2.51,0.559,157.3,156.92,-8.44,1,1
111.55,75.2,6.72,0.64,98.83,119.17,20.62,3,1
125.17,67.15,2.17,0.505,106.28,118.28,-7.47,4,0
40.88,49.98,4.47,0.3,30.0,45.77,6.74,1,0
102.18,60.64,3.55,0.689,115.87,109.97,-0.54,2,0
44.5,45.67,1.23,0.3,30.0,56.0,-24.15,1,0
108.31,71.85,4.58,0.789,116.09,113.21,-12.07,3,1
150.49,73.58,2.43,0.738,156.21,151.23,-4.01,0,0
156.21,89.69,3.39,0.942,142.86,145.41,2.56,0,1
104.87,56.25,5.16,0.418,91.66,107.59,-11.97,0,0
94.98,57.17,1.38,0.598,85.37,91.22,-19.05,0,0
153.4,75.95,2.36,0.68,155.63,167.17,-16.0,3,1
120.83,60.27,2.16,0.78,142.03,121.75,33.39,0,0
47.79,54.33,1.22,0.368,56.04,46.19,1.92,0,0
95.89,48.57,3.7,0.472,89.0,110.05,-38.68,3,1
68.83,62.03,5.36,0.63,59.47,64.01,-4.82,2,0
96.38,54.39,2.05,0.519,76.06,96.34,-17.64,1,0
94.66,58.3,2.13,0.371,85.53,114.75,-0.88,0,0
109.86,68.47,3.07,0.566,98.39,112.52,-15.95,1,1
82.81,59.75,1.77,0.59,82.18,94.06,22.85,0,0
59.71,45.0,1.03,0.361,54.95,74.75,-5.14,2,0
100.45,54.14,1.21,0.554,93.82,94.93,-7.1,0,0
139.62,60.38,2.31,0.522,132.6,148.71,-9.2,1,0
119.68,53.04,2.4,0.674,112.84,116.35,5.11,0,0
80.6,67.09,5.82,0.624,74.94,101.0,4.28,2,0
152.26,72.66,4.18,0.702,171.54,166.7,2.6,4,1
149.46,63.38,3.53,0.696,157.61,156.9,4.5,1,1
65.12,59.22,1.91,0.311,65.71,75.57,-4.26,0,0
44.73,45.0,3.79,0.3,50.87,37.77,18.37,5,1
128.96,65.82,6.15,0.529,138.61,146.13,-18.37,1,1
139.31,63.89,5.67,0.691,158.22,130.27,3.32,0,0
156.14,59.8,1.45,0.76,166.41,160.21,1.61,0,0
146.78,66.46,3.18,0.9,155.24,139.64,29.33,0,1
112.06,56.31,2.72,0.445,101.88,120.67,16.07,0,0
103.61,69.1,2.47,0.631,94.33,121.06,2.42,0,0
43.34,50.94,8.18,0.421,50.34,47.86,-14.4,4,1
69.6,55.3,1.63,0.495,66.17,72.75,-0.68,0,0
95.15,49.57,1.14,0.715,81.13,94.02,26.82,1,0
115.42,70.42,3.02,0.508,88.47,116.43,-16.15,2,0
106.87,59.52,1.96,0.417,128.98,103.51,13.37,2,0
129.12,68.44,5.77,0.736,120.01,145.45,-1.2,5,1
73.57,61.43,2.36,0.439,62.11,81.51,-21.03,6,1
107.79,66.66,2.59,0.41,118.74,104.32,-9.09,1,0
50.58,55.48,2.6,0.332,30.72,51.18,-24.51,2,1
89.64,55.03,1.23,0.473,93.47,118.8,-3.45,0,0
130.02,61.9,3.63,0.717,154.22,132.74,20.06,1,1
123.21,69.87,4.19,0.519,146.95,137.74,14.93,0,1
158.88,63.82,2.59,0.722,155.94,153.11,7.67,2,0
73.35,68.46,6.58,0.493,71.06,78.08,37.75,0,0
99.78,60.74,2.74,0.563,94.29,93.54,43.96,0,1
79.54,53.71,2.8,0.708,81.49,74.19,2.66,0,0
92.87,46.23,4.45,0.377,103.99,100.81,22.18,2,1
142.83,66.2,3.42,0.889,131.82,133.88,6.36,0,0
122.11,67.78,2.71,0.679,131.46,110.18,24.06,2,1
145.89,74.24,2.29,0.836,148.27,152.75,19.94,4,1
64.42,45.0,2.45,0.445,77.75,59.54,-2.84,0,0
144.8,68.12,6.91,0.696,162.51,142.0,44.52,2,1
47.17,45.0,1.45,0.573,41.75,30.0,24.85,1,0
146.63,79.58,3.2,0.878,150.87,133.94,19.52,2,1
79.49,53.39,2.1,0.414,86.48,81.7,15.84,0,0
77.75,50.34,2.78,0.393,85.41,75.41,11.0,5,0
101.45,52.27,0.94,0.583,71.44,110.54,-11.31,7,1
152.88,74.8,5.56,0.899,169.53,143.89,22.5,0,1
45.73,45.0,3.76,0.346,60.41,44.07,11.91,0,0
82.27,60.75,2.61,0.588,85.09,82.73,8.21,2,0
142.79,73.88,2.43,0.792,158.02,140.75,8.04,1,1
87.53,66.52,3.46,0.654,103.95,93.5,5.81,8,1
63.9,50.12,1.03,0.497,64.5,53.04,34.79,3,0
90.98,45.0,1.56,0.514,99.02,96.1,7.82,3,0
86.27,69.52,2.12,0.726,88.93,97.66,-3.79,2,0
149.85,66.78,3.14,0.774,152.71,141.62,6.66,0,1
131.43,62.61,2.13,0.766,126.81,135.44,-21.8,5,1
100.61,59.29,4.02,0.52,101.09,104.19,19.43,1,0
158.6,78.0,4.89,0.824,185.72,164.49,16.04,0,1
95.83,53.92,10.76,0.471,82.42,95.85,-10.34,0,1
46.99,45.0,0.95,0.319,48.77,61.17,-4.58,0,0
71.47,53.99,1.14,0.58,74.93,92.58,-24.42,0,0
92.33,69.4,2.84,0.566,109.34,98.58,43.63,1,1
58.83,53.55,1.14,0.53,77.38,61.97,15.12,1,0
153.71,64.0,1.94,0.649,143.59,153.85,29.81,0,1
132.02,62.49,2.91,0.716,127.44,118.89,-4.54,6,0
72.19,52.43,2.29,0.474,63.44,57.92,6.24,2,0
110.9,66.09,1.83,0.651,106.12,99.36,13.25,0,0
126.57,68.28,2.77,0.576,121.31,129.23,8.6,0,0
152.95,75.94,3.49,0.825,161.62,151.03,-1.38,1,1
145.8,68.47,2.38,0.84,140.37,161.07,-32.18,1,1
101.82,56.04,4.25,0.489,91.08,76.77,37.67,0,1
132.96,71.56,2.36,0.599,123.45,133.37,-15.5,0,0
107.46,56.27,1.62,0.667,114.71,111.79,51.69,0,1
106.32,61.12,1.72,0.677,107.1,115.3,-8.07,6,1
53.77,56.82,1.4,0.523,49.33,55.2,25.0,0,0
55.14,58.86,4.5,0.518,43.4,58.78,7.06,0,0
103.54,59.38,1.85,0.548,83.25,105.3,3.61,2,0
72.26,50.83,2.77,0.455,88.94,76.66,-0.58,0,0
42.52,45.0,1.34,0.31,33.25,42.33,-9.56,1,0
126.74,67.26,3.35,0.523,157.73,147.9,10.83,2,1
43.9,59.53,5.32,0.489,50.95,49.68,8.47,0,0
111.43,77.46,5.24,0.452,130.42,113.41,7.97,0,0
104.7,69.14,2.06,0.769,120.01,97.32,0.33,1,0
156.26,76.57,5.19,0.879,163.75,152.83,-10.93,3,1
98.11,57.71,2.16,0.717,93.28,113.21,-15.32,2,0
47.63,45.0,1.15,0.586,35.62,30.0,3.6,3,0
106.2,62.72,3.24,0.562,118.88,106.77,-6.3,3,0
140.93,90.13,7.71,0.841,148.94,140.68,-15.78,1,1
159.62,79.89,2.74,0.622,167.46,164.62,6.46,1,1
91.64,62.15,3.72,0.364,96.69,94.29,-36.75,4,1
78.44,60.72,1.78,0.629,83.29,93.59,2.31,2,0
148.8,70.24,2.73,0.556,142.26,149.78,-1.85,0,0
62.95,45.0,3.61,0.664,76.39,62.31,16.85,0,0
113.85,71.2,3.26,0.691,113.3,123.37,5.87,0,0
88.69,56.93,1.32,0.647,90.72,104.01,-21.98,1,0
44.93,45.0,1.56,0.313,47.8,51.8,-1.92,0,0
81.67,56.35,3.52,0.595,80.86,91.79,11.34,0,0
71.83,47.59,1.78,0.313,44.27,69.65,-6.25,1,0
122.33,64.38,1.94,0.782,138.46,123.58,-6.01,3,1
153.85,69.91,2.88,0.609,169.1,168.71,15.11,1,1
72.17,52.8,4.84,0.575,49.7,77.43,5.24,0,0
137.38,67.36,3.45,0.582,124.49,134.96,-24.01,3,1
46.64,45.0,2.46,0.3,64.93,46.97,-26.14,2,0
104.57,60.35,3.73,0.586,107.09,114.95,33.19,2,1
48.47,45.0,0.64,0.3,42.51,59.73,2.7,2,0
152.08,70.52,3.34,0.828,151.53,143.66,-8.51,2,0
131.96,66.57,2.5,0.571,119.01,135.59,-15.32,3,0
118.95,52.46,1.17,0.574,116.1,118.88,1.21,4,0
138.87,64.66,2.02,0.724,153.03,138.21,25.82,1,0
117.7,66.82,4.09,0.547,116.46,131.01,-27.8,0,0
156.27,62.55,1.82,0.7,165.6,153.9,-2.56,0,0
125.67,82.38,3.3,0.783,150.53,119.92,42.2,2,1
150.96,77.69,2.96,0.605,144.08,142.81,11.41,0,1
102.06,53.82,1.1,0.419,102.07,100.31,13.32,3,0
54.05,45.0,1.43,0.373,61.57,46.7,11.1,0,0
103.38,62.42,3.72,0.56,91.38,94.73,-0.41,3,0
55.22,45.0,0.53,0.463,54.62,46.33,-8.73,1,0
111.1,48.21,0.87,0.562,132.81,102.79,0.81,1,0
97.9,60.21,3.32,0.69,95.61,90.29,13.37,0,0
114.71,58.76,2.68,0.44,124.33,118.7,-4.9,0,0
41.21,47.75,2.55,0.376,35.04,30.0,2.03,0,0
63.38,47.28,1.03,0.423,81.44,56.36,11.76,1,0
98.96,71.16,4.51,0.636,79.93,97.96,29.94,4,1
154.06,67.36,2.82,0.929,161.41,165.55,0.79,1,1
86.03,49.99,2.21,0.542,67.13,83.57,11.58,3,0
90.92,67.23,1.98,0.748,85.46,89.39,10.0,8,1
125.76,56.69,1.55,0.578,116.85,124.88,-6.57,0,0
112.46,50.71,3.07,0.43,105.85,94.22,-25.7,1,1
75.87,53.09,1.37,0.374,57.09,82.46,-10.34,0,0
89.3,50.17,0.96,0.506,86.56,95.47,14.82,0,0
66.12,50.61,2.2,0.405,67.75,74.27,-21.23,0,0
155.92,64.65,2.87,0.587,137.27,180.98,5.72,0,1
55.68,45.0,1.9,0.42,44.46,42.69,18.56,2,0
84.62,45.0,1.94,0.469,112.49,69.74,15.67,0,0
43.1,46.44,1.63,0.3,41.05,50.16,15.42,0,0
66.61,45.0,1.52,0.398,40.77,63.24,-10.4,4,0
133.66,71.26,5.94,0.836,121.56,123.8,4.24,0,0
64.14,47.37,1.79,0.393,62.72,61.32,26.17,2,0
49.61,50.36,2.26,0.514,49.1,43.42,-28.22,6,1
96.93,60.38,1.89,0.616,90.2,114.18,-17.14,1,0
41.2,48.4,3.78,0.374,63.01,63.81,33.42,1,0
50.17,45.0,0.54,0.326,76.12,33.82,38.81,0,0
136.92,76.69,3.62,0.638,134.51,122.15,-26.55,1,1
132.58,56.32,1.91,0.715,145.34,124.98,34.5,0,1
149.82,69.13,3.34,0.67,162.29,142.92,-40.0,2,1
142.54,73.57,2.88,0.594,155.08,134.79,17.53,3,1
121.98,65.45,3.62,0.493,112.15,120.04,-0.98,0,0
46.28,45.89,0.58,0.571,68.97,41.81,-1.85,1,0
133.94,62.38,2.32,0.658,134.28,120.41,-11.92,3,0
141.46,64.53,4.34,0.754,149.61,131.19,-7.35,1,0
135.89,73.17,2.62,0.684,137.59,151.35,-2.82,1,0
101.02,59.78,1.47,0.732,101.98,97.44,36.23,4,1
67.95,56.04,2.19,0.503,69.34,63.86,15.51,6,1
141.44,71.98,7.75,0.697,129.14,126.24,19.67,0,1
127.26,87.96,3.18,0.832,108.24,122.63,-15.31,0,1
157.69,78.37,2.61,0.841,159.95,167.3,5.27,3,1
58.68,45.0,1.86,0.301,42.13,64.64,-27.56,0,0
67.08,45.0,0.93,0.352,68.7,75.19,-4.2,3,0
65.42,54.16,1.84,0.591,70.44,53.38,-7.43,0,0
135.1,71.42,4.75,0.82,139.66,122.91,11.07,0,0
62.43,45.0,0.83,0.485,77.92,73.76,-4.98,1,0
48.0,45.0,2.41,0.446,44.84,56.26,-16.64,0,0
159.83,77.86,3.52,0.812,146.57,157.24,0.51,0,1
42.98,45.0,4.03,0.385,35.99,51.51,-4.46,1,0
140.23,78.63,7.93,0.773,157.74,128.2,-3.86,0,1
83.84,45.0,1.5,0.375,56.73,71.4,-28.8,0,0
140.99,79.57,3.89,0.887,145.62,124.82,-10.3,0,0
106.55,71.37,4.14,0.7,115.45,110.17,19.11,1,1
148.2,79.85,3.17,0.777,183.56,150.36,25.2,6,1
151.14,59.71,1.77,0.66,166.84,145.92,-5.74,0,0
41.09,47.37,5.66,0.3,36.68,33.29,-15.08,1,0
49.05,45.0,1.35,0.391,51.12,73.19,-19.62,1,0
70.04,46.03,0.56,0.555,46.37,67.45,-18.92,0,0
120.32,64.01,4.37,0.694,109.61,134.2,-3.14,0,0
146.59,63.97,3.01,0.673,155.86,145.13,-11.19,0,0
95.19,67.5,2.13,0.611,97.34,90.19,40.45,2,1
112.84,70.62,2.08,0.744,119.18,127.0,14.4,6,1
62.62,45.0,1.02,0.3,57.03,70.52,-3.37,1,0
136.6,63.67,5.56,0.67,137.94,136.35,2.2,0,0
156.08,73.54,6.28,0.852,162.35,167.42,-21.91,0,1
72.23,54.71,1.64,0.515,57.86,97.43,-28.77,5,1
99.38,69.42,4.68,0.639,97.41,92.06,22.83,0,0
50.33,54.83,1.96,0.438,32.16,55.05,20.34,1,0
107.1,67.88,3.47,0.798,103.62,103.0,-40.0,0,1
100.33,54.8,1.7,0.403,110.74,90.99,13.67,0,0
57.33,45.0,1.59,0.448,52.13,47.71,22.27,0,0
93.05,64.39,2.19,0.396,96.11,108.97,-4.62,5,0
80.09,49.99,0.89,0.384,77.16,61.84,25.88,2,0
102.62,71.3,2.3,0.541,96.82,107.7,10.91,0,0
110.28,61.24,1.99,0.473,95.64,102.03,0.8,0,0
41.02,66.54,7.4,0.589,35.99,58.74,-6.92,1,0
131.32,76.76,7.46,0.853,138.57,128.59,5.28,0,1
125.56,55.09,3.74,0.591,132.35,121.92,-4.66,0,0
83.95,54.49,1.47,0.588,85.18,99.65,5.95,3,0
46.35,48.08,1.56,0.433,50.8,55.12,6.77,1,0
130.59,64.92,2.56,0.798,116.31,136.13,-14.96,4,0
154.62,71.92,2.85,0.795,168.92,162.68,-27.9,2,1
68.82,45.0,0.57,0.3,49.28,57.99,-13.28,1,0
78.82,58.91,2.48,0.622,91.06,86.24,-12.2,2,0
62.06,56.59,1.31,0.565,67.38,60.07,-17.51,0,0
109.23,56.15,3.6,0.612,87.02,112.84,-23.53,0,0
58.58,69.29,3.72,0.617,67.76,63.43,19.47,2,0
82.74,61.65,2.15,0.692,96.52,71.64,-13.11,0,0
123.64,60.84,3.01,0.66,139.95,129.58,-7.82,0,0
107.21,52.3,1.34,0.645,98.89,105.35,8.56,0,0
86.38,63.32,2.06,0.738,91.28,73.98,-11.33,3,0
90.43,55.01,1.67,0.471,96.18,88.96,-17.41,7,1
107.45,66.4,4.18,0.532,114.93,107.65,18.3,1,0
40.7,45.0,0.85,0.3,39.62,46.64,-2.87,5,0
49.42,45.22,1.75,0.587,44.03,30.0,-1.52,3,0
145.75,85.43,3.26,0.815,161.91,149.63,4.05,0,1
49.35,49.45,1.27,0.3,55.27,44.23,10.58,0,0
124.82,69.62,2.38,0.847,127.91,132.92,13.88,1,1
150.4,75.8,3.9,0.824,145.47,150.39,-4.68,0,1
72.48,61.63,2.62,0.638,64.5,69.15,-30.96,0,0
84.46,45.0,2.42,0.353,95.89,82.68,11.07,2,0
108.27,64.01,2.01,0.607,119.81,111.6,-0.35,0,0
145.81,70.14,2.02,0.797,149.5,154.88,17.28,4,1
153.03,76.91,4.13,0.756,153.76,144.12,-15.75,0,1
128.75,63.95,1.82,0.733,110.19,125.31,-14.94,0,1
50.39,48.78,1.15,0.558,48.55,65.09,-27.6,0,0
120.3,75.95,2.9,0.591,105.82,116.69,6.86,2,0
89.24,70.68,4.1,0.687,92.89,92.91,23.88,0,1
96.48,45.0,1.97,0.435,107.4,84.14,-3.33,0,0
45.9,54.63,1.38,0.326,30.0,30.0,-11.44,2,0
62.93,47.92,2.04,0.3,59.79,52.53,-16.14,1,0
134.86,62.53,3.4,0.63,147.44,127.96,-6.55,3,0
94.48,51.51,1.63,0.515,95.43,104.87,12.96,1,0
76.2,52.05,1.35,0.631,70.53,87.69,-11.91,6,0
86.08,54.64,2.78,0.599,86.2,66.83,8.61,0,0
142.53,62.05,2.94,0.682,155.66,137.12,6.29,0,0
129.88,59.76,1.51,0.73,135.64,136.86,16.39,1,1
72.68,45.0,2.15,0.319,67.02,71.62,-9.89,2,0
54.1,49.74,1.79,0.314,62.26,69.15,23.62,0,0
70.24,55.92,3.26,0.541,75.25,76.97,36.26,2,1
150.49,77.67,2.78,0.788,139.82,147.81,-35.94,0,1
109.79,65.48,2.18,0.719,119.75,108.0,3.32,5,1
104.02,51.79,2.08,0.553,114.48,103.45,3.56,1,0
111.57,69.29,2.94,0.704,98.79,103.11,-19.27,0,0
83.92,52.19,1.66,0.605,56.81,93.32,-6.22,0,0
136.85,78.45,4.56,0.876,129.87,144.28,16.68,3,1
102.79,50.62,2.08,0.474,99.05,107.34,-37.4,3,1
54.01,46.36,2.44,0.463,63.38,56.44,-32.21,1,0
55.49,49.47,1.02,0.487,42.54,45.31,23.36,0,0
104.42,71.7,4.06,0.793,114.94,109.47,0.95,0,0
152.39,71.03,2.99,0.618,118.03,153.68,-15.57,2,0
77.0,56.2,1.22,0.52,77.57,97.02,-18.95,2,0
144.34,82.64,3.16,0.652,140.49,131.41,-1.13,3,0
131.69,55.53,1.17,0.685,158.58,124.46,38.09,2,1
69.74,45.0,1.42,0.382,42.67,53.87,-4.6,0,0
44.36,45.0,1.09,0.3,38.19,42.18,0.38,0,0
52.22,45.0,7.07,0.466,30.0,34.81,-40.0,1,0
127.42,60.49,4.47,0.597,120.75,139.27,10.04,0,1
63.96,54.52,3.69,0.345,38.44,74.88,-12.59,3,0
84.55,51.62,1.94,0.463,109.43,82.96,1.49,0,0
100.2,54.21,3.52,0.4,91.94,90.07,7.44,1,0
127.06,59.53,1.84,0.841,129.35,111.82,-14.11,0,0
53.59,45.79,1.78,0.473,50.54,46.55,8.57,0,0
88.76,58.39,2.05,0.672,76.62,95.02,15.83,0,0
98.21,64.32,1.94,0.544,109.75,90.34,8.55,0,0
104.9,54.41,1.18,0.756,115.7,123.99,-2.23,0,0
138.2,66.24,3.0,0.688,150.98,153.11,-3.91,1,0
60.6,60.48,1.58,0.491,43.81,60.61,-1.51,0,0
136.94,66.11,3.67,0.688,152.31,132.32,-0.09,0,0
123.15,53.73,4.84,0.743,138.24,117.45,50.14,1,1
106.7,72.13,2.39,0.627,104.45,122.69,-26.6,3,1
123.94,69.25,2.91,0.56,133.89,117.38,2.64,2,0
89.44,61.17,3.48,0.407,88.85,98.79,4.61,4,0
56.61,45.0,1.01,0.492,35.33,56.83,-7.88,8,0
119.89,75.95,6.16,0.635,118.41,127.03,-10.84,0,1
102.96,52.21,4.22,0.427,93.73,94.76,17.56,2,0
116.72,60.15,1.57,0.588,117.52,113.4,12.4,0,0
80.56,51.85,0.95,0.528,91.37,80.32,18.72,5,1
148.82,81.88,8.34,0.857,134.27,142.51,-19.3,0,1
110.48,57.86,5.97,0.442,102.0,122.98,-11.49,0,0
50.25,51.66,1.72,0.37,35.79,42.61,1.56,6,0
93.98,63.4,1.68,0.691,86.45,88.21,-23.57,3,0
130.76,68.74,3.37,0.732,123.52,144.35,8.36,0,0
135.3,60.21,1.93,0.602,136.15,146.95,-1.39,0,0
99.35,76.99,6.56,0.716,107.95,115.23,23.46,3,1
147.37,61.35,3.86,0.719,153.94,128.29,-4.41,0,1
72.12,57.6,2.83,0.496,72.26,74.13,32.73,3,0
89.27,65.99,2.26,0.738,99.5,90.17,12.5,4,0
147.83,84.31,4.67,0.902,182.44,142.21,26.67,0,1
147.55,80.0,3.11,0.666,150.5,150.8,-10.99,0,1
122.29,61.46,1.55,0.503,132.6,119.07,9.72,0,0
143.08,72.66,3.22,0.639,155.44,144.7,-3.71,0,0
50.65,58.95,2.34,0.3,65.99,84.67,-20.06,1,0
143.8,65.61,3.9,0.52,148.92,146.97,-0.96,2,0
78.47,47.65,3.67,0.474,65.82,82.07,14.6,1,0
61.4,54.03,1.7,0.641,65.87,69.61,1.08,0,0
68.72,48.54,1.61,0.635,72.43,70.53,-3.44,0,0
90.16,61.5,2.44,0.555,99.04,79.18,-1.09,0,0
70.14,62.39,2.13,0.517,57.99,53.68,34.27,1,0
78.47,50.37,2.86,0.318,88.02,78.18,15.73,3,0
56.2,45.0,1.61,0.335,50.96,53.51,-31.24,0,0
75.54,57.9,4.95,0.317,79.94,55.91,-7.58,5,0
108.67,53.06,2.56,0.708,114.55,124.97,-4.28,0,0
93.02,45.06,0.86,0.417,90.84,94.09,-14.07,3,0
81.61,59.3,1.63,0.672,85.86,96.0,3.29,0,0
129.57,70.85,2.75,0.726,140.16,107.26,-5.04,3,1
147.22,71.87,2.75,0.613,170.99,161.81,2.66,4,0
130.81,64.05,2.43,0.536,105.32,125.96,-9.99,2,1
79.84,70.06,2.31,0.571,85.73,92.43,-24.79,0,0
129.33,72.06,7.86,0.828,134.43,131.48,-36.17,1,1
58.24,61.03,1.7,0.542,54.95,62.77,20.73,1,0
55.64,55.01,2.69,0.386,30.0,60.18,2.25,1,0
81.48,48.66,0.74,0.559,87.63,77.22,9.72,2,0
136.92,66.23,2.56,0.615,135.73,130.46,4.88,2,0
69.56,74.01,2.8,0.688,61.32,65.95,-7.53,0,0
47.59,48.17,1.41,0.522,46.55,32.87,53.77,0,0
55.81,47.48,1.68,0.493,50.16,51.0,0.65,0,0
143.05,71.11,3.44,0.678,123.71,136.08,37.28,2,1
116.05,62.51,2.86,0.675,118.62,101.09,38.41,0,1
70.38,47.2,2.13,0.428,73.9,74.97,10.07,0,0
106.64,54.4,3.86,0.411,96.27,106.71,-8.96,1,0
103.31,70.72,5.31,0.548,105.41,105.77,1.34,1,0
118.65,68.55,3.92,0.808,124.11,125.63,-4.48,4,0
67.98,45.76,0.67,0.534,79.22,65.6,13.92,3,0
143.73,56.1,6.04,0.545,141.38,134.34,10.95,0,0
77.12,75.15,6.73,0.665,88.04,80.16,-16.58,2,0
123.3,62.37,3.41,0.557,118.68,94.07,44.75,3,1
41.93,48.42,1.8,0.303,59.61,40.85,-5.22,1,0
84.72,50.13,1.24,0.453,76.54,92.37,-40.0,0,0
82.21,60.02,3.52,0.557,73.14,92.67,-6.01,5,1
105.22,72.84,5.32,0.614,104.28,99.92,-21.14,6,1
48.73,45.0,2.14,0.423,36.45,30.0,-7.1,0,0
134.82,74.22,3.74,0.771,123.26,108.48,-4.5,2,1
66.13,45.0,0.82,0.405,70.97,72.51,10.43,0,0
121.24,82.76,3.43,0.757,87.62,117.7,1.3,0,0
136.39,67.82,3.8,0.559,126.96,156.56,-22.85,0,0
107.43,62.61,1.58,0.715,93.63,93.31,-13.44,1,0
128.91,67.06,3.36,0.732,133.26,132.33,14.39,1,0
119.42,63.63,3.8,0.712,95.38,136.05,-23.85,0,0
82.66,53.7,1.63,0.521,87.65,84.73,-31.3,0,0
137.06,53.88,1.15,0.758,148.1,121.14,16.67,0,0
75.36,50.57,3.4,0.338,50.53,103.09,-22.59,3,0
108.55,65.46,1.96,0.746,113.76,124.35,-8.77,0,0
129.45,66.6,2.49,0.491,133.45,127.18,4.16,1,0
85.47,50.56,2.68,0.396,92.68,93.66,3.68,2,0
76.33,51.05,3.41,0.54,57.5,84.63,8.53,2,0
95.12,62.24,4.51,0.661,77.03,101.54,-31.53,1,1
138.16,54.06,2.18,0.525,154.69,124.34,48.98,0,0
151.59,77.82,3.44,0.903,147.79,154.83,-27.36,4,1
105.41,53.92,3.86,0.786,102.79,120.02,-8.29,0,0
119.38,74.26,3.5,0.681,128.58,124.42,-11.03,0,0
148.39,76.49,3.69,0.718,136.72,152.36,-4.84,2,1
51.83,46.09,1.42,0.532,47.28,46.46,-1.94,2,0
67.85,56.68,1.9,0.415,74.85,58.81,6.49,4,0
125.07,67.35,2.82,0.653,109.06,109.34,-3.3,0,0
138.85,66.84,2.49,0.863,138.11,146.42,23.15,3,1
142.84,61.04,2.09,0.891,135.14,140.63,-1.03,2,0
89.81,65.19,9.3,0.72,82.93,76.4,21.55,1,1
50.72,45.0,1.11,0.337,59.69,60.48,-27.02,0,0
92.53,64.31,2.1,0.451,106.41,86.66,-32.38,1,1
67.69,51.8,1.56,0.402,66.82,59.11,1.85,0,0
74.94,49.88,2.13,0.481,78.96,69.98,7.89,6,0
132.67,79.08,6.17,0.604,138.8,130.74,-6.54,2,1
49.06,52.32,3.26,0.377,36.53,53.64,-6.45,1,0
139.31,45.47,3.3,0.746,145.09,130.56,22.25,3,1
91.32,58.27,4.23,0.659,76.96,101.42,4.88,1,0
111.53,56.26,4.97,0.709,102.2,116.37,-10.6,0,0
50.76,47.47,1.05,0.558,48.88,45.61,2.62,0,0
80.48,50.92,1.77,0.334,62.44,78.89,4.64,7,0
50.76,49.09,1.48,0.3,30.0,46.54,-32.51,3,0
155.39,78.19,3.21,0.862,152.08,156.04,-16.14,4,1
136.87,77.17,4.01,0.704,152.7,152.07,24.54,0,1
95.16,65.15,2.48,0.597,113.78,90.83,-21.82,0,1
66.83,53.09,2.42,0.302,60.47,68.73,-22.81,0,0
152.01,71.67,2.82,0.638,159.76,145.03,-17.97,3,1
81.35,67.2,2.39,0.579,74.18,86.67,12.93,0,0
59.32,53.22,1.65,0.602,34.56,62.08,-31.9,0,0
107.58,64.84,4.13,0.77,100.25,120.88,10.59,0,0
153.25,59.65,2.76,0.74,152.35,144.96,-6.81,5,1
40.46,55.45,6.6,0.42,38.54,47.37,31.06,1,0
68.57,56.72,3.88,0.619,67.74,81.22,1.89,2,0
152.61,93.75,4.42,0.753,152.29,148.24,19.04,1,1
60.53,49.45,1.18,0.468,51.0,59.26,3.52,1,0
53.59,55.23,2.79,0.603,57.77,55.5,-6.02,0,0
108.42,69.62,3.92,0.721,94.48,106.06,-7.2,0,0
143.42,67.15,2.76,0.874,158.52,145.19,7.7,0,0
97.25,60.07,1.8,0.459,87.4,103.99,-13.24,0,0
159.35,74.84,3.51,0.768,187.51,158.21,30.06,2,1
121.5,67.14,2.27,0.781,121.35,120.28,45.11,1,1
48.89,54.54,5.29,0.3,37.13,51.56,-3.8,1,0
159.14,70.93,3.54,0.875,157.89,155.15,12.28,2,1
88.95,57.27,1.75,0.42,79.71,85.45,4.9,0,0
74.49,68.52,2.28,0.627,82.31,65.5,-40.0,1,0
106.95,58.74,3.22,0.646,107.35,106.52,9.05,1,0
76.52,50.57,2.68,0.387,84.1,80.99,11.74,0,0
50.37,65.99,3.12,0.42,52.36,47.68,-21.48,0,0
40.17,52.68,2.39,0.473,38.01,32.44,-33.27,0,0
93.95,57.43,2.64,0.615,98.73,92.99,10.08,2,0
140.42,74.99,2.97,0.672,156.22,144.39,37.51,0,1
108.68,62.97,5.74,0.766,119.87,109.96,-1.05,1,1
159.9,63.72,2.6,0.767,166.62,182.2,-2.61,2,1
74.42,64.91,1.73,0.506,77.61,67.86,43.14,6,1
73.65,45.0,1.14,0.326,54.34,72.15,6.47,3,0
59.17,73.2,2.4,0.626,90.56,66.96,-6.16,0,0
59.69,45.28,1.19,0.33,60.62,52.74,-12.37,0,0
74.22,70.42,3.43,0.514,80.04,93.5,42.13,0,0
135.14,62.36,1.58,0.807,138.93,135.19,-10.04,0,1
148.69,76.29,5.44,0.612,121.37,154.3,-23.26,0,1
157.01,77.6,3.87,0.762,157.07,157.2,12.1,0,1
67.87,57.04,1.75,0.38,64.38,78.06,-6.49,0,0
145.76,80.67,3.2,0.821,140.3,135.13,5.26,0,1
79.39,53.52,1.95,0.544,68.29,95.11,-0.37,3,0
53.54,45.0,0.93,0.583,49.13,55.86,-4.82,2,0
144.4,74.58,2.28,0.871,159.08,150.99,29.11,0,1
116.33,67.72,1.9,0.688,133.17,108.95,-14.54,1,0
59.77,50.9,1.52,0.549,60.81,63.14,2.64,0,0
91.58,61.54,1.69,0.574,84.26,81.9,-14.1,0,0
74.47,56.41,1.22,0.457,67.27,86.23,25.95,2,0
128.42,62.5,4.49,0.724,132.1,115.52,-1.3,0,0
94.41,66.59,2.28,0.727,99.56,95.95,37.18,1,1
158.71,71.51,3.14,0.723,166.39,154.83,-3.75,0,1
46.57,45.0,0.8,0.345,36.21,30.94,-3.22,1,0
82.6,61.48,1.56,0.483,86.62,73.25,21.59,2,0
97.83,54.43,3.11,0.548,102.18,102.32,-15.02,4,0
100.38,53.62,1.22,0.411,91.85,91.41,22.9,0,0
77.91,56.52,1.23,0.513,55.54,71.22,-10.72,0,0
127.51,76.75,3.73,0.66,118.09,131.24,2.7,1,0
144.97,73.35,2.22,0.75,166.79,154.12,20.74,4,1
152.65,75.17,3.17,0.683,133.98,159.25,-10.7,0,1
136.61,68.29,2.41,0.735,155.12,136.15,-5.32,0,0
142.07,73.7,2.8,0.857,126.48,144.25,-6.1,0,1
106.07,66.58,1.8,0.78,100.4,107.25,-39.04,0,1
139.11,72.69,7.16,0.731,137.23,128.74,-24.53,3,1
76.42,49.05,1.83,0.326,92.33,79.21,5.43,1,0
87.82,72.33,3.41,0.731,90.75,77.36,29.32,1,0
78.03,55.5,2.78,0.596,75.39,84.17,25.99,3,1
96.09,46.53,2.99,0.503,82.92,97.44,11.04,0,0
74.27,70.88,3.46,0.362,75.77,52.63,-26.95,4,1
155.39,67.61,4.01,0.604,149.31,165.18,2.37,2,0
77.54,61.82,2.4,0.38,70.39,72.32,-19.07,0,0
51.77,56.6,1.89,0.3,41.47,45.72,-6.36,1,0
103.22,72.36,4.74,0.751,114.87,112.78,23.01,3,1
46.85,48.06,3.69,0.437,52.73,45.22,14.78,0,0
53.27,54.49,1.29,0.52,40.98,59.24,16.95,7,1
66.33,47.78,1.84,0.61,59.0,59.79,-29.03,3,1
95.72,76.88,4.14,0.684,88.69,103.76,-21.93,2,1
91.99,57.06,1.35,0.709,96.37,93.96,29.31,0,0
135.96,71.99,6.1,0.875,152.34,140.01,35.58,0,1
128.74,67.55,2.95,0.642,131.93,126.95,1.31,1,0
91.16,62.76,3.12,0.734,67.54,107.46,-12.23,2,1
80.04,54.14,1.34,0.609,89.35,98.75,25.76,0,0
77.98,61.51,1.95,0.342,56.63,55.94,-1.09,3,0
132.88,76.87,2.61,0.751,127.32,142.14,8.14,3,1
46.25,53.03,1.44,0.493,46.5,35.45,-16.52,0,0
41.54,49.11,1.76,0.567,39.87,46.64,19.85,1,0
135.47,75.16,5.0,0.636,146.65,117.69,2.0,1,0
97.26,57.98,2.42,0.606,90.04,101.29,-28.67,0,0
55.71,58.35,1.72,0.3,38.11,47.34,-22.86,0,0
68.27,52.96,1.05,0.418,60.88,63.68,-14.44,2,0
151.9,76.91,3.87,0.561,162.84,147.58,32.07,1,1
143.14,70.13,2.83,0.718,153.06,135.79,-7.58,1,0
125.17,70.34,8.26,0.783,129.87,118.1,9.27,1,0
97.87,66.16,4.04,0.456,110.9,93.89,-31.47,0,1
102.44,77.18,4.91,0.598,116.14,100.9,23.71,0,1
157.03,81.79,2.73,0.633,167.14,160.26,-9.19,2,1
155.89,75.92,4.61,0.596,141.68,174.5,-0.07,1,1
65.83,57.55,1.58,0.482,72.87,56.36,10.55,0,0
137.33,61.64,2.82,0.524,133.38,138.6,9.42,0,0
63.67,55.77,2.04,0.506,57.05,71.4,2.67,0,0
65.62,45.0,1.77,0.3,51.43,58.54,27.37,0,0
121.13,64.45,1.88,0.486,116.79,98.56,1.59,0,0
88.6,62.02,2.44,0.566,80.41,69.51,36.38,0,0
151.79,59.84,1.45,0.772,157.26,129.58,14.22,0,1
50.68,46.87,0.68,0.3,42.61,66.08,0.91,1,0
101.38,64.95,3.31,0.613,104.3,107.52,17.51,0,0
150.22,75.1,6.85,0.866,162.18,157.78,9.52,2,1
148.49,76.64,4.65,0.814,149.25,158.31,8.46,3,1
58.78,45.0,1.45,0.309,44.11,53.03,-1.08,0,0
84.0,52.89,1.06,0.569,59.3,107.03,-7.89,2,0
114.29,73.18,2.26,0.692,125.38,117.65,43.68,0,1
59.13,47.87,0.93,0.3,54.07,58.4,38.38,0,0
156.16,79.57,8.16,0.891,159.86,167.26,7.74,2,1
149.77,72.44,2.91,0.892,169.67,156.44,32.62,5,1
60.03,55.65,3.92,0.6,44.58,73.38,13.89,1,0
54.54,45.0,2.33,0.573,54.68,68.48,19.74,0,0
50.25,58.18,2.69,0.529,37.25,46.72,3.31,0,0
149.13,86.04,7.39,0.781,160.62,151.0,17.68,0,1
63.23,47.06,1.02,0.541,35.34,54.14,-3.66,1,0
89.95,55.22,2.02,0.672,101.05,73.67,-7.39,0,0
93.86,64.33,4.66,0.627,103.55,102.23,3.67,1,0
111.88,72.27,3.34,0.547,99.74,121.45,-27.61,2,1
48.61,48.18,1.12,0.376,44.93,30.0,8.54,0,0
67.21,48.99,1.09,0.64,57.2,60.04,2.76,2,0
151.78,66.36,3.88,0.542,155.75,152.34,14.58,2,1
149.01,66.81,1.83,0.807,162.98,150.52,-6.96,3,1
133.75,68.46,5.59,0.863,126.96,154.2,13.96,0,1
42.33,47.96,0.71,0.489,30.0,36.06,2.32,0,0
79.24,54.76,2.58,0.715,94.7,77.53,47.92,5,1
115.36,60.88,2.85,0.701,140.67,121.85,27.17,0,0
73.02,50.8,2.14,0.313,73.21,69.52,-10.67,1,0
149.15,76.83,3.37,0.858,161.14,144.1,-18.31,0,1
116.07,52.49,3.82,0.542,110.92,110.2,1.36,3,0
48.63,51.68,2.52,0.404,46.88,50.96,-19.4,0,0
149.08,67.49,4.13,0.652,154.33,147.32,-10.6,0,1
154.93,76.09,2.55,0.652,153.79,161.76,-17.96,1,1
49.33,54.38,1.14,0.401,61.53,52.9,-4.36,0,0
103.88,56.85,1.25,0.543,104.87,74.73,26.7,2,0
76.4,61.32,1.72,0.563,79.32,58.89,-15.95,2,0
87.14,55.38,2.77,0.667,86.53,82.13,-7.95,1,0
61.56,59.59,2.4,0.384,56.5,71.36,-28.28,3,0
109.37,54.65,3.17,0.494,121.87,102.85,-24.47,2,0
154.96,77.5,2.77,0.812,160.94,158.7,-2.04,0,1
100.37,61.47,2.17,0.649,103.38,106.35,5.24,0,0
49.95,46.63,3.89,0.59,51.94,55.35,-19.71,2,0
114.4,65.71,5.86,0.43,106.62,108.93,-31.24,2,1
80.83,55.92,4.98,0.664,65.21,69.35,-40.0,3,1
142.71,58.92,3.89,0.717,163.91,129.59,13.22,0,1
92.16,45.0,2.25,0.605,105.08,121.87,23.29,0,0
63.14,45.0,4.17,0.306,72.25,67.7,-21.16,1,0
62.93,61.62,3.38,0.442,46.9,81.34,-19.68,0,0
132.25,74.33,6.88,0.568,148.94,123.92,27.83,0,1
71.87,47.18,0.67,0.397,91.42,84.35,5.93,3,0
132.07,65.64,5.56,0.678,146.16,127.3,5.24,0,0
64.71,52.93,2.19,0.599,84.46,64.42,16.72,0,0
78.6,49.29,0.94,0.613,88.44,75.74,-3.06,1,0
95.86,54.34,1.42,0.604,85.78,87.06,-19.04,0,0
153.18,80.23,5.48,0.755,162.38,144.54,10.13,0,1
151.81,75.46,3.39,0.706,141.69,151.42,-29.92,0,1
64.82,59.72,7.48,0.664,58.93,58.95,-31.97,1,0
82.99,48.43,0.89,0.553,85.84,84.25,-11.03,1,0
57.93,49.78,1.58,0.355,55.22,49.55,11.46,0,0
101.2,45.0,1.1,0.476,104.27,108.27,22.46,0,0
95.27,66.95,2.91,0.61,73.97,90.67,-19.2,1,0
148.09,73.86,3.74,0.733,148.91,164.46,15.35,2,1
151.6,58.27,2.92,0.538,156.95,151.09,27.54,5,1
86.03,72.47,2.15,0.67,96.41,85.01,5.87,0,0
99.01,50.24,0.95,0.659,109.95,115.04,16.93,2,0
147.55,77.03,2.48,0.787,154.31,142.6,36.98,0,1
136.8,68.86,4.93,0.518,130.61,132.74,-15.78,0,0
40.44,45.0,1.06,0.346,41.38,33.43,-3.88,0,0
78.41,60.23,2.1,0.689,76.6,80.45,27.9,1,0
90.61,51.06,1.76,0.697,103.36,83.26,-10.55,1,0
67.57,45.0,3.34,0.397,68.63,75.33,3.33,0,0
63.95,45.0,0.52,0.335,57.9,63.48,-14.33,4,0
44.53,45.0,0.69,0.393,31.17,52.92,17.87,0,0
117.2,67.94,3.61,0.574,130.12,124.47,-14.87,0,0
71.5,56.88,6.19,0.567,77.56,66.38,1.82,1,0
46.28,54.23,2.6,0.605,71.63,38.91,-6.17,5,0
67.72,45.27,0.97,0.428,70.6,64.43,-24.96,8,1
136.23,61.06,2.56,0.514,141.82,136.32,-31.37,0,1
142.18,67.96,7.41,0.866,129.91,145.52,-9.1,0,1
97.97,47.35,1.77,0.389,97.48,102.42,8.46,1,0
89.93,59.11,2.05,0.731,88.75,89.61,-0.26,2,0
157.34,76.07,3.09,0.818,171.62,150.53,11.36,1,1
64.07,53.32,6.12,0.649,69.06,58.2,-5.32,0,0
65.84,48.05,2.59,0.357,72.81,71.03,21.2,0,0
75.02,55.65,2.88,0.321,95.04,68.52,23.11,0,0
60.73,48.54,1.11,0.457,48.3,66.33,-3.96,3,0
85.52,47.91,1.9,0.517,95.22,91.45,8.55,0,0
149.3,74.35,2.92,0.66,158.71,164.64,-3.68,3,1
113.84,70.55,2.45,0.805,141.69,109.03,48.94,0,1
89.43,64.15,5.04,0.677,99.44,86.18,19.55,2,0
152.13,78.73,3.25,0.801,163.37,129.0,3.77,0,0
45.82,49.07,1.24,0.3,50.03,36.38,-1.0,3,0
65.23,55.72,5.17,0.569,75.68,55.67,-1.79,4,0
107.91,81.79,3.04,0.695,127.25,112.96,4.3,0,0
113.87,54.38,3.12,0.592,103.87,131.94,-0.56,0,0
44.75,48.71,2.31,0.584,39.72,50.55,-33.23,0,0
88.36,61.82,5.31,0.412,105.43,98.27,4.05,3,0
117.9,63.7,4.3,0.541,93.21,110.79,-14.71,0,0
123.77,67.29,3.67,0.477,120.28,111.79,-1.89,0,0
116.58,68.87,2.5,0.748,121.33,114.16,5.52,6,1
78.47,66.99,2.85,0.564,75.63,72.23,-0.85,2,0
51.22,45.0,4.84,0.36,65.39,42.61,14.37,3,0
91.25,65.07,1.74,0.419,93.35,93.44,-1.38,2,0
55.45,55.51,3.5,0.3,44.8,43.59,12.46,0,0
153.71,61.28,1.91,0.608,146.26,161.98,8.11,3,0
97.02,64.28,1.96,0.552,99.45,93.03,41.64,1,0
78.07,53.24,1.39,0.413,88.32,77.62,17.76,1,0
131.96,61.53,1.58,0.579,133.21,132.95,-12.79,0,0
99.75,51.48,8.13,0.729,100.73,95.09,-2.33,7,1
77.2,48.95,3.8,0.518,67.21,89.86,-14.13,3,0
137.44,76.67,3.5,0.784,145.6,121.38,4.23,0,0
144.06,71.97,4.0,0.526,146.41,156.89,20.94,0,1
120.76,62.85,2.79,0.588,111.84,117.29,-10.29,2,0
45.64,54.28,3.56,0.409,54.12,54.84,-5.99,0,0
107.96,66.27,4.57,0.478,126.0,109.97,18.31,0,0
131.6,65.39,2.12,0.523,130.64,140.1,-15.15,1,0
56.38,49.83,1.71,0.597,59.95,55.2,-13.95,0,0
67.44,61.16,2.98,0.658,55.34,69.82,0.83,3,0
145.9,70.52,7.79,0.549,153.73,156.88,-28.33,4,1
42.41,51.25,2.6,0.347,42.92,43.37,-8.44,5,0
130.33,78.46,5.93,0.854,131.5,143.63,15.99,0,1
96.85,46.59,3.4,0.404,84.01,100.37,-39.43,0,1
93.61,57.43,2.55,0.618,116.15,86.29,-20.43,1,0
40.85,45.0,3.86,0.591,45.27,37.3,-23.6,2,0
138.33,79.63,3.29,0.886,133.04,147.21,-40.0,0,1
83.18,55.44,1.84,0.518,91.81,70.78,38.45,0,0
104.89,61.74,3.78,0.46,104.84,112.82,2.14,1,0
121.28,52.48,1.17,0.525,120.48,117.62,-12.47,1,0
124.32,80.17,3.16,0.809,140.23,111.42,-15.26,1,1
154.72,69.07,3.35,0.909,129.54,156.79,27.03,0,1
103.76,68.35,2.72,0.634,82.77,96.76,1.29,2,0
87.97,61.78,5.75,0.65,105.52,82.25,6.47,1,0
154.44,74.32,7.03,0.839,157.68,148.19,23.57,1,1
117.05,64.56,2.72,0.696,113.85,118.2,5.4,2,0
75.78,54.36,2.22,0.638,60.49,71.88,-16.68,0,0
55.18,61.83,3.44,0.52,55.9,59.09,-10.56,4,0
141.11,70.68,2.96,0.717,147.25,151.23,-7.55,0,0
83.46,45.76,0.86,0.425,97.25,88.88,-11.39,0,0
119.26,65.08,3.77,0.735,126.43,137.31,23.6,1,1
96.5,60.84,3.46,0.559,92.04,117.01,-11.55,0,0
63.87,57.1,1.65,0.39,64.53,60.97,24.69,0,0
112.2,62.53,4.24,0.737,128.26,100.68,-6.89,0,0
47.28,47.34,2.07,0.501,55.99,44.39,-6.43,1,0
89.6,63.2,2.0,0.724,99.53,90.78,-3.18,4,0
105.59,65.03,3.29,0.463,106.15,127.85,-15.91,2,1
92.33,51.18,1.27,0.617,85.68,88.58,-13.88,1,0
129.84,68.69,2.38,0.567,116.79,132.62,3.39,2,0
139.35,70.64,4.86,0.859,130.25,132.54,17.08,6,1
132.55,62.05,5.5,0.517,135.63,129.08,6.92,0,1
44.66,64.12,2.09,0.476,48.17,32.51,-19.68,1,0
63.3,54.28,5.0,0.586,76.15,48.67,-4.36,0,0
104.39,65.82,2.16,0.535,109.84,118.0,-7.69,0,0
152.18,82.31,2.93,0.918,171.15,162.84,40.1,0,1
140.19,65.29,1.81,0.841,143.45,136.5,19.37,0,1
141.1,55.28,1.53,0.621,150.78,151.74,26.69,3,1
76.38,56.51,1.92,0.312,58.61,63.32,-21.65,2,0
91.53,49.48,4.71,0.473,88.28,89.8,-24.55,0,0
96.48,46.37,1.0,0.482,72.15,98.23,-1.85,0,0
58.88,62.83,2.25,0.613,59.52,71.55,-7.97,1,0
43.73,45.87,2.54,0.598,58.39,45.7,12.58,2,0
153.63,63.36,2.14,0.569,153.85,159.08,7.54,2,1
68.89,67.53,3.58,0.475,75.05,64.19,-4.03,0,0
68.79,45.0,1.35,0.506,70.19,71.43,18.77,2,0
50.01,45.0,0.83,0.3,37.16,62.65,-32.71,4,1
151.42,68.13,3.87,0.685,150.89,135.26,1.7,0,1
109.57,59.64,1.42,0.536,122.44,120.93,18.65,2,0
120.04,59.61,1.9,0.655,129.74,117.94,35.49,0,0
149.39,65.61,2.4,0.793,145.83,135.33,0.65,0,0
81.47,69.44,2.89,0.606,64.94,78.8,14.37,1,0
114.58,62.49,3.26,0.478,114.63,127.48,21.48,1,0
44.66,55.77,2.07,0.539,36.46,39.83,37.96,1,0
62.41,53.37,2.36,0.539,59.06,65.41,4.15,4,1
139.75,75.86,3.71,0.855,127.39,123.62,30.76,0,1
132.01,74.23,2.95,0.656,145.62,113.76,21.38,1,0
82.08,53.93,5.11,0.684,82.59,71.31,-27.36,0,1
85.22,63.19,6.27,0.682,87.51,95.35,1.66,3,0
104.03,66.16,3.08,0.567,93.38,103.52,-21.82,0,0
40.03,57.13,1.34,0.353,31.75,51.03,23.41,0,0
68.95,71.98,3.13,0.66,71.62,80.53,4.37,8,1
64.99,55.76,1.45,0.561,56.85,57.41,-27.82,1,0
70.06,66.52,2.78,0.661,68.7,85.73,15.21,4,1
136.71,53.54,1.33,0.809,157.52,131.26,34.19,0,1
73.56,67.01,3.65,0.544,51.45,83.56,-18.31,1,0
62.98,45.0,0.63,0.315,59.5,72.58,-9.79,2,0
100.51,57.34,5.84,0.498,89.05,101.16,-2.1,7,1
143.88,78.65,2.84,0.899,165.9,144.54,-21.58,0,1
68.96,51.14,2.49,0.415,63.09,72.17,9.84,0,0
49.42,47.79,4.4,0.3,30.86,50.58,21.16,1,0
82.77,70.31,2.45,0.611,80.41,78.87,-12.89,0,0
129.72,67.34,5.92,0.763,137.17,124.96,36.9,2,1
106.08,52.61,1.7,0.512,137.64,102.26,33.68,8,1
138.02,80.22,7.46,0.613,112.96,150.2,-13.91,3,1
155.15,76.79,7.74,0.733,143.42,139.27,5.56,0,1
135.12,77.58,2.77,0.494,148.66,130.15,35.53,2,1
112.46,72.74,4.83,0.733,97.01,109.2,-5.17,1,0
99.2,49.73,1.11,0.504,97.41,96.92,6.17,0,0
44.81,56.64,1.58,0.556,38.13,47.78,-12.98,1,0
158.12,70.22,2.14,0.875,155.94,144.64,-3.25,4,1
86.02,59.52,1.63,0.603,84.0,96.27,11.61,0,0
58.27,49.33,2.26,0.385,49.97,67.14,-7.39,1,0
120.01,54.34,1.96,0.647,133.62,126.75,-2.25,0,0
74.11,48.93,3.08,0.48,87.66,72.04,27.49,3,1
110.29,77.14,3.03,0.546,114.34,102.91,10.71,0,0
110.41,68.49,7.1,0.75,110.59,107.16,-8.55,1,1
93.49,58.14,1.37,0.554,95.67,94.1,32.64,1,0
140.33,86.09,3.06,0.834,154.68,147.0,45.22,1,1
71.8,47.93,2.49,0.337,78.57,70.98,21.65,0,0
93.84,55.38,4.4,0.418,94.63,97.44,-21.1,1,0
104.52,73.73,4.6,0.784,126.54,100.18,18.34,1,1
119.63,63.49,2.62,0.674,113.72,122.5,7.64,1,1
134.08,63.54,2.08,0.686,149.48,131.58,-20.83,1,1
87.38,45.0,0.52,0.551,94.86,90.06,25.2,0,0
117.53,55.54,2.2,0.519,108.58,99.86,-0.71,1,0
58.07,47.13,1.6,0.542,59.7,62.94,21.02,2,0
151.92,69.64,2.61,0.57,154.93,157.32,-3.99,0,1
85.97,54.3,2.35,0.567,83.61,91.26,7.54,0,0
127.54,83.01,4.74,0.691,127.53,117.67,9.57,0,0
42.44,45.0,2.31,0.573,30.0,35.34,-2.83,1,0
64.62,63.11,2.04,0.484,54.04,55.94,3.55,0,0
98.45,58.56,2.63,0.43,92.19,101.75,-5.6,1,0
145.39,77.59,2.7,0.745,141.42,151.97,-23.28,0,1
103.27,62.87,1.77,0.426,89.53,96.3,-40.0,0,0
151.58,54.12,3.36,0.616,164.64,164.74,-4.58,0,0
98.06,55.79,2.92,0.387,92.54,111.08,11.48,0,0
98.85,59.04,3.53,0.582,124.49,100.23,-5.88,3,0
54.37,45.0,0.75,0.3,51.04,58.08,17.43,1,0
136.32,72.08,5.82,0.677,150.33,119.52,32.05,2,1
69.64,70.51,2.25,0.662,68.38,64.35,7.88,0,0
147.95,55.28,4.18,0.812,144.25,135.43,-4.84,0,0
149.3,64.13,2.3,0.559,151.63,140.2,19.61,0,0
153.2,61.49,1.66,0.629,169.33,158.34,28.89,3,1
102.43,63.79,2.13,0.657,102.49,109.99,-4.02,2,0
121.25,67.45,2.15,0.802,130.65,129.23,6.22,1,0
133.42,59.61,2.39,0.493,134.38,135.84,-14.16,0,0
55.72,58.99,5.83,0.572,53.99,60.96,4.29,2,0
112.11,75.8,2.94,0.641,112.37,96.22,-37.08,4,1
44.12,67.52,3.27,0.431,30.0,31.22,-12.32,1,0
99.71,60.34,4.75,0.762,102.82,97.62,-13.8,0,1
58.58,45.0,1.99,0.555,65.52,64.56,1.88,0,0
61.95,59.85,2.07,0.606,65.62,57.48,-12.48,2,0
83.81,67.17,8.87,0.473,83.48,70.2,-34.6,0,1
91.89,65.42,2.04,0.577,100.14,84.97,-7.65,1,0
114.78,76.72,3.51,0.671,118.53,105.45,-6.69,1,1
48.93,46.15,2.96,0.355,44.21,31.69,16.81,4,1
100.44,57.54,1.25,0.609,109.45,122.69,-7.03,0,0
61.92,50.61,2.65,0.36,58.76,74.24,-16.83,1,0
108.88,57.12,1.69,0.464,103.32,89.12,-24.23,0,0
116.49,68.09,2.16,0.579,121.69,97.27,23.17,3,1
106.81,71.71,2.58,0.696,108.31,98.75,-3.26,0,0
128.6,78.93,7.64,0.832,129.86,113.7,5.54,2,1
80.27,59.71,4.72,0.504,80.22,104.1,-27.82,0,0
131.81,71.31,2.44,0.733,136.47,123.79,-29.26,3,1
91.93,60.78,1.63,0.397,74.63,95.55,-24.89,6,1
98.1,50.88,1.53,0.736,104.82,93.04,32.58,1,0
117.77,67.16,3.18,0.661,141.15,106.1,-7.96,1,1
42.2,51.17,3.9,0.519,30.0,52.68,-17.37,1,0
118.48,69.59,7.05,0.753,115.51,125.03,-1.25,6,1
114.23,61.15,3.56,0.525,146.1,113.63,4.68,1,0
77.18,59.18,2.72,0.523,65.78,101.0,2.91,0,0
50.3,50.4,1.05,0.615,66.03,52.65,-7.09,1,0
50.91,54.54,1.19,0.3,42.17,46.35,-24.19,0,0
150.79,77.57,3.81,0.806,155.62,169.94,51.34,2,1
122.71,71.79,3.27,0.833,125.8,126.75,-15.32,0,1
55.25,45.0,3.31,0.366,55.68,71.53,14.53,4,1
82.81,66.45,2.37,0.673,65.31,82.42,-25.71,3,1
111.1,69.28,2.02,0.787,117.07,80.95,-24.75,0,0
140.27,67.24,2.66,0.8,139.42,124.68,-2.05,0,0
45.24,45.6,5.76,0.308,30.0,56.07,-31.76,1,0
68.4,56.63,3.58,0.419,78.22,62.51,-2.16,0,0
146.77,70.74,2.1,0.535,120.17,149.3,-27.62,2,1
41.1,54.47,4.18,0.536,65.6,52.44,34.78,1,0
64.17,57.08,2.18,0.612,71.82,65.96,-23.93,0,0
155.08,81.9,3.39,0.798,142.72,146.49,5.98,1,0
113.61,71.25,2.71,0.562,128.9,113.5,12.78,0,0
71.4,55.49,2.49,0.325,56.89,72.47,-11.38,5,0
48.04,47.73,1.8,0.525,38.09,43.96,-18.62,0,0
43.38,45.0,2.1,0.501,30.0,30.0,-3.59,0,0
69.37,54.43,2.34,0.653,60.06,65.81,-0.6,6,0
145.78,87.28,3.27,0.81,141.02,144.85,4.71,0,1
89.91,63.99,2.09,0.681,101.35,75.48,0.88,4,0
126.44,84.29,5.62,0.758,143.6,117.26,-12.03,0,1
150.19,72.76,3.8,0.783,138.96,143.03,10.2,0,0
88.96,55.98,2.05,0.518,90.56,70.36,0.74,0,0
62.95,56.17,1.47,0.63,41.46,64.24,-21.78,6,1
102.05,62.33,1.55,0.647,106.28,104.42,-15.92,0,0
148.97,65.59,2.3,0.686,176.64,143.53,30.44,1,1
136.52,57.01,1.31,0.523,113.63,122.84,13.47,1,0
47.9,50.69,1.83,0.34,30.52,51.97,1.67,3,0
123.11,74.02,4.83,0.667,133.17,128.57,16.6,0,1
108.63,77.81,2.97,0.516,117.09,109.61,25.34,0,0
148.9,66.18,4.59,0.615,137.91,149.31,-12.01,2,1
54.7,48.61,2.55,0.455,69.48,60.64,45.81,1,0
104.08,53.22,1.19,0.46,91.5,103.13,-25.36,1,0
145.54,82.13,4.28,0.837,170.35,136.36,8.03,0,1
89.2,64.12,1.89,0.541,93.65,88.5,-11.66,4,1
97.84,55.11,2.7,0.603,113.16,93.92,8.8,0,0
48.46,45.0,0.73,0.3,46.91,47.75,30.38,0,0
73.38,59.92,2.14,0.43,77.86,82.22,-2.05,0,0
78.94,58.04,2.54,0.481,85.08,66.92,10.66,0,0
153.41,81.41,2.76,0.864,172.42,155.19,-40.0,3,1
73.92,51.65,1.15,0.61,73.72,61.39,7.6,2,0
95.3,45.0,1.08,0.455,81.61,86.12,11.12,0,0
120.56,60.66,2.37,0.688,121.37,136.29,2.62,2,0
59.46,54.13,3.98,0.356,46.57,64.04,-25.64,1,1
98.37,80.29,2.93,0.77,94.56,99.98,-23.52,0,1
128.62,68.96,2.58,0.847,153.42,112.04,2.41,0,0
144.02,87.47,4.02,0.737,154.24,141.67,-16.65,1,1
115.15,72.21,2.66,0.705,124.17,94.42,32.88,3,1
120.29,58.83,2.8,0.761,136.39,120.66,16.47,1,0
55.15,54.62,1.52,0.534,61.24,42.68,29.05,1,0
153.49,81.08,4.88,0.82,180.31,159.07,8.2,3,1
55.91,45.0,1.56,0.631,31.4,57.52,-26.02,0,0
132.96,73.89,2.37,0.717,123.34,120.8,-17.46,0,0
71.78,64.22,3.13,0.55,62.37,75.59,-13.03,2,0
152.03,78.99,3.8,0.876,141.04,172.97,-14.39,1,0
126.4,68.21,2.51,0.727,130.29,124.37,23.94,4,1
130.46,68.97,1.96,0.765,135.67,139.26,19.05,0,1
66.29,49.14,1.08,0.373,85.44,45.26,14.45,0,0
93.16,49.94,1.58,0.508,102.17,97.84,-25.37,1,0
114.14,55.84,1.49,0.481,105.67,108.44,1.08,0,0
132.4,65.43,3.02,0.679,139.92,129.71,-1.83,5,1
52.48,50.66,2.71,0.42,30.0,58.43,14.07,4,0
155.48,74.56,5.18,0.945,164.1,153.05,20.42,1,1
146.83,66.56,3.36,0.765,151.19,130.65,4.74,0,1
72.44,62.98,3.33,0.612,61.85,87.71,-40.0,1,0
138.73,70.65,3.45,0.63,136.91,124.23,-3.36,2,0
102.2,61.04,7.81,0.719,96.27,93.8,-14.72,1,1
95.42,64.66,2.13,0.612,84.47,96.7,1.82,0,0
77.73,54.79,1.55,0.592,85.67,79.11,-16.59,2,0
109.72,61.57,1.7,0.527,120.66,114.0,10.19,4,1
127.59,74.52,3.27,0.682,135.35,128.92,-36.04,2,1
89.31,55.71,1.29,0.602,84.09,100.8,-27.55,0,0
115.51,57.17,1.7,0.662,108.8,120.41,-19.19,2,0
123.92,69.52,2.96,0.818,123.39,112.06,-10.09,7,1
125.33,61.14,6.21,0.815,127.0,99.35,7.83,2,1
46.24,51.67,5.88,0.607,35.91,47.75,-34.95,0,0
143.17,70.42,4.07,0.776,159.35,157.83,-3.45,0,1
94.99,47.35,1.38,0.754,95.64,82.47,-10.76,0,0
71.49,61.62,4.5,0.627,81.22,60.99,17.25,1,0
69.01,50.46,3.95,0.395,48.12,72.56,-13.9,4,0
97.96,68.09,5.5,0.545,88.6,102.79,-22.09,1,0
146.42,70.34,3.55,0.615,157.02,157.64,-14.12,0,0
85.4,57.91,1.61,0.338,90.64,101.81,-7.33,2,0
129.97,72.95,2.32,0.545,114.44,132.33,-37.44,0,0
51.62,45.82,4.24,0.3,49.26,42.35,28.08,0,0
97.13,62.55,1.64,0.659,102.26,88.17,2.49,2,0
159.0,62.52,2.08,0.727,153.05,153.57,-19.42,0,1
132.45,75.1,3.31,0.602,136.78,142.76,-16.81,0,0
65.26,54.78,1.12,0.58,45.91,60.26,-31.41,1,0
100.17,57.32,4.8,0.714,91.32,109.79,2.25,1,0
68.03,63.74,2.13,0.674,76.71,52.79,-25.42,2,0
89.15,45.0,0.54,0.604,89.59,92.02,-2.98,0,0
133.61,65.17,9.29,0.665,135.9,126.1,11.47,1,1
132.55,72.73,2.72,0.6,130.44,137.77,-11.6,1,0
67.37,47.82,3.81,0.371,69.24,64.81,-17.28,0,0
150.67,64.5,2.58,0.617,158.03,158.64,18.76,0,1
111.11,59.68,3.01,0.577,120.15,106.76,-15.86,0,0
85.59,48.61,1.13,0.733,89.77,85.33,-2.91,0,0
100.23,61.07,2.51,0.381,91.19,108.31,-2.45,1,0
112.61,59.95,1.84,0.497,103.86,111.59,-15.25,1,0
107.19,57.59,5.78,0.477,92.04,107.77,-29.14,1,1
98.37,60.92,1.55,0.662,94.77,105.97,-11.85,2,0
100.59,59.76,1.87,0.523,91.77,99.82,1.72,1,0
61.17,56.41,4.54,0.446,77.32,45.32,-5.04,0,0
137.53,65.57,2.71,0.552,124.01,131.82,1.43,0,0
105.01,51.65,2.27,0.557,116.6,85.78,1.2,1,0
55.73,51.39,2.47,0.3,46.52,53.23,-15.5,0,0
131.94,72.01,2.23,0.689,131.24,136.65,-13.41,0,1
151.89,70.09,2.03,0.575,156.2,153.14,6.33,2,0
153.68,83.51,6.98,0.857,141.8,167.62,14.35,0,1
84.28,58.34,1.78,0.559,73.87,97.11,-3.01,1,0
56.26,61.18,2.19,0.538,40.14,58.83,-25.43,0,0
102.21,70.53,3.75,0.554,96.73,78.29,16.94,0,0
53.51,53.43,1.41,0.393,38.47,60.23,-23.46,7,0
152.08,63.46,3.59,0.576,167.39,144.36,38.78,5,1
62.03,51.78,1.83,0.476,52.54,70.84,-7.64,5,0
70.33,63.14,4.5,0.497,39.73,73.46,-31.11,1,1
88.8,47.68,1.15,0.534,83.46,95.36,7.39,0,0
85.98,57.51,1.59,0.634,96.35,91.0,-0.42,0,0
135.36,69.88,4.67,0.819,159.3,159.26,19.94,0,1
94.76,56.27,1.77,0.665,93.3,99.97,0.92,0,0
60.49,54.66,1.88,0.319,48.67,47.69,-30.74,0,0
72.07,58.57,3.68,0.545,70.79,82.78,-1.9,1,0
101.09,52.07,2.44,0.415,102.38,96.79,9.67,0,0
57.69,57.67,2.13,0.531,42.77,71.15,-5.44,5,0
113.4,61.72,1.93,0.573,109.92,128.83,20.87,1,0
107.89,52.87,3.14,0.457,104.43,114.11,3.88,0,0
125.76,65.43,2.02,0.802,130.36,112.99,-2.06,0,0
152.52,77.01,6.37,0.783,154.45,147.92,4.75,0,1
149.47,77.25,2.68,0.67,139.65,162.88,-13.78,3,1
153.53,64.94,4.15,0.553,156.65,173.52,8.05,0,0
69.37,58.29,2.13,0.503,66.89,69.99,5.23,1,0
55.79,66.36,2.09,0.617,55.56,53.04,-22.41,2,0
76.27,47.81,1.44,0.547,62.23,64.47,6.89,0,0
147.41,78.87,2.91,0.911,161.31,135.74,47.15,0,1
156.65,75.92,2.57,0.605,145.36,158.97,4.19,0,0
143.12,70.72,2.45,0.737,165.25,150.13,-25.48,2,1
53.2,62.12,4.56,0.559,38.23,38.33,-15.17,0,0
153.69,88.73,3.29,0.751,165.86,161.98,-16.94,3,1
90.8,57.24,6.63,0.389,63.68,104.53,-18.81,0,0
41.12,46.95,0.62,0.437,30.0,47.42,6.79,0,0
93.09,67.4,3.45,0.604,86.51,109.62,-16.22,0,0
45.53,56.93,4.13,0.508,30.0,49.08,26.16,0,1
105.27,47.17,4.71,0.7,116.03,108.92,-40.0,0,0
80.63,59.33,1.59,0.63,80.97,84.09,-4.29,1,0
96.81,59.15,3.15,0.636,114.34,110.41,15.59,1,0
113.58,63.99,1.81,0.507,109.72,118.96,-23.88,1,0
144.26,68.64,2.57,0.674,148.66,138.96,-17.38,1,0
119.43,67.54,3.83,0.749,119.18,123.66,13.49,0,0
92.09,57.71,1.9,0.738,84.35,96.42,30.84,4,1
138.33,70.56,2.6,0.527,131.98,136.21,33.65,3,1
148.67,83.89,3.02,0.74,137.03,158.9,-12.06,3,1
54.37,45.0,0.6,0.368,54.38,55.29,24.33,1,0
103.83,49.34,0.94,0.482,97.77,110.88,-4.27,3,0
74.14,55.38,4.25,0.505,71.03,79.24,14.95,1,0
45.65,49.63,0.79,0.459,76.72,38.39,11.74,1,0
120.23,68.85,3.7,0.445,112.28,110.43,-24.4,2,1
143.53,64.99,3.9,0.823,151.75,136.38,32.94,1,1
59.55,51.33,2.14,0.587,58.63,58.74,33.07,0,0
137.49,59.06,3.31,0.879,156.95,153.4,2.16,8,1
142.41,76.97,4.0,0.579,144.86,141.93,18.08,1,1
149.72,74.89,3.21,0.767,149.8,153.46,-2.57,1,1
71.83,50.68,1.56,0.466,96.67,80.56,51.67,0,0
148.47,61.0,5.71,0.659,139.35,144.89,-31.44,0,1
78.48,48.2,6.05,0.542,74.99,74.33,-4.96,3,0
106.28,68.14,3.47,0.712,119.51,116.8,-19.43,2,1
46.06,45.0,0.83,0.3,30.24,51.74,-36.47,3,0
45.27,54.11,1.94,0.604,54.52,39.63,2.54,1,0
126.44,84.35,3.89,0.783,124.36,122.32,-9.15,2,1
93.34,59.58,3.5,0.66,106.59,94.19,-11.58,2,0
70.76,50.29,2.47,0.596,82.41,74.05,20.9,0,0
62.85,54.21,2.14,0.424,58.25,75.29,21.08,0,0
120.39,59.52,3.08,0.742,111.23,125.71,4.65,3,0
40.05,58.42,1.34,0.355,30.45,30.21,-38.58,0,0
136.71,83.07,5.03,0.85,141.52,128.84,8.52,3,1
49.51,45.28,0.87,0.3,54.17,52.61,8.26,1,0
62.98,45.0,2.1,0.386,62.54,64.41,-15.38,1,0
86.35,55.46,1.31,0.56,91.99,77.91,9.05,0,0
98.18,56.71,1.39,0.502,100.42,108.71,-8.01,0,0
82.6,59.01,1.4,0.497,90.7,60.12,-10.71,0,0
78.49,63.36,5.22,0.512,74.33,81.84,-23.37,0,0
155.67,69.83,3.38,0.89,163.44,140.2,18.9,2,1
116.99,72.13,2.8,0.64,118.13,125.8,23.85,0,0
42.81,51.08,3.19,0.353,32.62,40.16,-7.64,1,0
91.62,53.04,2.46,0.454,100.84,99.1,22.33,1,0
145.0,62.61,3.01,0.678,158.46,141.09,34.21,5,1
76.17,56.61,2.2,0.515,88.94,89.43,8.75,3,0
51.35,45.1,0.52,0.532,40.83,32.69,-6.65,1,0
131.01,71.35,2.53,0.521,133.64,139.8,9.77,3,1
112.72,53.21,1.17,0.507,123.97,106.64,-9.46,2,0
108.44,65.53,3.36,0.557,125.62,112.19,18.43,0,1
46.43,46.99,1.05,0.363,30.0,50.6,-5.49,4,0
56.86,46.29,1.47,0.407,52.97,42.94,-25.47,2,0
114.71,66.52,2.45,0.742,115.27,124.68,-23.03,2,1
64.94,58.91,1.57,0.404,80.12,68.88,-10.15,2,0
100.49,52.78,5.74,0.582,73.62,101.66,-4.21,0,0
105.39,60.57,5.5,0.646,93.73,109.24,-11.9,0,1
74.02,47.21,0.77,0.395,87.12,75.27,6.1,0,0
153.81,75.02,4.94,0.829,152.75,162.16,24.06,2,1
141.1,65.92,2.76,0.722,127.92,136.38,1.38,1,0
126.68,54.1,3.27,0.639,145.6,135.05,-2.11,0,0
49.36,45.32,0.76,0.552,31.22,55.08,-26.84,0,0
52.74,59.26,1.57,0.336,59.71,51.02,8.98,2,0
99.13,66.36,5.1,0.731,83.02,117.6,-25.53,1,1
59.29,53.94,4.46,0.482,39.62,63.8,12.72,1,0
157.39,73.03,3.12,0.796,163.71,159.34,7.58,0,0
59.02,55.17,4.17,0.607,48.98,64.76,-2.69,1,0
98.5,60.83,3.1,0.703,103.81,97.45,-14.53,0,0
83.69,62.04,1.83,0.572,104.75,95.71,21.68,2,1
116.73,68.0,2.48,0.731,117.5,116.51,20.7,0,0
55.48,45.0,0.72,0.42,71.41,63.68,5.51,0,0
91.64,61.37,3.71,0.574,95.01,80.96,18.39,4,1
72.96,45.0,6.82,0.324,78.91,55.01,-4.31,0,0
146.53,70.26,3.2,0.556,117.4,150.56,-15.69,0,0
44.87,45.0,2.1,0.546,51.43,41.03,40.83,0,0
149.65,67.09,3.88,0.553,154.5,147.72,-4.26,3,1
139.96,58.32,1.68,0.568,134.99,116.55,7.23,2,0
75.71,58.51,1.92,0.625,98.96,92.71,4.62,6,0
134.71,67.87,2.67,0.485,126.49,135.76,0.93,2,0
43.75,56.69,2.56,0.324,30.0,57.09,5.66,0,0
156.02,63.66,4.47,0.782,169.04,142.1,-9.71,0,1
103.19,69.5,2.41,0.628,86.66,104.18,-20.96,2,1
76.39,59.38,2.32,0.62,77.71,80.47,10.88,4,0
83.51,54.19,3.14,0.533,98.25,84.85,10.28,4,0
47.97,54.71,1.22,0.428,50.5,50.3,22.37,2,0
158.72,74.81,3.37,0.846,160.68,144.82,5.84,2,1
44.72,53.57,1.25,0.414,36.77,47.89,29.51,2,1
118.59,59.32,2.52,0.679,135.36,110.16,20.93,2,1
93.13,59.0,3.53,0.718,80.86,86.95,27.68,0,0
153.87,78.74,2.93,0.702,165.21,154.04,36.08,0,1
69.52,63.39,4.44,0.443,92.7,66.0,0.03,1,0
103.85,56.66,1.81,0.393,106.23,100.91,27.84,2,1
97.88,45.0,0.82,0.619,95.41,109.12,15.69,0,0
124.34,60.38,2.36,0.465,119.72,122.78,13.35,0,0
48.16,49.6,3.91,0.426,38.92,44.19,16.71,1,0
63.25,54.15,1.16,0.591,55.27,62.02,-9.56,0,0
65.75,56.15,1.76,0.497,65.11,54.63,5.59,0,0
128.58,61.79,3.1,0.574,136.2,130.2,-3.76,6,1
62.7,61.34,2.14,0.583,81.68,69.92,51.07,4,1
108.82,52.51,1.06,0.514,83.63,111.96,-26.15,0,0
65.83,64.3,2.26,0.571,35.97,66.2,-37.94,1,1
143.39,82.72,5.34,0.754,166.04,149.41,-3.39,2,1
153.06,63.25,6.76,0.607,153.89,147.52,-0.58,1,0
102.22,59.16,1.41,0.749,106.51,102.61,1.03,0,1
82.28,56.89,2.48,0.407,84.43,96.26,17.1,3,1
68.09,50.4,0.99,0.68,67.45,65.15,0.24,1,0
45.97,45.0,2.21,0.3,63.68,52.05,-0.06,0,0
72.22,60.1,1.42,0.402,74.16,78.55,9.66,1,0
118.51,67.33,1.86,0.515,111.45,110.93,17.44,0,0
104.03,70.91,4.3,0.398,95.69,110.91,-0.44,1,0
153.28,76.51,2.51,0.833,156.22,147.22,17.1,2,1
87.55,55.86,1.7,0.62,78.63,91.84,-2.96,0,0
123.26,69.52,6.73,0.767,146.87,117.03,7.13,0,0
98.72,57.22,7.56,0.479,97.78,101.53,12.1,2,1
101.51,59.83,1.65,0.562,86.71,102.8,-3.29,1,0
72.13,56.15,2.4,0.56,76.2,73.25,20.11,0,0
94.59,52.66,2.19,0.54,110.66,97.31,35.79,1,0
96.49,64.16,2.55,0.648,110.19,91.19,4.81,2,0
124.8,58.06,5.16,0.708,117.84,113.13,8.17,1,0
152.88,64.03,3.75,0.584,139.26,153.69,12.41,1,0
79.52,58.37,3.47,0.631,97.27,90.55,16.26,0,0
45.06,45.0,0.97,0.503,30.0,50.9,1.65,3,0
99.56,67.84,2.73,0.641,104.83,104.03,5.22,0,0
105.34,45.0,1.5,0.458,95.67,100.23,-0.23,0,0
60.21,54.41,1.6,0.368,71.33,62.08,14.95,2,0
131.26,57.91,1.42,0.631,119.22,122.95,-16.96,0,0
158.19,69.06,2.15,0.667,149.96,153.96,-34.68,7,1
153.49,73.95,2.54,0.632,161.53,157.06,2.44,1,0
63.65,71.26,2.42,0.593,73.06,45.49,1.66,3,0
145.04,73.33,2.62,0.77,164.77,162.34,39.02,1,1
124.54,53.3,1.44,0.68,131.81,111.2,8.97,2,1
94.46,63.69,2.53,0.454,95.73,113.35,10.75,1,0
104.87,64.65,2.75,0.762,120.7,96.48,0.51,1,0
141.95,67.84,2.42,0.582,125.15,133.46,-19.13,2,1
97.62,67.32,5.41,0.691,88.88,93.64,-19.39,4,1
84.78,46.67,1.81,0.721,71.76,80.39,-29.19,0,0
99.19,63.13,3.91,0.668,68.33,93.14,-2.35,0,0
109.5,65.2,5.58,0.806,123.71,105.79,12.63,2,0
62.69,62.67,1.83,0.528,78.42,63.61,34.45,0,0
148.11,74.09,3.08,0.611,155.01,139.13,13.34,2,1
120.9,51.35,1.73,0.524,123.95,129.31,5.89,0,0
115.99,71.68,2.76,0.558,116.17,130.11,-35.58,1,0
51.94,49.94,0.81,0.3,46.6,32.49,31.68,1,0
112.5,54.8,3.63,0.69,134.65,131.05,11.78,0,0
54.52,48.84,0.91,0.351,68.13,62.24,-30.7,4,0
49.44,60.02,9.5,0.554,41.51,52.02,0.1,2,0
103.28,51.83,3.13,0.534,115.25,97.53,-8.61,2,0
88.33,67.82,3.17,0.537,101.83,90.0,-8.49,2,0
110.66,57.47,1.5,0.798,122.43,119.63,10.68,0,0
50.71,45.0,1.59,0.329,49.94,76.81,-10.96,1,0
91.72,54.75,1.54,0.644,96.83,113.64,21.04,2,0
60.97,64.41,2.1,0.565,42.49,45.69,-11.32,0,0
158.45,67.92,4.53,0.644,140.48,156.37,-1.79,1,0
107.34,54.52,1.79,0.602,116.79,108.11,14.92,4,0
122.49,67.68,2.76,0.588,109.04,135.93,-2.19,2,0
79.05,63.63,4.39,0.626,62.9,78.21,-4.22,1,0
51.37,55.96,1.3,0.483,30.0,43.82,-8.13,0,0
157.1,71.71,3.46,0.742,154.23,157.64,25.45,1,1
74.35,59.8,2.68,0.615,79.14,70.5,17.58,2,0
90.86,51.74,1.74,0.447,93.25,100.72,-11.24,1,0
117.98,79.31,5.21,0.735,130.9,141.86,-13.55,2,1
42.96,59.83,5.68,0.555,37.37,52.07,-17.09,0,0
137.23,80.74,3.58,0.843,143.38,146.74,10.78,1,1
104.39,70.38,2.94,0.707,116.67,116.75,-13.74,1,0
73.39,57.73,2.31,0.463,76.22,77.93,-10.33,0,0
47.39,45.27,2.44,0.615,40.67,43.41,-27.53,0,0
59.5,55.12,2.76,0.41,59.3,56.5,16.67,0,0
147.4,73.85,2.61,0.778,127.15,158.36,1.8,0,0
122.32,71.48,2.19,0.511,120.55,125.21,14.93,0,0
69.99,64.7,6.15,0.682,64.21,60.17,-11.44,1,0
47.87,55.16,1.56,0.505,64.2,60.96,-23.49,1,0
122.87,56.89,2.74,0.75,114.15,115.13,-19.39,0,0
108.69,57.99,3.92,0.432,106.74,97.42,-25.23,5,1
88.54,57.15,1.76,0.651,84.42,79.77,-26.5,1,0
83.63,61.83,3.02,0.641,77.75,86.7,17.52,1,0
66.02,52.16,1.1,0.547,69.48,75.74,-2.71,0,0
120.35,61.57,6.75,0.558,114.49,122.9,2.28,0,1
156.48,76.82,2.5,0.745,181.61,150.91,32.42,1,1
61.09,45.32,1.38,0.307,31.54,53.01,-33.12,0,0
111.65,64.19,2.81,0.604,119.3,119.37,14.88,0,0
90.9,45.76,2.89,0.45,86.89,89.98,-28.15,0,0
93.6,52.22,1.13,0.5,91.01,97.01,3.25,1,0
70.5,55.58,2.01,0.357,69.25,69.09,18.6,0,0
139.02,58.47,1.84,0.589,150.77,142.01,-14.63,0,0
98.23,65.09,2.27,0.405,97.52,102.13,14.56,2,0
105.21,73.19,4.45,0.764,120.5,129.46,11.69,0,0
76.57,54.16,1.06,0.522,75.57,80.6,-8.68,0,0
61.82,72.37,4.22,0.424,45.89,57.94,-29.57,0,0
50.31,58.87,3.83,0.445,46.14,52.07,2.27,7,0
125.69,61.42,4.96,0.708,141.7,116.2,16.89,0,1
63.55,62.24,3.01,0.639,59.41,53.96,-7.78,1,0
122.81,63.38,2.21,0.52,108.21,135.31,-24.96,1,0
86.85,50.56,1.67,0.459,91.45,89.89,16.03,6,1
89.89,55.99,6.41,0.74,96.73,101.08,24.74,4,1
96.3,65.84,4.95,0.517,85.4,80.05,11.71,0,0
84.13,48.47,1.64,0.341,76.16,74.37,24.62,0,0
52.07,46.1,4.86,0.3,43.89,55.06,-15.82,1,0
77.16,45.0,3.1,0.322,71.67,68.91,-28.22,0,1
119.65,65.08,5.18,0.835,132.11,105.41,13.62,3,1
119.89,62.38,3.27,0.551,114.06,109.11,-10.17,2,1
74.35,62.18,4.46,0.672,84.18,71.14,22.69,5,1
95.21,46.76,3.94,0.764,92.09,99.34,-20.23,1,0
63.21,53.84,1.18,0.51,81.4,80.37,-8.26,0,0
65.24,45.0,5.54,0.3,79.5,54.72,8.35,1,0
42.77,55.23,1.72,0.3,30.0,32.76,-3.23,0,0
147.61,92.13,4.2,0.715,135.21,133.1,5.95,1,1
65.28,49.74,3.14,0.438,73.79,71.02,2.48,8,1
67.3,45.0,2.14,0.524,68.89,68.55,-33.72,2,0
73.55,55.26,4.47,0.476,77.7,63.9,64.21,0,1
55.29,53.84,1.8,0.619,47.82,46.98,-3.13,2,0
116.71,78.91,3.24,0.644,116.0,115.47,51.64,0,1
49.02,63.13,1.64,0.505,42.97,48.34,-5.29,0,0
56.1,61.15,2.4,0.607,59.89,45.71,-17.06,2,0
117.37,57.27,3.17,0.491,100.24,119.14,-14.28,0,0
80.76,58.71,1.86,0.414,75.85,67.0,17.35,0,0
124.95,64.54,2.6,0.498,107.84,125.44,2.59,0,0
106.89,60.64,1.81,0.457,97.83,105.12,1.01,3,0
70.72,45.0,2.72,0.497,67.5,74.73,-2.72,0,0
118.1,70.72,2.14,0.563,123.44,130.21,5.0,1,0
53.95,50.63,2.67,0.411,57.26,50.25,-1.03,0,0
104.37,66.1,2.48,0.786,117.22,104.37,27.97,1,1
92.46,51.67,0.96,0.42,71.07,72.65,5.79,0,0
72.14,49.59,3.66,0.513,85.57,91.86,-10.25,2,0
112.48,62.02,2.52,0.457,101.88,93.87,-31.89,1,1
144.56,56.97,2.59,0.641,138.52,143.73,-25.09,0,1
159.87,80.27,4.59,0.771,166.51,134.38,-3.09,5,1
112.93,61.0,3.06,0.797,112.84,104.67,3.93,4,1
88.56,45.0,2.47,0.502,90.95,105.92,0.21,0,0
67.02,61.98,3.67,0.307,67.73,78.47,11.7,0,0
70.85,47.32,1.97,0.448,58.65,80.7,-6.36,1,0
97.53,51.85,1.59,0.431,91.95,95.61,25.93,1,0
84.07,62.66,1.98,0.424,78.71,100.58,6.48,0,0
149.66,86.33,6.48,0.776,164.68,152.23,7.83,2,1
84.2,45.0,5.76,0.36,73.8,91.09,-32.39,0,1
84.81,50.54,1.5,0.52,77.12,111.28,2.46,0,0
86.02,52.77,1.14,0.582,73.4,96.93,2.67,1,0
140.39,75.85,2.73,0.67,130.88,139.74,-17.6,2,1
118.09,71.74,3.77,0.442,98.73,123.2,-30.5,3,1
113.7,61.38,1.77,0.815,109.57,127.74,17.64,0,0
80.1,65.1,3.98,0.467,96.56,86.32,-9.2,0,0
138.15,67.41,5.69,0.806,150.56,145.98,9.18,0,0
44.6,49.15,5.72,0.344,54.81,57.48,5.64,1,0
144.5,61.86,1.53,0.703,135.16,169.8,3.37,3,1
101.53,59.38,6.12,0.54,76.96,92.18,-29.59,0,1
87.79,55.9,3.18,0.48,89.19,94.81,-1.47,2,0
99.66,53.94,1.17,0.388,117.66,104.26,-8.42,0,0
120.09,66.82,2.61,0.584,113.95,116.23,-1.74,4,0
41.53,45.0,2.31,0.56,41.96,35.06,9.29,0,0
144.59,66.75,6.51,0.79,129.55,161.11,8.6,1,1
93.61,59.08,1.61,0.419,90.33,83.39,25.27,0,0
81.16,67.07,2.03,0.56,78.85,67.07,-5.9,1,0
56.59,55.0,2.06,0.607,31.61,50.96,-17.55,1,0
92.74,64.89,6.86,0.638,81.05,74.92,17.07,2,0
99.56,62.69,6.89,0.438,82.92,91.1,2.03,0,0
88.44,67.89,2.26,0.692,71.33,77.91,13.71,0,0
121.44,57.16,1.81,0.565,112.04,122.3,30.45,1,1
90.51,52.97,4.56,0.533,95.28,104.96,-12.8,1,0
155.37,68.89,3.92,0.757,150.9,149.48,12.33,2,1
111.91,80.69,8.02,0.756,128.81,120.56,-2.34,4,1
136.9,77.18,5.78,0.863,137.81,144.41,28.6,0,1
53.12,57.99,1.64,0.611,57.26,30.92,-19.31,2,0
87.67,55.87,3.29,0.346,88.57,82.16,16.96,0,0
80.42,51.57,0.97,0.69,100.63,76.66,0.14,1,0
108.34,71.99,4.67,0.427,96.28,112.15,3.95,1,1
143.33,71.76,3.49,0.616,148.97,149.03,25.64,0,1
49.4,54.83,5.78,0.434,34.73,52.71,-18.93,0,0
48.71,45.0,5.33,0.418,65.74,39.76,-17.92,6,1
142.04,76.96,2.5,0.748,132.52,135.7,-9.42,0,0
65.54,50.55,1.1,0.468,67.51,50.51,-5.99,0,0
120.25,60.64,2.43,0.815,143.25,120.91,-11.62,3,0
105.15,52.89,4.15,0.492,88.62,101.47,-40.0,1,1
139.95,58.87,3.86,0.609,147.28,145.27,25.57,2,1
55.01,46.11,5.57,0.613,43.36,61.98,21.03,0,0
55.57,47.76,2.11,0.3,77.51,52.24,0.14,0,0
106.82,60.92,1.9,0.644,85.01,109.64,-16.17,0,0
153.57,77.21,2.47,0.813,139.63,151.41,7.57,0,0
89.8,70.49,2.41,0.552,75.37,78.66,7.61,0,0
79.23,57.36,2.93,0.595,66.07,71.23,25.44,0,0
112.8,45.0,4.41,0.488,116.8,90.11,13.19,3,1
151.65,74.45,2.85,0.876,178.77,147.7,-4.9,1,0
140.43,74.85,5.42,0.557,153.44,134.5,20.74,0,1
159.46,72.78,2.92,0.719,164.64,148.51,-9.97,0,1
42.71,56.11,1.72,0.3,36.82,50.9,-4.12,5,0
53.54,54.17,2.12,0.459,43.44,58.81,14.97,0,0
113.14,52.79,1.84,0.687,119.58,118.67,-13.08,4,0
138.47,74.83,5.97,0.872,141.4,145.39,0.15,2,1
74.23,59.67,2.33,0.598,76.47,74.21,-20.94,1,0
68.71,61.93,2.0,0.503,57.87,68.58,-23.22,1,0
134.44,85.81,5.72,0.856,125.14,142.74,-14.49,1,1
46.77,55.16,11.14,0.412,43.3,53.44,27.61,1,1
84.33,61.17,3.04,0.557,83.52,94.6,0.2,2,0
100.7,66.85,2.24,0.621,93.96,100.26,44.22,3,1
107.24,60.55,1.84,0.566,97.36,97.38,12.25,1,0
127.43,60.32,1.51,0.798,138.09,129.8,23.0,2,0
82.58,54.22,1.17,0.402,84.08,76.8,-18.94,3,1
113.52,67.15,5.53,0.643,136.89,120.06,8.92,0,1
110.25,57.1,1.38,0.7,128.81,113.12,-11.29,1,0
105.71,75.61,3.33,0.759,94.56,106.23,-11.15,1,0
116.86,75.67,4.14,0.784,118.25,112.94,-7.53,0,0
71.13,45.0,3.35,0.497,52.69,81.14,-9.97,1,0
50.16,60.78,1.73,0.488,30.0,59.4,4.78,1,0
54.31,47.5,1.51,0.401,76.67,48.71,6.46,0,0
66.95,47.8,1.1,0.468,82.08,54.67,22.75,0,0
100.02,72.62,2.6,0.743,95.32,101.82,-28.74,0,0
140.85,74.14,2.79,0.875,161.27,152.71,18.28,3,1
124.16,83.68,4.15,0.811,145.07,111.54,2.61,0,1
134.68,59.22,1.38,0.539,110.43,139.39,-7.57,1,0
82.12,48.36,1.49,0.666,93.65,73.91,21.3,0,0
88.56,60.95,1.77,0.725,85.16,78.39,-27.65,0,0
87.24,62.27,6.66,0.486,89.56,96.55,27.6,2,1
63.02,46.38,1.89,0.477,96.67,69.53,13.34,3,0
47.35,45.0,3.54,0.534,65.04,45.82,42.36,1,0
110.91,65.68,2.07,0.638,110.12,118.8,0.88,3,0
158.71,68.9,4.43,0.954,182.84,165.54,35.84,3,1
60.02,53.71,1.83,0.442,33.8,45.16,-12.03,0,0
45.6,48.52,1.0,0.502,49.69,46.44,6.86,1,0
133.54,74.93,4.44,0.798,143.83,147.67,7.23,2,1
70.31,45.0,2.65,0.489,76.55,75.05,-0.83,1,0
139.56,82.56,10.99,0.841,138.28,113.4,-5.27,3,1
124.47,65.69,4.02,0.672,130.49,113.77,7.07,1,1
153.48,77.49,2.69,0.705,165.85,163.44,16.06,0,1
89.07,61.34,2.06,0.39,57.0,83.5,-11.83,2,0
119.44,56.21,2.07,0.596,115.56,130.65,7.4,1,0
95.78,68.57,2.12,0.661,86.16,116.24,-32.14,1,1
115.67,58.76,3.65,0.796,127.53,113.29,22.2,0,1
93.95,47.57,1.78,0.463,107.74,87.77,-6.47,0,0
62.64,64.89,6.03,0.41,51.49,52.57,-35.22,3,1
100.95,65.54,3.07,0.444,84.77,108.53,25.17,1,0
103.43,78.19,3.6,0.667,106.17,97.4,26.75,0,1
137.27,71.4,2.19,0.876,128.95,133.25,-4.35,0,0
128.26,69.49,2.21,0.721,127.97,117.18,19.11,0,0
119.65,70.28,4.86,0.686,117.39,115.33,-7.1,0,0
53.61,51.01,7.87,0.462,57.81,46.54,-6.35,7,1
126.47,57.62,2.06,0.495,128.15,106.65,-9.86,3,0
100.04,57.03,3.71,0.672,103.41,91.65,-9.83,0,0
147.29,74.16,3.73,0.763,170.19,154.75,6.78,2,1
150.38,66.48,6.58,0.796,157.54,163.87,-9.28,1,1
46.62,45.31,0.93,0.579,41.19,45.55,-40.0,0,0
138.48,75.25,3.5,0.809,139.12,138.81,-2.98,2,1
44.52,50.66,1.63,0.526,33.87,47.38,-22.77,0,0
84.06,68.25,3.07,0.703,73.9,103.69,0.27,2,0
105.08,64.07,2.11,0.791,92.23,94.98,-10.74,4,0
57.77,48.24,1.73,0.486,69.1,45.15,17.09,4,0
129.56,66.7,3.27,0.512,119.18,129.04,-4.95,2,0
41.0,45.0,0.63,0.387,40.53,44.94,-23.03,5,0
60.23,50.32,2.86,0.576,56.15,59.9,-24.83,2,0
109.7,54.13,2.89,0.42,105.75,96.05,-24.31,2,0
125.73,60.89,4.64,0.48,137.17,134.57,-9.83,0,1
150.0,80.33,3.45,0.557,151.25,148.62,-12.02,0,1
124.66,59.22,1.45,0.746,116.52,130.2,12.48,2,0
120.61,74.72,3.21,0.642,114.69,136.14,0.39,8,0
87.32,62.0,1.74,0.49,95.43,72.69,-29.44,2,1
40.15,55.99,2.72,0.3,39.95,30.0,-15.86,1,0
54.42,75.02,2.37,0.536,64.21,60.07,4.24,0,0
104.15,70.16,2.71,0.521,99.7,83.8,-20.3,5,1
121.02,69.86,2.12,0.549,103.25,117.02,-7.43,1,0
90.09,51.11,0.87,0.611,96.4,84.38,-11.95,1,0
127.68,59.51,6.22,0.687,132.45,131.28,-0.03,3,1
102.62,62.74,9.89,0.533,104.63,95.96,-9.24,5,1
48.9,45.0,1.72,0.483,30.0,53.82,-7.43,0,0
63.04,54.7,1.49,0.378,50.91,52.37,19.87,1,0
140.8,58.18,4.92,0.82,133.95,128.38,12.65,0,0
126.99,72.43,5.99,0.553,130.84,127.18,-17.54,5,1
147.37,66.0,4.65,0.586,152.29,148.42,47.66,0,1
54.11,54.38,2.24,0.555,52.69,57.06,20.55,4,1
158.83,71.08,2.18,0.84,175.23,173.62,-4.14,0,0
65.13,45.0,0.64,0.348,77.99,77.93,-9.16,4,0
41.41,53.85,4.44,0.3,39.65,45.93,5.25,1,0
159.69,87.16,6.16,0.894,173.63,167.78,19.65,1,1
73.73,55.39,1.98,0.612,67.47,76.35,28.68,0,0
120.16,68.44,2.5,0.571,110.88,131.96,4.51,0,0
61.2,51.12,2.42,0.527,71.86,64.84,-6.62,1,0
109.63,61.43,3.95,0.459,96.3,104.1,-15.8,0,0
148.48,77.29,4.41,0.728,159.41,140.96,16.74,2,1
78.42,55.22,2.55,0.323,93.51,89.93,-16.58,3,0
120.43,73.9,2.63,0.598,128.23,118.6,30.8,0,0
62.55,52.01,1.38,0.3,55.58,81.72,-13.29,1,0
114.98,64.32,3.59,0.615,99.19,103.93,9.38,0,0
80.37,50.47,3.26,0.49,80.13,92.89,21.47,3,0
65.34,49.3,0.94,0.454,74.53,61.08,59.58,0,0
77.58,57.08,1.54,0.331,70.05,81.65,-9.26,0,0
61.46,45.0,2.21,0.409,69.9,48.44,-0.78,3,0
148.23,82.16,3.47,0.827,157.16,129.84,-1.47,1,1
87.66,54.95,2.34,0.491,88.97,102.46,3.78,0,0
69.43,50.54,2.26,0.574,65.12,65.05,-13.76,1,0
93.81,50.61,3.08,0.509,74.52,103.66,12.17,2,0
78.46,60.11,3.86,0.485,71.06,71.9,14.44,1,0
129.33,68.14,2.38,0.694,126.0,139.2,-6.29,0,1
156.55,89.35,4.33,0.93,170.05,152.26,-6.04,1,1
92.56,46.57,0.79,0.401,88.41,80.46,-9.93,5,0
143.32,62.03,4.29,0.523,154.78,149.79,-2.71,1,1
107.9,63.21,4.39,0.647,112.22,117.35,11.05,0,1
58.87,50.97,1.39,0.636,53.54,65.27,0.81,2,0
122.87,71.09,2.33,0.845,117.99,121.43,12.35,0,0
101.61,63.44,1.72,0.579,93.94,84.12,22.94,0,0
118.07,68.14,3.17,0.621,120.43,107.38,6.55,0,0
146.76,83.51,2.95,0.778,145.85,139.74,10.22,2,1
92.85,50.82,2.56,0.581,79.55,90.27,37.56,1,0
148.14,75.54,4.03,0.778,163.78,159.45,18.09,2,1
130.08,66.98,3.25,0.82,136.3,128.91,-5.7,1,1
98.63,66.17,4.91,0.674,103.42,77.57,1.16,0,0
112.39,66.78,2.52,0.616,102.83,86.48,-34.76,0,0
79.07,49.0,4.23,0.502,64.61,72.12,2.59,4,0
158.03,69.15,2.01,0.81,160.28,152.9,-8.77,0,0
120.08,68.66,2.1,0.623,96.19,123.64,-27.98,1,0
45.26,48.43,1.5,0.399,50.6,30.74,-12.9,0,0
79.19,49.94,2.15,0.324,65.23,65.37,13.6,0,0
114.8,65.68,1.79,0.494,109.47,119.33,-7.33,0,0
46.76,54.03,2.3,0.416,48.2,60.1,14.48,6,0
42.87,47.66,1.21,0.538,38.92,30.0,4.97,0,0
94.0,51.47,4.16,0.473,77.45,86.31,-4.67,0,0
79.92,47.88,1.82,0.529,96.57,91.04,1.42,0,0
92.6,58.02,2.61,0.496,72.12,101.93,-1.31,1,0
71.52,45.0,4.87,0.336,39.41,62.27,-23.72,5,1
59.77,57.23,3.4,0.643,71.11,71.36,8.49,0,0
122.7,78.17,3.36,0.79,108.98,123.15,13.06,2,0
101.75,54.7,2.05,0.417,113.11,108.35,29.39,1,0
64.02,51.35,2.45,0.56,67.74,56.98,-5.99,1,0
78.35,68.59,2.25,0.454,78.83,81.27,6.94,0,0
111.02,79.0,2.68,0.811,108.41,99.36,9.21,0,0
48.67,45.0,1.06,0.347,33.7,43.19,-3.21,0,0
57.69,49.84,3.05,0.349,48.15,54.73,8.97,0,0
48.79,52.46,1.39,0.454,35.33,50.19,7.22,0,0
137.48,74.21,2.46,0.826,156.5,161.54,42.59,8,1
130.29,77.44,2.82,0.548,120.33,155.89,33.84,1,1
130.4,70.54,3.74,0.755,139.57,126.52,1.62,1,1
125.96,64.12,3.07,0.482,135.67,140.76,34.74,1,1
120.33,74.58,4.02,0.809,113.92,109.23,4.7,0,1
97.24,64.52,2.25,0.404,97.84,101.23,-2.89,1,0
117.07,75.54,5.8,0.797,110.29,110.22,7.53,0,1
44.6,52.21,1.83,0.41,38.72,40.09,-7.13,6,0
114.58,52.85,2.05,0.603,109.13,141.18,-3.49,1,0
133.35,69.82,6.45,0.869,130.39,129.48,-21.22,0,1
100.04,71.65,7.91,0.776,105.46,93.54,4.16,1,0
82.9,60.41,3.05,0.589,68.11,72.9,9.39,0,0
73.29,57.04,5.57,0.351,79.46,65.6,16.05,2,0
117.14,78.13,3.66,0.634,104.84,102.92,0.4,5,1
123.14,58.26,1.85,0.661,109.15,125.36,24.27,4,1
144.52,79.13,3.12,0.719,143.88,146.56,38.09,1,1
81.08,55.13,2.34,0.551,75.63,84.46,6.24,2,0
132.37,70.02,3.39,0.485,134.33,132.26,29.74,0,0
107.36,64.48,2.54,0.687,110.11,101.69,7.66,0,0
145.94,88.35,6.33,0.803,130.47,139.37,-6.15,3,1
103.34,58.82,2.16,0.436,111.9,104.93,21.58,2,0
102.12,57.69,1.74,0.614,99.08,101.6,-2.79,4,0
109.35,66.73,1.82,0.635,112.95,102.99,-40.0,4,1
129.92,71.82,7.4,0.743,159.2,127.05,9.98,0,1
155.76,77.37,5.05,0.581,170.83,171.16,-19.57,0,1
48.83,53.89,2.47,0.477,48.9,68.53,-6.95,1,0
46.41,64.08,4.31,0.332,30.0,44.21,-18.02,2,0
152.51,72.1,4.62,0.74,139.04,145.17,-16.44,0,1
103.59,63.84,5.66,0.7,119.53,103.15,-10.96,1,0
113.79,61.93,2.25,0.704,111.04,125.15,-22.95,0,0
97.89,57.31,2.45,0.421,92.29,97.45,-14.44,1,0
51.24,52.56,1.11,0.47,34.9,54.79,-14.85,0,0
132.17,74.9,7.34,0.864,142.8,125.6,-0.05,1,1
129.67,64.71,8.0,0.532,142.0,118.0,10.83,0,0
77.4,55.18,3.45,0.653,96.75,85.02,22.39,1,0
76.75,51.62,1.81,0.591,71.2,78.7,-20.95,5,1
140.54,70.24,3.04,0.811,152.5,147.1,-9.76,0,1
48.68,55.26,1.97,0.339,42.32,31.57,26.78,2,0
145.73,78.67,3.04,0.632,156.94,164.06,19.24,2,1
70.8,57.95,2.4,0.655,71.85,73.32,-13.44,3,0
111.16,55.52,1.21,0.557,100.42,93.09,-27.93,0,0
152.32,67.83,9.09,0.562,167.4,162.19,-1.43,0,1
121.37,81.46,3.52,0.684,124.24,117.64,-3.12,6,1
89.73,61.93,5.45,0.399,81.5,90.04,8.16,0,0
122.74,72.94,4.11,0.767,128.21,117.97,-38.7,0,1
81.28,64.94,2.21,0.581,72.05,80.3,-21.98,4,1
73.27,69.52,2.35,0.65,79.25,72.8,35.39,0,0
159.6,69.19,10.12,0.873,162.7,142.9,1.84,1,1
130.09,61.15,3.69,0.515,118.86,138.75,-4.5,2,0
117.37,60.02,1.83,0.585,145.58,118.5,3.95,2,1
82.63,63.95,1.74,0.638,71.3,87.1,8.53,0,0
45.9,49.12,2.54,0.385,45.83,54.06,-32.5,0,0
43.73,58.36,1.84,0.6,44.41,44.94,-7.31,4,0
106.5,61.27,1.85,0.694,96.07,109.81,-40.0,1,0
131.44,72.83,4.16,0.481,125.01,116.74,-3.58,2,0
104.49,65.32,3.43,0.745,91.28,96.18,-14.63,0,0
140.89,71.07,3.05,0.543,164.55,141.74,-17.51,2,1
44.01,53.97,5.33,0.3,34.8,45.87,13.58,0,0
84.01,67.55,3.56,0.626,82.33,88.02,11.58,0,0
68.45,60.08,4.76,0.631,92.42,82.51,30.52,8,1
93.67,65.68,2.06,0.576,83.3,92.73,-32.31,0,0
48.69,59.54,1.9,0.342,59.05,52.31,-12.88,7,1
154.5,75.37,2.49,0.684,163.29,155.09,26.03,4,1
66.79,46.85,1.16,0.418,39.39,64.29,0.89,2,0
150.68,74.75,7.64,0.663,147.48,148.57,23.66,1,1
91.11,56.17,6.11,0.45,93.36,83.26,-3.19,0,0
158.26,58.76,3.47,0.798,162.66,157.09,0.23,1,1
106.49,69.7,3.09,0.76,110.14,104.3,12.92,2,0
151.7,71.52,4.37,0.658,145.57,150.18,-27.38,2,1
40.64,53.19,2.2,0.3,30.0,30.0,-1.8,0,0
129.79,65.84,1.76,0.805,130.18,128.8,45.83,1,1
148.37,63.76,2.67,0.822,176.34,139.6,7.54,1,1
56.77,56.76,2.58,0.623,46.33,56.15,-34.08,1,0
51.54,49.41,1.23,0.301,39.76,40.59,1.51,3,0
90.95,56.06,1.5,0.411,87.51,91.45,-17.94,2,0
152.04,73.27,2.68,0.753,137.54,149.07,-9.18,0,1
105.09,55.81,2.61,0.641,111.09,98.82,22.58,0,0
103.29,60.57,1.67,0.582,87.48,106.19,2.14,0,0
56.94,49.86,2.7,0.49,41.7,60.69,-16.41,0,0
40.09,52.52,1.78,0.3,30.0,39.6,10.05,1,0
137.22,71.83,2.76,0.683,119.2,142.9,-39.03,0,1
50.51,49.5,3.24,0.495,63.62,46.38,10.11,0,0
116.06,76.01,3.42,0.601,122.35,120.06,-3.77,0,1
149.75,72.11,2.84,0.801,164.84,149.33,-34.93,0,0
65.04,56.55,4.35,0.456,72.13,55.04,-18.25,5,0
119.83,62.63,2.25,0.573,117.27,111.82,-1.54,8,1
49.44,59.08,4.28,0.35,44.09,61.1,10.76,0,0
112.45,63.52,2.66,0.582,124.25,128.21,6.29,3,0
59.67,48.77,1.08,0.3,73.33,66.8,1.5,1,0
128.31,68.08,3.31,0.732,115.86,122.48,8.35,1,1
76.15,60.46,1.93,0.646,107.32,90.42,20.52,1,0
95.61,66.95,2.06,0.509,77.99,101.73,9.14,4,0
111.93,65.07,1.84,0.434,103.07,115.29,5.91,1,0
60.55,57.19,1.65,0.656,62.57,78.98,-11.81,0,0
129.0,77.07,4.43,0.572,130.44,120.4,12.8,2,1
76.32,58.05,4.01,0.36,95.07,84.05,26.68,1,0
119.48,61.01,4.43,0.586,131.35,111.34,31.14,0,1
58.99,45.0,0.97,0.552,63.0,52.93,-7.49,1,0
122.57,61.11,3.09,0.565,134.31,148.59,-0.67,2,0
55.38,54.6,1.47,0.476,57.05,60.41,16.68,0,0
91.04,62.32,3.0,0.519,81.32,109.53,10.29,4,0
69.66,59.87,4.67,0.336,70.21,75.1,-8.91,3,1
129.81,58.35,1.36,0.602,130.65,133.83,-11.68,1,0
71.44,53.75,7.35,0.584,61.02,65.18,-13.01,0,0
145.81,64.18,4.28,0.762,164.2,155.58,10.63,1,1
147.02,58.41,3.46,0.569,145.74,147.27,-16.62,0,1
63.57,45.04,2.27,0.336,44.85,64.38,-1.81,2,0
113.66,68.05,4.09,0.677,103.66,111.05,-36.09,0,1
50.53,58.4,9.13,0.557,56.08,49.52,-12.19,1,1
86.98,49.93,3.0,0.481,97.19,87.23,8.42,1,0
125.6,62.05,2.17,0.695,133.28,126.83,-12.71,1,0
119.13,49.55,2.2,0.506,123.08,118.62,-5.56,0,0
114.96,63.98,2.26,0.549,104.23,99.4,-7.66,1,0
73.9,45.21,5.78,0.31,69.22,79.32,35.83,1,0
85.36,72.03,5.58,0.643,82.27,84.13,-25.06,4,1
52.35,52.16,2.19,0.397,45.96,30.0,1.05,1,0
126.28,68.87,4.21,0.785,128.65,110.4,-17.26,1,1
100.47,58.7,4.93,0.665,93.84,95.73,-22.43,1,0
125.05,59.46,1.79,0.787,137.8,137.84,-9.37,0,0
69.87,45.0,1.8,0.404,53.84,75.95,-10.83,0,0
78.93,48.76,1.71,0.391,59.17,72.06,15.93,2,0
80.11,56.35,3.4,0.709,72.87,78.2,17.53,1,0
43.09,45.0,1.21,0.496,51.61,54.13,-3.98,4,0
80.93,62.69,3.41,0.656,86.12,74.76,-2.2,4,0
136.4,67.92,2.65,0.494,112.89,125.54,-1.11,0,0
147.68,67.06,2.0,0.665,156.14,156.48,5.27,0,1
102.19,77.47,2.62,0.684,103.28,113.35,-10.91,0,1
94.66,45.0,0.69,0.395,85.56,88.61,7.35,0,0
43.7,49.41,0.81,0.438,37.56,48.58,26.11,2,0
145.5,69.0,3.08,0.688,131.26,145.1,11.93,0,1
41.56,45.0,2.17,0.3,37.64,35.65,22.46,3,0
153.37,65.48,1.93,0.635,138.85,165.06,-9.77,0,0
98.71,58.51,2.73,0.49,92.31,92.07,-22.69,0,0
81.03,51.27,2.24,0.368,72.2,88.59,-40.0,1,0
150.91,71.03,2.3,0.785,163.85,151.59,-30.82,1,0
42.93,45.0,1.28,0.306,37.52,41.2,-6.36,2,0
109.77,49.65,2.89,0.52,116.65,104.22,12.56,0,0
105.87,64.28,1.68,0.757,94.66,96.01,9.57,7,1
66.32,50.28,1.06,0.466,62.34,63.82,2.39,1,0
91.47,56.62,9.42,0.511,96.06,86.34,-10.69,3,1
118.27,66.59,3.78,0.724,135.67,119.2,20.48,0,0
127.26,67.57,2.79,0.826,118.1,115.28,-26.15,2,1
40.09,45.0,1.99,0.3,30.0,38.57,-24.91,1,0
152.42,66.3,4.59,0.717,160.82,156.48,15.23,1,1
59.74,63.72,4.39,0.504,77.15,53.01,-13.49,0,0
68.03,46.39,1.17,0.412,67.69,75.44,-13.94,1,0
71.62,54.74,2.1,0.604,58.37,80.11,-24.22,5,1
44.54,48.17,2.21,0.602,31.5,32.47,-3.48,0,0
54.77,50.07,0.92,0.622,56.82,47.18,11.61,0,0
158.36,71.96,6.49,0.661,163.88,144.96,13.81,2,1
77.83,52.56,1.8,0.404,71.25,82.06,-13.73,1,0
53.84,51.97,1.61,0.625,41.38,55.11,-9.25,1,0
52.84,47.99,4.24,0.422,62.5,36.83,18.06,2,0
126.34,58.97,1.53,0.542,121.0,119.81,-12.22,1,0
142.55,75.46,2.39,0.79,152.68,145.63,-11.37,1,1
70.83,66.67,3.53,0.406,45.68,71.96,-24.12,4,0
42.51,45.0,1.23,0.314,51.21,54.61,-6.59,0,0
66.77,60.07,3.57,0.632,59.19,55.25,-3.24,0,0
46.78,46.33,0.69,0.3,56.92,46.69,4.58,4,0
52.41,51.54,1.62,0.3,53.76,42.39,-2.34,2,0
91.78,61.72,1.91,0.463,71.9,92.88,-24.34,0,0
67.59,56.22,3.19,0.526,69.05,65.78,-16.05,0,0
101.91,57.38,1.63,0.435,118.49,104.63,19.97,3,0
70.42,51.02,1.78,0.48,60.84,66.33,1.39,1,0
152.86,68.81,4.49,0.79,176.55,160.49,4.02,3,1
148.71,74.77,5.99,0.866,158.65,141.57,3.95,4,1
108.02,51.11,2.79,0.496,122.02,97.86,28.82,0,0
82.53,56.09,2.01,0.655,85.54,84.78,0.21,6,0
85.74,62.89,2.85,0.431,80.87,104.28,-2.54,2,0
89.42,61.08,3.22,0.619,111.85,74.21,38.71,3,1
127.31,72.7,5.28,0.634,136.65,115.86,23.94,1,1
94.2,66.13,5.06,0.408,87.54,96.51,-14.86,0,0
142.81,71.54,6.1,0.794,151.78,154.08,23.75,1,1
153.29,71.62,4.59,0.627,147.05,156.36,-6.18,1,0
80.31,51.22,1.11,0.392,77.44,74.23,-20.35,5,0
107.28,55.53,3.2,0.545,120.53,111.49,30.1,1,0
51.41,45.0,3.03,0.496,47.38,56.57,-14.79,0,0
64.06,56.15,4.32,0.366,48.88,57.25,-16.77,2,0
89.62,56.96,5.1,0.422,74.46,97.86,-14.44,0,0
64.74,61.64,2.57,0.3,59.63,64.4,34.11,5,1
145.19,77.69,4.06,0.704,137.58,127.69,-20.94,1,1
58.99,45.94,0.57,0.428,38.37,57.65,-21.16,6,1
94.68,63.02,2.86,0.458,77.45,88.99,-14.78,0,0
112.68,57.25,2.2,0.44,123.58,125.73,14.94,1,0
123.02,73.99,7.16,0.621,121.73,109.73,-1.9,0,0
85.97,57.32,4.72,0.653,87.73,81.14,-11.13,1,0
144.29,65.75,4.14,0.799,136.67,146.86,7.42,1,1
108.2,60.88,1.54,0.749,104.2,132.39,22.42,1,0
92.74,49.25,1.53,0.362,80.62,112.29,-35.28,0,0
48.07,48.1,2.47,0.611,44.96,47.62,-13.82,0,0
95.76,54.45,1.11,0.504,73.94,99.26,-1.7,0,0
138.49,80.56,3.04,0.892,157.4,144.51,-12.74,3,1
113.74,74.19,5.53,0.522,111.99,103.62,-3.66,2,0
139.86,60.37,1.63,0.688,144.05,139.96,24.97,2,1
99.28,68.22,1.97,0.519,108.64,112.84,15.89,0,0
54.22,45.91,1.86,0.385,59.97,55.63,12.25,0,0
41.64,53.73,5.41,0.542,33.57,61.13,9.42,0,0
76.39,46.57,3.29,0.608,83.79,71.93,9.55,1,0
123.76,74.94,7.82,0.848,135.85,122.87,-0.02,1,1
134.83,55.93,3.26,0.73,141.22,134.02,20.56,0,0
75.49,57.32,2.1,0.492,86.06,62.48,-3.28,0,0
99.48,58.58,5.71,0.414,105.36,110.54,0.03,1,0
90.53,65.17,2.54,0.75,102.27,87.2,-23.94,2,1
89.26,53.96,1.68,0.568,105.01,91.84,-0.72,3,0
67.76,59.6,2.27,0.563,67.38,61.78,1.22,1,0
56.36,52.99,3.5,0.412,53.29,73.62,-1.06,0,0
63.6,51.82,4.66,0.49,71.23,75.93,20.44,1,0
46.64,58.12,1.95,0.597,44.44,47.22,-8.98,0,0
63.78,48.84,1.66,0.338,64.31,51.53,-6.89,1,0
41.1,49.37,4.19,0.32,30.0,48.54,-15.29,0,0
115.27,60.08,1.48,0.487,85.65,126.1,-10.47,0,0
77.97,60.48,3.73,0.631,85.76,68.69,31.73,1,1
156.78,73.42,3.11,0.575,137.7,155.34,-40.0,0,1
63.25,45.76,1.25,0.302,48.9,64.01,-15.95,3,0
81.5,46.19,1.46,0.444,88.22,92.37,-2.96,0,0
82.94,59.24,2.17,0.534,91.61,81.43,-34.03,0,0
41.01,55.12,3.23,0.366,50.43,50.63,2.47,3,0
140.7,67.7,5.81,0.52,114.87,132.98,-19.28,0,1
43.84,55.17,2.12,0.595,47.28,33.29,-6.18,0,0
152.82,77.12,5.11,0.92,156.12,171.14,-18.21,0,1
147.05,74.55,4.25,0.633,159.57,133.92,4.69,3,1
104.26,62.97,2.18,0.685,123.69,96.75,-11.28,1,0
105.23,59.79,2.71,0.627,90.07,113.08,-22.74,1,0
118.45,70.26,3.66,0.53,117.25,113.15,-4.19,0,0
86.45,51.86,0.95,0.444,93.32,80.87,21.83,2,0
117.67,71.11,2.82,0.629,114.2,115.69,5.65,0,0
45.37,55.64,8.51,0.384,62.0,30.0,19.36,2,0
46.49,50.84,2.37,0.336,36.39,57.69,30.26,0,0
94.87,54.18,1.66,0.688,93.02,96.63,7.0,1,0
105.95,62.34,1.97,0.59,92.88,97.84,-25.38,1,1
146.54,71.61,2.45,0.782,152.02,129.38,-7.39,0,1
52.56,45.0,1.27,0.313,30.0,38.91,-26.71,0,0
138.72,71.05,2.38,0.71,137.94,122.77,-2.83,1,1
65.21,56.74,1.42,0.403,76.49,67.48,-1.76,3,0
87.29,55.19,1.79,0.552,69.58,89.66,-25.82,6,1
77.99,57.66,2.66,0.626,59.1,84.11,7.19,1,0
88.02,59.31,1.6,0.652,102.45,95.34,25.13,0,0
58.06,58.25,1.36,0.396,69.0,64.34,8.7,5,0
100.43,61.24,1.53,0.659,85.34,115.81,-25.58,1,0
136.2,64.92,2.16,0.865,162.29,148.15,15.24,0,0
92.98,49.66,1.1,0.609,98.36,102.57,-8.33,6,0
98.87,59.77,2.55,0.436,108.18,101.24,27.8,0,0
141.85,66.89,2.73,0.777,135.9,149.06,-24.5,1,1
124.73,67.29,2.43,0.496,140.52,120.62,19.73,0,0
98.85,55.14,3.8,0.725,98.15,96.64,11.1,2,0
70.92,50.85,1.91,0.499,65.17,88.14,13.26,6,0
146.19,60.93,1.6,0.673,153.43,140.62,7.15,7,1
109.24,61.69,2.03,0.431,101.15,102.94,-9.99,0,0
66.54,56.82,6.65,0.432,44.93,62.92,32.27,2,1
72.29,61.17,7.13,0.658,75.04,66.8,-14.41,2,0
136.38,56.79,1.65,0.498,130.51,131.73,9.99,3,0
45.3,45.0,0.77,0.406,32.2,47.72,-6.22,0,0
159.05,80.24,3.64,0.93,180.53,161.8,16.91,0,1
55.64,45.0,1.49,0.405,80.45,64.75,18.48,0,0
135.53,66.59,2.59,0.658,125.66,157.41,-24.42,2,1
87.37,69.56,3.1,0.574,89.21,83.69,-23.24,3,1
99.07,59.16,1.75,0.562,93.53,98.41,-25.76,0,0
145.68,57.54,1.44,0.584,172.83,127.3,5.55,1,0
89.55,49.58,2.04,0.356,90.57,76.63,4.98,0,0
104.5,58.7,5.37,0.637,116.37,103.04,-6.44,0,1
45.92,68.02,2.1,0.586,59.82,50.55,-18.9,1,0
40.28,56.7,3.03,0.3,35.84,45.2,14.31,3,0
69.38,56.34,2.04,0.373,62.59,75.55,-31.09,4,1
121.67,62.18,2.05,0.593,139.76,134.24,17.68,1,0
54.55,62.27,4.41,0.567,63.23,71.61,-9.19,3,0
53.65,45.0,1.41,0.349,38.47,51.22,14.33,0,0
89.32,69.95,3.31,0.701,82.64,81.29,-12.8,3,1
117.74,67.04,2.7,0.455,110.17,124.29,-35.48,2,0
125.45,70.08,2.13,0.833,144.01,134.79,8.57,0,0
61.41,60.9,2.81,0.489,76.87,62.77,-7.4,1,0
49.55,48.11,1.5,0.492,73.21,47.76,26.43,0,0
152.85,62.71,1.7,0.686,146.06,147.81,2.54,0,0
71.28,64.2,3.01,0.607,73.1,70.86,-10.42,5,0
142.4,66.61,1.81,0.574,137.08,149.3,-20.71,0,0
143.62,70.52,2.38,0.53,140.04,136.94,-21.55,0,1
132.7,80.06,4.88,0.636,144.59,124.69,-4.6,0,1
60.26,50.54,0.89,0.602,59.75,66.26,24.29,2,0
138.62,71.23,3.63,0.798,158.36,130.14,7.29,0,1
132.31,79.43,7.05,0.684,127.79,133.82,14.79,0,1
111.61,69.01,2.22,0.644,121.38,112.59,-21.77,5,1
80.46,48.0,1.49,0.373,70.62,80.47,-39.5,3,0
71.5,51.31,2.16,0.631,50.07,65.07,-27.73,0,0
54.63,49.96,1.7,0.559,41.54,71.97,5.29,0,0
101.17,57.66,2.71,0.646,103.58,105.15,-3.99,2,0
110.23,64.63,2.45,0.597,133.23,105.09,27.51,4,1
83.12,62.4,1.78,0.715,79.91,86.43,21.14,6,1
97.04,66.08,1.9,0.723,97.47,115.37,-17.02,0,0
83.62,52.87,3.02,0.589,89.27,84.52,17.84,1,0
116.92,63.03,1.99,0.579,109.32,132.25,21.18,1,1
148.15,58.62,4.14,0.772,145.78,136.67,17.42,0,0
59.67,53.7,3.06,0.489,58.32,51.16,-29.37,3,0
85.77,64.97,1.77,0.495,78.43,64.37,-37.06,2,1
56.9,45.0,0.84,0.373,30.98,76.66,-21.04,6,0
114.99,66.83,2.33,0.588,106.95,97.97,-11.42,0,0
127.46,63.64,2.97,0.692,136.68,129.21,19.78,0,1
151.83,77.56,4.94,0.707,161.72,169.21,-12.47,3,1
73.46,53.78,1.12,0.406,85.62,83.18,13.56,0,0
154.03,78.6,2.95,0.846,174.02,157.79,-9.5,1,1
47.59,49.98,1.51,0.435,33.5,60.42,-0.84,1,0
112.36,68.76,2.23,0.444,100.3,105.68,-14.26,0,0
46.86,50.16,1.99,0.368,33.8,52.03,-0.08,0,0
147.25,70.54,3.01,0.876,150.94,146.13,-4.7,1,0
103.58,65.05,2.27,0.693,97.95,102.24,-40.0,0,1
120.32,61.22,2.56,0.57,117.63,122.23,7.82,6,0
139.79,75.47,2.99,0.875,134.82,151.54,18.57,2,1
58.04,45.0,1.13,0.3,61.45,73.7,-13.34,3,0
44.63,48.42,1.17,0.598,33.22,41.96,8.87,5,0
145.47,70.08,3.17,0.615,133.79,134.58,-16.88,0,0
77.79,51.48,1.77,0.317,78.38,69.6,-24.01,0,0
55.48,57.77,1.59,0.42,60.54,74.96,-8.47,3,0
96.22,55.83,1.17,0.512,91.76,111.02,-5.54,4,0
111.8,50.18,1.06,0.631,122.85,100.88,-18.24,0,0
43.72,48.76,0.79,0.53,51.88,60.33,28.37,5,1
72.99,46.96,1.47,0.636,96.5,65.87,-15.8,1,0
43.94,50.31,1.2,0.372,48.18,50.58,-7.63,1,0
90.44,46.43,1.4,0.523,109.39,83.32,-7.12,3,0
147.41,61.23,2.07,0.582,147.79,169.04,24.56,0,0
157.92,66.97,2.98,0.573,174.17,152.22,-19.01,1,1
116.45,76.92,4.35,0.686,135.21,105.95,24.24,0,1
59.4,45.0,1.48,0.3,51.69,54.83,-0.31,0,0
148.7,74.38,2.36,0.82,144.83,174.97,-24.39,0,1
101.95,65.89,1.78,0.601,95.83,104.56,-9.39,0,0
58.45,59.03,1.7,0.335,58.13,48.17,-3.45,1,0
150.61,78.23,3.32,0.748,139.76,142.72,5.11,1,1
130.9,72.44,2.22,0.546,124.37,113.42,-14.87,1,0
127.8,72.69,2.76,0.639,142.95,133.21,18.94,0,1
125.1,61.18,4.74,0.775,136.61,112.6,6.63,0,0
64.04,55.05,1.24,0.457,32.95,75.1,-7.43,0,0
65.32,55.62,5.59,0.335,44.04,73.22,-26.5,0,0
122.6,61.63,4.41,0.737,151.25,121.59,9.99,0,1
66.37,46.24,3.25,0.354,75.6,78.73,6.6,0,0
92.64,56.11,4.16,0.653,86.71,101.9,-1.49,0,0
133.84,73.82,2.35,0.673,117.44,135.41,-8.91,1,0
134.07,67.72,2.11,0.664,120.35,126.39,30.8,0,1
94.39,61.01,1.68,0.704,102.58,98.53,14.43,0,0
135.06,62.0,1.7,0.769,162.16,139.14,26.64,0,1
140.63,65.0,2.3,0.515,161.9,145.55,15.07,0,0
118.57,59.17,4.01,0.554,98.75,119.36,-0.31,0,0
67.41,59.08,1.78,0.631,64.47,70.68,2.11,2,0
72.88,45.0,0.92,0.306,56.72,75.9,24.64,0,0
77.78,57.7,2.95,0.531,78.05,91.4,-0.95,0,0
54.02,49.86,0.94,0.533,36.71,41.28,6.31,0,0
72.78,47.35,1.31,0.547,65.17,62.76,33.73,7,1
65.14,46.47,1.11,0.58,54.33,65.89,6.35,0,0
94.64,53.81,3.85,0.654,102.01,87.04,-1.44,4,1
149.01,72.5,3.23,0.804,146.91,151.12,-14.26,0,0
52.54,54.38,2.62,0.566,47.41,41.41,-11.48,3,0
126.43,70.29,2.22,0.718,134.91,116.88,11.29,1,1
122.47,67.23,5.8,0.608,142.35,143.08,42.06,1,1
51.49,45.0,1.08,0.423,73.34,49.2,21.79,0,0
150.71,81.99,4.56,0.819,160.56,139.0,-2.03,4,1
108.22,63.52,6.25,0.755,110.26,107.07,-4.47,1,0
83.65,58.19,2.36,0.44,96.24,94.01,3.61,2,0
130.78,65.2,2.77,0.609,144.97,142.84,-17.04,1,1
70.88,61.39,1.67,0.665,82.76,56.27,-2.3,0,0
123.22,65.51,2.47,0.681,105.89,115.55,-17.69,3,1
44.77,48.47,3.58,0.3,53.26,46.99,54.26,0,1
140.73,71.75,2.32,0.768,148.38,140.39,20.51,0,1
93.78,70.21,5.75,0.758,86.21,77.78,-23.1,2,1
116.4,62.19,3.18,0.759,111.51,102.02,-30.69,0,1
66.55,45.0,1.32,0.578,73.09,55.87,-20.24,5,0
121.25,56.05,2.35,0.527,89.65,103.54,9.65,0,0
132.67,79.59,2.82,0.828,135.73,128.08,-22.75,2,1
96.79,59.45,1.74,0.581,88.54,108.73,24.85,1,0
114.13,68.72,2.43,0.778,108.61,107.47,1.55,2,0
94.76,50.74,1.57,0.496,87.2,105.58,-8.21,1,0
147.29,67.72,5.57,0.547,128.47,147.59,-30.01,0,1
99.74,53.54,1.7,0.57,111.77,97.91,28.76,6,1
141.02,61.8,2.62,0.611,115.7,124.36,-2.83,3,0
136.16,68.47,2.17,0.775,141.69,147.86,18.96,1,0
89.26,66.27,3.77,0.731,81.7,90.42,-8.68,0,0
67.61,59.48,2.6,0.559,90.6,51.61,23.49,4,1
88.73,66.39,2.65,0.701,91.02,92.55,27.81,1,1
139.15,58.22,5.7,0.679,115.24,133.27,-1.24,0,0
67.32,56.32,4.5,0.591,73.69,67.93,-15.82,0,0
102.93,63.71,3.24,0.726,92.34,105.33,4.06,1,0
136.73,60.65,5.26,0.775,152.04,148.89,21.24,1,1
82.42,57.23,2.48,0.53,88.44,71.14,33.19,0,0
117.07,64.35,4.29,0.682,136.37,122.78,20.18,1,1
69.48,59.72,2.17,0.569,71.09,82.76,20.64,0,0
53.11,48.55,0.85,0.341,57.75,78.32,13.41,0,0
135.33,68.2,9.6,0.81,140.04,145.82,-22.03,1,1
51.88,61.16,1.74,0.616,45.12,55.49,11.55,0,0
72.57,45.0,0.93,0.484,83.03,75.32,7.39,0,0
142.61,72.15,2.4,0.788,131.61,158.13,30.45,0,1
81.58,46.88,1.23,0.62,81.53,78.71,-25.93,0,0
156.77,69.01,2.45,0.815,154.25,164.72,-21.64,0,1
157.57,78.1,3.86,0.772,171.1,179.51,19.83,0,1
72.19,49.64,9.24,0.649,61.82,71.1,22.02,0,0
44.92,45.0,0.58,0.394,35.9,30.0,-6.67,0,0
124.61,78.82,4.79,0.478,122.7,116.0,-3.02,0,0
94.12,53.61,1.22,0.7,113.97,97.05,13.66,4,0
52.09,63.51,1.64,0.506,43.82,43.72,-12.85,1,0
124.9,68.89,3.46,0.794,123.98,121.43,17.31,1,1
43.74,45.0,3.6,0.3,30.0,40.79,-15.56,0,0
144.42,70.27,2.31,0.526,131.14,150.03,5.96,3,0
56.64,64.94,2.32,0.624,62.07,47.18,-21.1,3,0
55.28,45.0,0.78,0.305,49.76,49.44,28.18,0,0
61.08,51.77,4.46,0.587,61.4,75.15,-38.01,2,1
155.23,82.59,3.23,0.875,181.63,150.41,-5.94,0,1
123.18,70.32,2.9,0.733,105.77,130.44,31.86,1,0
136.16,73.16,5.57,0.541,162.8,136.3,15.14,3,1
87.72,63.52,2.82,0.61,102.06,87.49,-4.71,5,0
80.36,73.13,6.24,0.677,77.98,87.74,-24.18,0,0
68.14,54.34,4.97,0.455,69.93,49.51,-6.96,5,0
97.68,61.17,2.4,0.538,88.25,102.11,0.5,0,0
106.22,64.08,2.95,0.576,109.57,111.75,10.43,4,1
115.81,59.38,1.76,0.46,138.82,124.3,17.3,2,0
70.85,64.3,8.65,0.649,64.09,67.1,-35.54,4,1
153.84,78.46,3.0,0.889,156.84,153.84,4.0,0,1
60.37,62.58,3.85,0.66,52.5,35.85,2.16,5,1
155.88,81.04,3.23,0.782,152.36,149.18,4.52,3,1
41.78,53.41,1.57,0.506,35.07,43.54,-2.83,0,0
97.74,61.03,1.63,0.454,81.68,112.44,-30.15,0,0
80.0,51.1,2.1,0.587,76.58,98.46,-18.3,0,0
93.89,57.27,1.66,0.622,94.98,90.47,22.38,1,0
108.48,72.82,2.41,0.766,106.96,117.22,-14.72,0,0
92.27,72.53,2.54,0.689,66.46,90.8,-25.9,1,1
89.78,49.5,1.2,0.725,90.42,73.62,-5.01,0,0
127.93,67.0,2.87,0.811,131.59,133.98,-20.07,0,1
122.31,69.87,2.72,0.794,148.96,140.62,24.74,2,1
139.99,59.48,1.49,0.525,138.82,136.18,-23.42,1,1
70.0,51.95,2.07,0.628,81.79,60.92,25.41,0,0
113.14,68.36,4.23,0.662,109.28,113.82,-26.14,0,0
110.22,73.17,3.47,0.563,125.06,109.0,2.39,0,0
84.37,45.0,6.01,0.356,68.15,110.47,-1.92,0,0
98.33,61.21,1.63,0.646,105.31,108.39,17.72,0,0
77.65,57.5,3.83,0.444,84.62,78.95,-0.57,2,1
57.02,56.47,2.25,0.438,62.11,30.0,-10.11,0,0
65.66,57.32,2.35,0.55,90.62,64.22,38.02,0,1
52.66,66.8,2.91,0.603,45.7,71.18,-0.21,3,0
121.97,69.4,2.55,0.776,142.46,122.77,7.17,0,1
119.29,74.03,2.83,0.618,133.52,127.51,-25.62,0,1
154.07,67.52,3.35,0.697,156.61,157.99,4.72,1,0
127.56,65.0,1.77,0.559,148.8,122.69,10.53,1,1
46.25,45.0,1.83,0.368,39.84,63.16,-27.61,0,0
146.11,73.79,4.16,0.563,145.63,148.0,-14.3,1,1
143.52,74.66,2.94,0.899,149.44,136.45,4.64,2,1
93.2,62.71,1.93,0.589,77.7,93.41,0.67,1,0
110.3,57.4,1.6,0.462,116.68,124.58,-15.14,4,1
157.13,76.49,2.52,0.693,166.24,142.33,-13.6,8,1
103.88,65.12,1.85,0.61,102.83,106.58,1.56,1,0
148.64,65.31,1.99,0.739,172.57,149.37,-3.18,6,1
49.96,45.0,0.53,0.3,38.72,34.56,-9.24,1,0
62.93,56.97,1.68,0.649,43.15,70.59,22.07,1,0
92.89,61.77,2.06,0.469,113.09,95.46,9.33,3,1
110.17,71.49,10.1,0.417,118.64,118.96,22.65,6,1
137.95,67.42,9.03,0.524,143.95,149.33,-19.42,8,1
158.59,82.04,3.03,0.788,158.28,158.04,-13.98,2,1
86.66,45.0,0.86,0.395,86.67,81.11,-14.2,1,0
45.69,59.94,2.41,0.3,30.0,31.44,-27.72,0,0
136.14,72.17,2.37,0.64,134.24,129.7,-32.78,1,1
112.53,64.7,2.73,0.667,103.01,112.64,-1.28,2,0
63.83,47.83,1.43,0.316,61.29,54.19,5.7,0,0
99.38,51.24,1.46,0.503,108.53,105.21,-12.45,0,0
129.08,60.97,4.05,0.634,117.19,120.04,-19.36,0,1
132.45,78.27,5.14,0.541,139.97,114.82,5.16,2,1
99.95,54.13,7.67,0.582,102.0,94.17,1.4,1,0
76.63,45.0,0.88,0.344,79.71,78.47,20.14,1,0
156.85,64.34,4.95,0.569,153.33,144.25,18.64,4,1
119.6,57.22,2.39,0.647,128.99,110.72,-7.34,1,0
88.99,56.11,2.51,0.446,77.56,82.69,-6.93,2,0
73.66,58.65,4.72,0.339,48.25,68.67,-30.72,1,0
127.73,62.21,5.82,0.633,110.94,130.71,18.64,3,1
69.06,48.58,2.66,0.653,64.09,75.44,2.31,3,0
60.61,56.42,1.83,0.551,40.28,55.86,7.73,7,0
103.58,64.57,2.68,0.717,124.52,93.19,3.93,0,0
74.8,66.07,3.2,0.653,74.87,76.17,18.41,0,0
115.47,66.03,4.41,0.815,130.81,120.65,21.07,2,1
54.15,51.5,2.5,0.548,62.55,70.29,27.22,3,1
118.59,65.22,2.4,0.679,120.25,130.05,-23.36,0,1
74.0,54.43,1.88,0.448,113.4,61.41,21.05,0,0
40.03,45.0,0.58,0.3,69.16,38.62,34.32,3,0
55.23,48.91,4.61,0.52,70.34,59.79,-9.29,2,0
152.03,64.7,1.82,0.934,147.85,143.53,7.3,2,1
144.08,66.63,3.1,0.699,163.26,140.58,19.87,1,1
68.03,61.05,4.54,0.574,46.52,74.77,1.86,0,0
133.4,74.42,3.08,0.678,151.73,135.9,15.17,3,1
113.03,59.95,3.81,0.592,82.19,113.05,-4.3,1,0
156.51,81.91,5.16,0.714,154.95,149.97,7.01,1,1
84.83,57.43,1.34,0.536,98.07,70.38,27.95,2,1
121.78,55.2,1.91,0.592,126.24,118.65,-10.69,0,0
47.62,45.0,2.26,0.522,30.0,46.71,-2.68,1,0
87.55,70.47,2.85,0.692,91.44,72.87,23.88,0,0
155.66,74.74,3.47,0.9,166.29,156.14,-8.79,0,1
104.68,50.83,2.2,0.485,104.84,108.6,-12.36,2,0
74.55,45.0,0.75,0.662,70.9,67.63,7.61,1,0
54.43,46.39,1.38,0.38,60.29,58.47,27.81,4,0
124.42,67.42,1.89,0.577,137.7,127.18,4.22,1,0
117.38,62.29,1.78,0.723,117.99,114.34,2.02,0,0
84.87,48.27,1.77,0.456,100.24,80.71,14.23,0,0
154.11,64.86,2.97,0.564,151.51,150.79,-10.06,0,0
42.66,55.54,1.37,0.357,31.94,34.1,34.12,4,0
76.45,48.16,2.8,0.598,92.69,79.89,-8.52,1,0
150.53,66.15,2.47,0.662,167.62,142.08,10.17,1,0
78.51,65.94,5.56,0.567,70.42,70.7,-2.14,0,0
70.27,59.37,2.1,0.555,60.18,75.24,-40.0,1,0
104.11,65.52,1.97,0.686,127.0,101.69,-3.72,0,0
138.86,69.17,4.08,0.855,142.73,139.47,-22.4,1,1
52.38,49.82,2.05,0.41,48.62,35.26,11.09,2,0
153.16,65.86,2.48,0.606,150.26,147.93,-31.93,0,1
135.41,61.14,2.13,0.614,151.54,152.22,25.02,0,0
61.75,45.0,0.75,0.438,84.24,43.94,-9.99,3,0
125.44,74.35,2.89,0.742,129.12,142.94,19.15,1,1
86.2,52.6,1.0,0.344,110.08,88.81,-13.19,1,0
88.28,58.72,2.37,0.471,79.04,82.95,3.02,0,0
133.99,72.51,5.56,0.794,134.48,131.95,17.07,1,1
155.53,78.29,4.88,0.815,167.91,167.84,16.5,0,1
55.2,51.45,0.93,0.538,44.16,32.42,-27.5,1,0
90.48,58.6,4.51,0.676,99.92,104.63,25.06,3,1
97.71,57.61,2.16,0.686,93.22,100.37,7.58,0,0
85.16,49.58,1.09,0.608,66.79,95.28,-40.0,2,0
83.58,48.85,2.82,0.507,60.8,66.1,-9.4,0,0
46.27,51.19,1.46,0.612,42.63,44.0,49.19,0,0
122.26,55.48,1.57,0.674,128.76,98.98,23.35,5,1
92.35,46.63,0.86,0.438,72.77,104.32,-18.77,0,0
63.38,57.98,2.28,0.387,61.26,53.55,8.74,0,0
137.92,73.04,2.33,0.771,143.53,127.95,-4.27,1,0
136.31,70.25,4.33,0.859,139.47,116.96,19.84,5,1
98.37,73.32,3.15,0.447,84.18,102.81,-21.75,1,1
75.81,45.0,1.39,0.34,73.5,76.53,20.6,4,0
116.57,75.37,2.33,0.782,118.51,109.09,17.54,1,1
74.58,58.65,3.87,0.67,87.76,77.21,18.16,0,0
68.32,57.13,2.25,0.396,48.72,60.52,27.47,1,0
127.66,66.76,2.68,0.614,129.31,110.07,18.93,0,1
44.84,45.0,2.65,0.479,30.0,41.2,10.97,0,0
51.37,49.03,0.84,0.366,43.85,67.82,16.51,0,0
40.81,53.8,1.71,0.553,30.0,50.53,7.44,0,0
58.35,45.0,1.79,0.3,41.35,62.91,-0.15,0,0
48.28,59.85,2.32,0.3,42.23,50.72,-15.21,0,0
159.5,73.65,2.52,0.642,153.55,155.86,-14.92,0,0
74.66,57.86,1.81,0.418,88.63,82.02,14.76,0,0
57.91,45.0,1.04,0.3,66.06,63.57,15.04,0,0
68.92,54.5,8.31,0.313,72.84,68.09,2.28,5,1
152.34,82.96,3.37,0.839,166.54,154.33,-1.57,1,1
102.42,59.96,1.74,0.453,101.04,86.36,-3.14,1,0
83.78,61.42,4.08,0.697,101.37,78.98,7.85,1,0
144.81,63.51,2.43,0.662,142.51,132.88,3.8,1,0
87.4,58.36,2.18,0.61,113.04,75.28,8.82,0,0
80.2,50.22,2.01,0.411,65.11,84.9,13.44,1,0
64.87,54.5,2.43,0.371,46.74,52.23,-11.06,3,0
85.34,52.5,2.29,0.566,67.91,93.02,-20.29,1,0
78.0,60.61,1.49,0.538,62.12,88.32,-9.4,4,0
121.28,62.6,4.12,0.751,104.75,120.66,-28.09,0,1
74.75,56.06,1.49,0.607,77.47,68.69,37.6,3,0
109.26,69.1,2.46,0.676,121.03,119.57,17.68,2,0
47.91,45.0,0.79,0.403,44.38,53.43,-1.99,1,0
62.95,61.12,3.65,0.625,46.83,74.91,17.44,1,0
88.89,63.6,2.93,0.596,83.17,78.07,-6.55,0,0
152.43,75.8,4.46,0.933,169.2,149.83,7.78,1,1
85.27,69.01,3.53,0.664,82.44,83.08,-14.09,0,0
119.69,61.42,1.65,0.457,107.24,121.78,-23.15,0,0
70.61,60.31,1.96,0.42,48.85,76.86,-7.09,0,0
55.24,64.2,2.71,0.474,47.66,56.62,15.36,1,0
47.02,49.61,1.32,0.51,36.79,60.38,-20.93,8,1
76.65,60.76,1.79,0.53,74.21,72.9,-5.52,1,0
58.92,50.16,3.87,0.571,64.06,48.43,-1.09,0,0
60.88,45.0,2.57,0.376,53.01,54.22,9.95,4,0
131.29,63.51,2.25,0.547,132.46,123.39,-7.18,0,0
41.9,45.0,2.67,0.3,41.56,37.34,13.39,0,0
106.94,56.73,2.69,0.63,92.78,104.25,5.8,1,0
85.54,63.77,1.63,0.612,108.41,83.27,-0.48,0,0
100.79,55.84,1.87,0.513,90.15,103.11,-10.6,1,0
107.54,68.81,2.44,0.648,114.7,102.93,5.03,0,0
77.6,53.58,1.38,0.334,58.65,88.09,-17.35,1,0
75.41,64.42,2.1,0.346,71.65,56.03,-17.99,0,0
128.01,72.99,6.46,0.745,132.66,105.74,29.01,3,1
144.55,77.5,3.45,0.661,165.68,154.57,-21.52,2,1
63.11,57.23,4.06,0.538,59.08,72.34,2.17,4,0
51.71,55.63,1.5,0.568,66.66,64.1,32.04,0,0
147.74,83.42,3.09,0.864,156.51,154.1,-10.12,1,1
81.99,58.35,4.6,0.395,100.11,82.01,9.54,2,0
106.16,63.72,2.65,0.593,84.66,103.57,5.5,4,0
83.15,60.99,4.84,0.623,89.39,67.12,-40.0,1,0
55.1,57.4,1.34,0.555,30.0,56.57,-13.46,5,0
110.72,61.56,5.22,0.726,112.54,96.35,-27.39,0,0
103.02,53.96,1.84,0.48,112.88,127.68,22.27,1,0
64.36,59.88,1.65,0.35,76.71,54.04,-8.09,0,0
94.22,73.65,3.94,0.599,103.06,93.47,36.54,0,0
135.63,64.93,4.09,0.783,135.81,150.7,-17.1,0,1
110.85,56.95,1.29,0.54,116.2,107.19,10.77,2,0
51.63,54.74,7.62,0.3,75.83,48.04,-3.68,1,0
105.76,68.2,3.68,0.684,108.35,79.89,-2.98,0,0
124.33,69.21,2.53,0.573,135.32,111.23,5.42,0,0
135.12,71.84,2.36,0.552,129.01,140.74,-2.59,4,1
115.49,59.28,2.1,0.486,126.05,132.22,35.07,0,1
58.32,52.08,1.3,0.381,64.81,49.41,28.94,0,0
125.22,69.37,2.98,0.693,119.75,127.19,-16.22,0,1
121.28,58.36,3.59,0.587,130.35,148.37,5.31,0,0
42.93,47.65,2.28,0.3,46.83,48.6,-19.0,0,0
89.41,63.25,2.45,0.387,94.03,99.17,-22.73,0,0
79.95,52.06,1.11,0.436,76.18,72.29,-13.89,0,0
120.33,68.24,6.62,0.705,137.18,135.85,38.72,1,1
65.94,50.77,1.32,0.317,49.06,59.01,-38.81,2,0
110.9,62.07,2.01,0.637,111.76,102.22,10.8,0,0
149.58,73.09,3.74,0.577,150.46,164.38,8.72,0,1
135.74,61.4,3.69,0.572,149.23,129.37,-6.63,2,0
150.57,78.43,8.72,0.601,138.99,150.54,5.82,0,1
157.42,73.98,7.46,0.579,159.9,173.68,12.77,2,1
41.28,45.0,4.18,0.472,32.82,32.14,-4.9,1,0
114.73,75.83,3.21,0.61,116.23,112.36,-1.95,4,1
89.54,63.13,1.86,0.681,95.87,83.44,-1.26,0,0
143.18,61.64,2.82,0.549,126.82,139.9,-23.37,2,1
70.22,58.48,1.33,0.349,80.36,70.61,8.05,1,0
157.72,75.52,2.66,0.676,164.37,171.12,-5.77,1,0
113.64,54.33,1.06,0.727,105.89,130.07,-0.97,0,0
135.22,63.3,1.9,0.608,131.29,136.78,-12.95,0,0
50.27,50.85,1.82,0.394,64.09,43.01,-4.92,2,0
62.01,45.0,1.25,0.387,62.74,68.8,-9.44,0,0
131.01,64.37,2.35,0.505,117.53,131.06,16.1,1,0
42.64,53.59,3.68,0.584,32.91,43.02,-29.66,0,0
138.03,61.76,3.19,0.713,147.79,127.71,36.79,1,1
41.67,52.65,5.09,0.52,49.01,30.0,17.5,0,0
118.85,66.88,2.7,0.7,125.21,118.67,-24.96,0,1
83.81,49.16,1.23,0.537,79.06,73.12,-12.79,3,0
113.38,66.34,1.98,0.456,120.22,108.08,-25.79,0,0
123.52,73.59,3.89,0.708,121.93,138.35,10.85,4,1
81.1,51.27,3.64,0.385,66.55,80.4,15.71,0,0
52.96,48.17,0.99,0.405,68.09,64.03,11.69,1,0
48.36,55.76,4.31,0.477,51.76,51.32,23.64,0,0
110.67,64.82,2.81,0.725,103.75,116.51,-0.15,0,0
102.48,49.89,1.03,0.661,105.32,96.98,18.9,1,0
129.06,72.66,3.7,0.736,132.11,140.59,6.78,2,1
101.17,52.06,2.02,0.443,93.83,104.28,-3.42,3,0
90.69,54.64,1.12,0.491,91.31,88.05,14.23,3,0
87.77,63.88,2.4,0.36,71.84,90.87,-10.78,0,0
43.17,49.47,3.07,0.497,51.6,36.02,30.44,0,0
80.27,61.1,2.68,0.702,82.23,77.33,-4.7,4,0
157.12,75.06,2.8,0.657,138.95,156.57,1.12,0,0
144.83,70.5,5.99,0.55,141.08,139.57,-14.59,4,1
79.53,49.71,1.19,0.509,70.31,95.11,-32.92,0,0
110.54,66.52,2.23,0.754,77.74,106.38,-9.96,6,1
141.68,71.15,2.73,0.726,142.32,162.5,-32.15,0,1
92.95,56.79,4.58,0.378,100.95,93.63,42.68,0,1
42.15,54.75,2.15,0.596,40.78,39.81,-7.06,1,0
48.94,70.91,3.77,0.558,56.6,43.9,2.43,2,0
101.25,49.37,6.37,0.436,98.08,105.47,-7.17,0,0
156.33,84.75,5.18,0.918,157.21,165.27,2.97,1,1
123.19,74.01,2.52,0.63,115.0,97.81,2.03,3,0
48.51,51.58,3.22,0.374,30.0,48.56,-24.37,2,0
62.72,47.67,2.73,0.453,70.88,42.84,-40.0,4,1
132.56,83.32,3.2,0.812,145.56,142.38,-13.31,0,1
140.97,56.47,1.78,0.767,140.97,150.97,-8.74,0,0
114.12,54.99,2.96,0.446,86.75,114.53,-8.64,1,0
117.33,77.68,2.87,0.815,127.3,119.41,8.29,2,1
43.4,45.0,0.85,0.3,30.0,30.0,6.86,0,0
139.42,83.5,4.63,0.796,145.08,133.95,-26.74,0,1
134.59,59.56,4.56,0.738,118.86,128.47,-23.93,4,1
71.08,45.0,0.62,0.368,67.55,66.59,-9.7,0,0
125.04,59.62,2.26,0.523,121.93,133.76,25.88,0,0
65.78,59.93,2.8,0.625,37.38,78.6,34.77,0,0
44.84,46.23,2.27,0.382,59.9,50.95,-16.74,2,0
64.14,51.04,9.22,0.534,58.91,60.9,17.04,3,1
61.44,62.31,3.26,0.466,55.64,53.97,-1.33,0,0
80.53,69.49,3.42,0.613,87.2,81.44,13.34,1,0
90.21,55.69,8.01,0.542,88.45,93.18,-24.72,3,1
101.02,47.14,0.72,0.498,103.35,98.81,25.56,1,0
97.21,45.0,0.62,0.517,81.82,90.62,-40.0,1,0
72.48,60.07,2.64,0.641,71.6,78.63,-24.11,0,0
43.5,52.56,1.62,0.398,30.0,50.64,-11.61,1,0
112.61,61.41,1.64,0.503,107.82,99.49,-13.07,6,1
87.49,62.03,2.07,0.716,107.16,83.65,10.3,0,1
75.84,52.9,2.66,0.626,58.29,83.62,-21.1,0,0
144.03,71.05,5.25,0.534,138.51,153.92,-9.18,5,1
129.61,84.4,3.01,0.868,109.49,130.25,-13.38,0,1
142.93,57.09,2.39,0.787,146.76,146.59,-2.1,3,0
99.4,56.92,1.74,0.442,101.84,101.92,3.89,4,0
55.71,45.0,2.15,0.342,55.15,65.25,15.85,0,0
123.55,57.79,2.46,0.728,118.88,112.45,-15.9,1,1
64.73,47.95,4.6,0.586,38.72,67.4,11.25,0,0
92.95,59.46,1.43,0.454,75.14,84.06,-8.02,0,0
47.8,49.66,1.73,0.326,57.4,58.68,27.5,1,0
139.04,78.08,2.81,0.62,149.98,128.45,-0.69,1,0
55.11,51.94,2.07,0.485,51.71,59.2,-17.29,0,0
148.37,56.29,4.06,0.594,150.2,139.54,2.36,0,0
143.71,65.21,5.35,0.553,130.43,151.23,39.51,1,1
95.75,52.13,1.69,0.639,112.01,100.14,-16.44,1,0
129.32,61.94,4.02,0.78,124.29,131.72,9.67,3,1
114.33,68.3,2.39,0.623,120.05,133.94,6.05,5,0
136.37,69.18,1.96,0.635,121.13,129.34,-0.35,3,0
91.82,62.59,4.45,0.528,88.24,101.08,-23.49,0,0
134.3,65.1,1.9,0.638,150.04,146.02,16.1,0,0
95.49,70.12,2.03,0.75,87.14,104.76,1.14,0,0
152.92,72.69,2.82,0.846,166.83,146.14,-19.75,1,1
98.36,65.53,2.45,0.458,82.56,96.02,-5.54,2,0
95.51,61.25,1.6,0.52,83.1,89.45,-10.58,0,0
134.21,67.69,4.39,0.7,136.11,131.24,-5.42,0,0
138.59,72.3,2.92,0.741,153.07,130.18,6.42,0,0
106.54,62.03,2.53,0.587,102.7,102.91,17.66,0,0
61.58,66.63,2.26,0.589,68.77,76.25,11.85,4,0
96.13,64.52,2.75,0.675,111.37,92.94,-11.16,0,0
156.17,73.68,4.4,0.751,149.93,157.23,5.83,1,1
130.36,69.71,5.53,0.813,116.31,123.1,-7.82,0,1
137.34,77.81,7.76,0.792,136.92,137.19,-11.3,2,1
43.94,56.13,2.0,0.523,57.68,52.21,-15.44,2,0
96.14,62.78,8.48,0.751,89.41,101.04,11.16,0,1
117.59,54.53,1.6,0.539,128.56,131.78,-4.79,1,0
139.6,61.27,1.49,0.606,136.57,127.51,14.83,0,0
45.91,51.43,3.07,0.573,66.45,38.35,-9.11,3,0
142.29,82.68,3.06,0.816,173.55,138.16,51.54,0,1
105.81,64.82,1.77,0.768,121.55,121.06,55.28,4,1
63.68,45.0,4.37,0.3,37.92,66.67,-3.12,1,0
78.07,45.02,2.86,0.565,48.54,63.9,8.57,0,0
73.83,62.15,1.69,0.359,69.75,84.75,-10.2,0,0
103.7,65.86,4.0,0.593,114.44,104.8,-4.57,0,0
46.2,51.5,3.68,0.3,46.21,55.11,21.5,5,0
59.02,54.79,4.62,0.308,44.51,74.86,-4.53,0,0
137.52,63.41,2.78,0.497,117.64,127.75,-34.64,4,1
55.91,52.97,2.8,0.5,65.07,71.74,5.97,3,0
68.01,62.81,3.72,0.428,86.86,67.27,-12.57,0,0
94.4,57.05,2.97,0.405,82.47,90.27,-9.3,0,0
102.05,63.8,3.19,0.515,110.26,103.6,22.98,1,0
131.63,70.9,3.24,0.542,161.72,119.71,41.31,5,1
93.68,68.5,2.89,0.738,94.16,93.48,5.21,3,0
134.78,66.13,10.1,0.612,133.0,132.36,23.19,1,1
114.2,62.3,2.16,0.556,120.04,104.82,-5.36,1,0
53.57,59.4,1.5,0.577,49.69,47.11,28.67,0,0
58.76,58.63,3.49,0.515,73.14,70.14,-5.82,5,0
92.44,69.58,2.34,0.641,88.42,90.67,-16.58,7,1
87.63,63.43,2.75,0.597,87.2,77.82,-8.51,0,0
129.23,76.21,2.52,0.846,116.84,133.71,-19.65,5,1
109.69,57.13,2.68,0.492,104.7,117.35,6.82,5,1
86.58,58.8,5.65,0.735,77.19,86.56,17.85,1,0
60.49,60.88,3.38,0.594,64.52,48.15,2.29,0,0
67.22,50.5,1.19,0.517,45.59,41.76,-5.21,3,0
109.06,64.52,6.99,0.672,122.26,100.05,-18.28,5,1
90.81,70.07,2.55,0.612,80.6,101.36,-3.37,0,0
101.79,65.53,2.59,0.409,119.38,111.42,40.67,1,1
60.48,51.4,1.92,0.349,71.9,52.52,31.14,0,0
119.55,67.94,8.9,0.823,130.44,117.19,-14.26,0,0
142.3,70.0,2.11,0.721,126.26,149.28,-15.91,8,1
70.95,59.32,3.15,0.444,60.3,69.57,55.99,0,0
98.98,63.14,2.26,0.682,89.86,108.34,2.97,3,0
157.06,70.18,2.13,0.761,151.03,156.09,24.26,1,1
79.99,60.14,5.51,0.325,93.42,84.8,35.4,0,0
111.41,67.2,3.17,0.709,111.75,108.18,-19.91,0,0
50.82,48.22,2.79,0.525,41.44,42.98,8.34,0,0
112.72,63.87,2.04,0.484,101.43,124.38,-2.27,7,1
50.76,61.29,3.63,0.615,44.67,35.74,28.31,0,0
155.11,63.58,4.26,0.635,162.2,149.11,38.86,2,1
125.88,65.0,2.55,0.641,107.17,124.94,-24.33,1,0
134.58,63.2,2.86,0.53,134.35,143.17,61.83,2,1
124.49,70.71,7.4,0.695,131.47,115.7,6.53,0,1
110.77,66.6,4.61,0.562,89.19,112.04,0.59,0,0
93.99,54.32,1.94,0.503,75.04,80.12,-40.0,3,1
143.0,63.5,3.25,0.84,147.23,147.41,20.26,2,1
154.82,75.65,4.64,0.548,171.08,173.06,-30.65,0,1
99.88,56.11,1.2,0.699,116.29,80.29,5.61,2,1
151.78,75.26,3.65,0.764,147.76,144.51,-11.96,1,1
110.0,67.19,8.08,0.804,131.0,118.37,18.89,0,1
104.61,64.07,6.06,0.63,101.36,134.04,1.61,3,1
94.54,66.88,4.49,0.386,86.31,100.42,6.45,2,0
65.11,70.04,2.17,0.3,60.24,57.82,19.99,1,0
40.45,45.0,8.18,0.555,49.61,38.96,-13.49,0,0
68.98,64.32,3.07,0.623,62.14,56.71,-7.1,1,0
101.17,58.63,1.7,0.522,94.83,109.22,-18.39,0,0
85.6,66.27,3.46,0.584,70.3,96.06,-24.22,0,0
93.82,66.21,4.68,0.557,97.18,107.88,36.47,0,1
157.68,88.52,3.29,0.94,175.68,154.38,-13.84,1,1
82.03,63.45,5.33,0.706,96.09,73.96,-7.77,2,0
94.26,58.32,5.09,0.756,80.99,109.21,32.86,0,0
56.02,61.26,1.5,0.595,51.32,69.83,-4.63,1,0
45.75,53.72,4.48,0.581,60.32,35.88,6.12,0,0
133.05,63.97,6.04,0.566,135.16,129.29,8.26,4,1
108.48,62.88,1.63,0.738,111.65,116.38,-20.11,2,0
131.28,77.17,2.95,0.757,134.56,128.76,-14.96,2,1
57.98,67.4,2.54,0.639,65.26,58.3,-7.46,0,0
108.62,55.28,1.76,0.634,112.74,93.93,20.82,7,1
70.44,54.55,3.21,0.325,58.04,59.21,5.89,4,0
67.37,52.02,1.59,0.521,76.36,66.45,-6.85,1,0
41.38,45.0,5.21,0.479,30.0,34.4,-8.09,0,0
55.64,49.26,8.7,0.335,66.21,44.16,19.31,1,0
77.11,48.96,1.31,0.469,63.74,73.97,-40.0,0,0
54.03,45.0,1.57,0.481,58.23,45.25,7.54,1,0
158.3,67.39,3.07,0.705,158.42,158.58,13.7,7,1
77.04,47.39,1.94,0.461,68.54,86.96,-20.78,2,0
55.64,45.0,1.2,0.3,65.93,52.63,16.85,0,0
63.89,48.0,0.95,0.648,73.76,59.63,5.21,0,0
110.52,63.11,1.67,0.712,112.05,121.26,33.36,5,1
47.69,45.0,0.67,0.3,62.63,55.02,-1.94,0,0
143.49,76.07,5.84,0.817,159.58,151.47,18.68,4,1
155.38,80.01,3.09,0.842,150.56,130.17,-28.87,0,1
69.61,51.26,1.0,0.3,36.49,65.13,-15.21,0,0
94.01,56.7,2.67,0.51,93.49,88.29,14.42,2,0
42.66,47.33,0.76,0.451,56.27,34.4,-2.65,0,0
116.89,58.47,1.42,0.612,124.45,127.42,23.93,1,0
89.67,55.76,2.6,0.66,109.76,84.24,26.61,1,1
72.41,58.97,2.68,0.467,62.58,58.5,-2.33,1,0
64.82,45.0,0.56,0.336,58.13,67.28,-8.23,0,0
118.48,69.36,2.89,0.826,121.89,118.41,-40.0,1,1
89.95,53.89,1.89,0.447,89.77,80.72,-11.76,7,0
61.56,58.72,2.51,0.552,69.8,71.74,23.94,0,1
122.69,52.56,2.96,0.505,140.39,128.0,3.93,0,0
107.81,61.13,1.97,0.535,128.62,113.09,18.54,0,0
143.04,72.51,3.0,0.686,164.76,147.88,2.51,0,1
54.1,45.0,2.86,0.319,56.51,64.99,-24.48,0,0
134.28,60.69,5.28,0.663,131.43,132.73,12.04,1,0
120.82,61.61,4.83,0.505,121.64,108.41,-21.7,1,1
53.8,54.79,2.06,0.465,58.96,51.73,-2.14,3,0
123.38,69.17,3.05,0.716,127.31,106.82,8.53,1,0
92.99,58.97,2.47,0.384,77.7,82.37,-19.85,7,1
153.4,69.17,5.0,0.889,153.62,169.59,28.38,2,1
56.99,45.0,3.25,0.325,61.91,45.99,37.96,1,0
117.14,62.7,2.12,0.522,112.61,105.4,-16.84,1,0
85.84,50.82,1.12,0.602,86.17,92.53,-13.7,3,0
154.82,66.96,2.53,0.732,156.52,163.45,-7.04,2,1
79.6,62.93,2.09,0.519,67.26,62.93,14.59,1,0
155.46,71.08,6.58,0.598,153.36,157.95,7.7,0,1
148.18,70.92,2.52,0.847,147.62,142.69,13.24,0,1
72.45,51.08,1.16,0.544,63.03,75.75,18.97,2,0
136.43,69.9,5.44,0.543,122.59,133.4,-23.22,1,0
159.47,74.61,2.41,0.708,160.43,145.82,9.53,5,1
70.32,48.92,1.19,0.615,78.04,65.51,4.78,3,0
92.41,46.34,1.45,0.585,105.55,98.67,14.31,1,0
102.42,70.8,3.4,0.431,82.31,121.86,10.63,0,0
75.39,45.63,1.13,0.455,91.77,79.29,5.46,0,0
41.83,49.03,1.77,0.303,39.4,37.92,-13.76,0,0
66.42,64.19,1.98,0.486,50.62,54.62,-26.82,0,0
73.83,59.58,2.66,0.639,69.76,72.25,29.54,0,0
93.23,54.64,1.86,0.534,69.39,89.45,-12.68,0,0
60.53,45.0,3.34,0.435,37.77,63.59,-36.0,1,1
144.79,65.05,2.51,0.877,170.98,144.19,37.99,4,1
124.59,69.93,2.88,0.684,117.88,129.39,-34.13,0,1
50.22,60.62,2.78,0.457,53.81,46.63,-26.11,1,0
118.01,59.9,1.59,0.539,115.45,135.1,-6.97,0,0
118.44,62.34,1.8,0.678,120.22,124.28,-8.95,0,0
154.75,78.96,4.88,0.775,162.65,147.68,9.57,2,1
40.36,45.0,0.98,0.36,30.0,50.37,-39.86,1,0
69.75,61.02,3.19,0.686,87.29,58.19,14.64,0,0
151.33,76.66,2.55,0.887,155.89,142.79,25.29,5,1
151.86,72.3,4.73,0.835,150.51,143.85,-18.35,0,0
126.47,67.22,8.5,0.674,133.57,139.75,-3.26,3,0
131.89,80.14,3.31,0.66,124.45,130.1,-18.15,1,1
50.98,51.05,1.92,0.307,47.61,44.69,4.09,1,0
101.67,67.08,2.7,0.507,97.83,103.31,-21.28,0,0
67.79,50.06,4.17,0.593,76.18,73.21,-17.42,3,0
61.75,59.6,1.39,0.447,56.11,77.64,-5.54,0,0
137.24,77.67,4.05,0.845,129.77,122.27,2.33,2,0
56.2,45.0,2.08,0.308,54.71,68.84,1.96,3,0
96.24,64.02,2.36,0.572,92.43,75.56,-9.82,1,0
152.63,70.72,2.41,0.797,134.71,161.69,3.07,1,1
62.3,45.0,0.91,0.474,62.14,73.93,4.07,0,0
157.36,78.71,4.94,0.908,157.07,169.51,-21.19,2,1
159.31,83.01,2.88,0.954,170.54,165.0,-40.0,1,1
106.67,59.72,2.63,0.446,93.34,96.02,2.72,1,0
60.42,47.63,1.21,0.313,40.21,67.89,-14.72,1,0
77.93,50.02,1.26,0.366,87.41,67.26,-15.24,0,0
90.94,78.04,3.54,0.625,101.56,81.55,34.57,1,1
77.12,46.3,4.0,0.46,74.25,72.56,27.63,2,0
73.68,63.52,3.06,0.594,78.82,70.01,25.49,1,0
156.67,72.91,4.51,0.712,168.64,159.07,10.06,0,1
58.4,46.94,1.99,0.506,56.41,51.45,-40.0,3,1
128.0,69.66,3.77,0.772,116.94,131.3,15.62,2,1
40.05,45.0,1.35,0.419,40.03,30.0,-16.58,0,0
111.54,59.82,5.29,0.63,124.18,111.93,-3.75,1,0
149.91,67.78,2.91,0.565,156.33,147.19,19.4,0,1
74.55,45.0,1.7,0.468,72.62,84.69,35.61,0,0
62.26,56.51,2.31,0.485,66.75,73.41,29.98,1,0
118.2,57.97,1.85,0.619,115.91,116.5,1.96,0,0
125.51,60.59,1.83,0.817,142.38,105.92,21.73,1,0
122.56,62.58,1.67,0.81,142.94,107.82,-9.72,2,0
78.32,74.57,4.17,0.644,63.64,89.56,-36.55,1,0
70.26,45.0,1.01,0.441,80.47,68.83,24.54,0,0
154.71,78.54,3.25,0.831,186.18,172.2,21.54,0,1
150.8,66.12,5.55,0.691,158.91,159.76,-22.01,1,1
94.88,54.72,2.34,0.458,103.84,97.43,3.62,5,0
141.54,73.0,2.33,0.642,134.61,142.83,7.64,1,1
94.28,59.31,3.77,0.391,84.06,82.79,11.21,4,1
90.93,52.51,1.39,0.485,86.12,84.61,8.9,7,1
58.81,45.0,1.71,0.441,50.8,62.97,-10.54,1,0
91.17,67.92,2.95,0.736,78.14,87.72,-21.78,0,0
104.49,64.01,2.05,0.519,100.79,109.17,0.26,3,0
42.7,50.14,0.99,0.569,52.12,52.99,19.15,3,0
93.29,59.87,1.75,0.451,74.74,91.5,7.02,3,0
133.76,62.39,1.7,0.558,135.07,129.45,29.1,5,1
121.61,60.26,1.9,0.652,124.44,112.64,2.04,0,1
116.22,66.4,10.65,0.698,114.56,124.57,-20.82,0,1
149.15,71.13,2.84,0.545,154.01,156.68,21.99,2,1
42.16,47.49,3.64,0.3,41.0,64.03,0.91,1,0
106.85,65.66,2.93,0.583,102.03,108.61,-25.5,3,1
134.48,61.74,3.15,0.616,147.53,133.52,17.75,0,0
104.96,75.32,2.57,0.68,113.29,109.63,29.58,1,1
78.87,53.96,1.52,0.521,96.17,75.99,15.55,5,1
56.35,46.95,1.69,0.313,49.82,47.5,22.37,0,0
146.51,66.18,4.97,0.877,148.19,147.4,-7.88,0,1
96.49,56.78,1.27,0.487,91.72,101.07,-15.48,0,0
145.37,77.25,3.5,0.809,163.69,150.61,24.54,0,1
110.3,71.45,2.17,0.723,110.98,114.74,-6.01,0,0
120.9,81.27,3.59,0.828,124.41,131.54,23.45,0,0
136.51,72.84,3.66,0.689,161.82,141.72,15.73,0,0
119.1,68.39,3.95,0.684,104.64,121.8,14.71,0,1
87.77,53.47,1.23,0.477,89.59,75.11,12.28,0,0
101.64,58.52,1.58,0.656,102.02,104.09,-16.01,3,0
136.37,75.61,3.29,0.674,134.85,134.66,-36.61,1,1
84.84,63.62,10.97,0.51,71.59,73.62,7.45,4,0
86.57,53.99,1.7,0.682,80.25,91.58,7.01,0,1
51.48,51.78,1.74,0.3,40.59,56.66,-23.77,0,0
149.75,80.57,3.48,0.882,161.34,154.0,20.17,0,1
50.92,45.68,0.67,0.574,60.63,56.48,29.88,0,0
117.79,68.85,4.16,0.636,97.16,119.02,-23.05,4,1
89.58,51.21,1.31,0.545,74.06,87.12,-40.0,0,0
88.67,45.0,2.32,0.491,93.06,106.37,19.67,0,0
121.55,69.67,2.95,0.842,133.98,123.03,29.12,2,1
48.05,48.01,2.1,0.3,30.0,30.0,-22.24,2,0
111.24,63.63,1.7,0.65,122.73,86.97,19.68,0,0
132.64,90.23,6.52,0.751,135.49,144.69,7.39,1,1
139.39,76.86,2.83,0.872,153.79,121.05,5.23,1,0
60.46,55.94,2.82,0.573,49.71,55.02,5.07,0,0
147.69,76.18,4.77,0.781,134.62,135.53,-15.57,0,1
118.74,58.29,2.46,0.483,112.69,115.71,-22.85,2,1
145.82,76.55,3.01,0.667,143.99,149.68,6.39,0,0
98.23,59.52,7.09,0.43,91.0,91.59,1.21,1,0
105.04,68.15,2.38,0.748,103.31,96.89,-40.0,4,1
150.28,70.44,6.48,0.831,175.21,157.58,-8.8,0,1
147.99,63.42,1.86,0.827,132.13,174.31,-20.03,0,0
93.78,57.61,2.0,0.622,84.09,99.18,4.6,4,0
72.93,56.96,1.44,0.502,65.94,63.79,-30.9,1,0
87.18,51.5,0.89,0.402,83.5,95.89,-7.59,1,0
86.53,58.31,1.75,0.471,92.49,103.97,37.86,1,0
74.42,49.99,0.94,0.358,79.97,85.06,3.97,0,0
72.23,60.01,7.84,0.587,84.88,56.79,8.65,2,0
143.33,60.51,3.58,0.574,148.59,148.61,1.53,0,0
48.38,52.76,0.97,0.506,30.0,43.79,8.49,0,0
121.31,63.23,1.97,0.721,103.76,121.84,-8.03,1,0
60.74,45.0,2.16,0.446,71.42,57.0,1.38,2,0
81.34,52.0,1.68,0.378,89.89,88.77,7.02,2,0
47.39,58.06,3.96,0.348,49.98,43.86,25.16,0,0
72.4,45.0,1.55,0.425,59.06,86.58,0.57,2,0
132.21,71.09,3.66,0.757,131.48,132.18,0.67,2,1
146.2,73.12,3.55,0.564,140.7,143.97,18.44,1,1
66.58,72.87,3.7,0.611,54.51,72.3,-15.43,6,0
95.63,59.18,1.74,0.671,100.16,99.2,-40.0,0,0
96.44,52.64,1.66,0.444,119.18,102.44,19.43,2,0
144.83,65.11,1.78,0.802,142.92,143.5,6.9,1,0
131.54,77.76,3.79,0.742,149.94,144.88,-2.0,0,0
101.57,57.76,2.19,0.684,92.62,111.47,-9.31,2,0
120.49,59.91,3.54,0.517,100.39,120.37,12.59,0,1
141.68,54.01,1.39,0.568,152.89,149.91,13.78,1,1
41.14,51.36,1.74,0.3,32.52,38.51,22.23,1,0
88.35,65.14,2.01,0.491,101.43,94.05,11.38,1,0
148.87,80.85,4.08,0.844,171.4,157.12,8.5,1,1
128.84,58.63,4.14,0.762,128.73,131.33,12.69,0,0
105.14,70.66,4.21,0.766,124.57,96.94,16.34,0,1
103.56,45.68,4.87,0.414,89.33,91.62,0.78,0,0
81.73,52.41,6.29,0.33,65.63,84.67,-12.2,2,0
102.46,64.98,3.92,0.667,116.67,95.22,-3.19,2,0
118.65,65.16,2.22,0.548,99.03,129.19,-19.43,1,0
90.2,60.88,1.82,0.484,87.87,75.12,8.19,4,0
125.7,67.19,2.72,0.676,142.21,138.87,19.95,0,0
143.35,53.04,8.63,0.551,158.17,143.86,-39.9,3,1
58.56,56.85,2.01,0.513,51.63,50.02,-16.66,0,0
94.19,58.63,1.65,0.493,104.15,89.67,-23.65,0,0
88.96,53.53,5.34,0.6,75.49,86.93,-15.71,0,0
122.5,58.42,2.04,0.781,118.11,127.33,-13.05,1,0
69.98,61.74,3.27,0.358,67.92,57.73,1.63,2,0
116.83,77.71,4.79,0.803,125.42,107.24,7.64,3,1
145.3,76.44,5.17,0.728,135.29,142.06,33.34,1,1
90.18,58.28,3.88,0.72,114.92,89.87,19.08,0,0
149.32,51.56,3.61,0.611,127.01,156.49,0.34,0,0
159.18,80.71,4.3,0.799,163.82,161.87,-23.28,4,1
52.73,51.97,1.69,0.4,51.08,48.84,-6.85,0,0
67.97,53.91,2.69,0.594,46.87,70.33,-30.05,2,1
154.05,82.09,5.44,0.785,173.63,155.7,20.56,0,1
155.0,79.26,3.2,0.743,148.97,152.48,-2.08,0,1
51.72,55.5,1.66,0.6,52.91,52.89,-5.55,0,0
41.8,46.92,1.25,0.356,40.86,30.0,16.75,0,0
59.33,49.41,1.97,0.346,36.8,68.67,-16.11,0,0
159.52,80.23,2.69,0.802,150.69,165.0,19.6,0,1
61.6,47.6,2.92,0.514,78.64,76.58,32.29,6,1
100.31,63.44,1.83,0.557,98.65,92.2,-12.27,0,0
141.81,63.83,1.84,0.7,111.45,147.53,4.86,2,1
42.45,62.0,1.85,0.591,38.65,30.0,0.13,1,0
112.54,69.87,3.28,0.711,114.36,94.88,-6.18,0,0
73.24,46.27,1.08,0.344,70.75,70.87,5.86,0,0
143.48,68.47,2.6,0.595,119.4,137.69,-40.0,1,1
74.02,53.93,5.06,0.692,75.51,84.49,-8.94,0,0
122.41,78.84,5.35,0.738,115.18,134.19,3.9,1,0
120.91,81.21,5.54,0.809,127.73,133.74,-1.88,1,1
66.58,56.39,2.48,0.401,68.68,72.56,20.46,1,0
44.18,61.75,4.53,0.509,47.16,50.59,-5.67,1,0
89.11,61.75,3.77,0.633,106.62,76.29,10.94,0,0
74.7,58.6,5.91,0.422,97.43,88.7,9.2,2,1
137.08,78.42,2.61,0.712,125.71,149.6,-33.19,0,1
136.04,70.34,2.06,0.739,134.24,122.24,6.16,0,0
94.84,60.15,1.7,0.557,102.9,99.52,9.74,0,0
112.78,73.68,6.19,0.749,114.24,107.31,-34.06,0,1
112.51,71.67,3.5,0.751,82.85,131.01,-40.0,1,1
139.26,68.05,2.72,0.838,141.71,129.51,-6.94,1,1
91.0,46.7,1.68,0.674,107.3,91.93,30.3,0,0
73.05,53.59,3.67,0.494,54.2,74.91,39.51,0,0
71.8,45.0,4.47,0.448,71.41,71.27,-32.97,0,1
104.34,58.35,3.26,0.726,83.97,125.83,19.07,1,0
93.9,53.41,3.14,0.558,103.49,110.81,25.71,2,1
92.81,52.87,1.55,0.457,92.85,76.44,-10.48,1,0
50.94,55.78,2.09,0.436,40.83,55.81,28.85,3,1
126.23,70.58,5.28,0.515,119.53,126.12,5.04,0,0
65.65,58.75,3.64,0.554,46.73,73.99,-13.55,0,0
63.63,55.6,2.87,0.405,71.83,65.76,-27.95,3,0
89.53,60.84,1.55,0.453,77.0,81.4,-4.43,2,0
67.33,45.0,0.56,0.665,74.63,56.96,4.39,1,0
110.06,66.1,1.98,0.721,100.94,106.04,35.74,4,1
84.58,47.82,1.98,0.649,111.93,83.37,-3.35,1,0
93.87,64.42,2.82,0.611,112.81,95.81,-6.48,1,0
104.46,50.74,5.13,0.729,131.93,98.75,4.54,1,0
64.42,54.32,2.84,0.577,90.25,81.48,60.72,1,0
58.69,56.53,1.71,0.496,48.99,64.04,-25.56,1,0
145.65,68.06,2.15,0.901,141.07,154.39,21.26,0,1
92.05,62.86,4.41,0.433,113.02,90.66,-17.56,5,1
89.45,66.61,2.72,0.726,90.27,79.08,8.18,5,0
44.27,50.14,2.4,0.373,49.74,53.11,4.5,0,0
99.76,66.12,3.02,0.591,92.12,89.82,-16.41,1,0
106.5,56.18,1.34,0.449,96.22,86.27,7.78,2,0
107.06,64.05,1.73,0.617,117.36,112.72,-9.26,0,0
124.84,67.77,2.58,0.699,103.19,117.29,-39.9,0,1
61.3,57.18,1.9,0.663,71.96,57.96,-0.28,1,0
70.27,54.36,2.74,0.681,78.18,77.21,-12.56,0,0
137.29,65.36,3.22,0.878,136.49,127.98,4.27,3,1
153.66,69.2,7.16,0.68,155.56,137.64,-4.2,3,1
56.31,53.34,3.93,0.645,59.39,68.51,29.69,2,1
99.72,55.33,2.15,0.561,101.79,99.13,-4.71,3,0
65.7,62.77,2.61,0.618,74.34,78.27,9.28,2,0
47.21,45.0,2.18,0.308,31.59,53.47,-28.73,0,0
79.06,55.15,1.29,0.52,109.82,85.62,7.7,0,0
57.24,64.2,12.0,0.638,55.54,58.88,-17.26,3,1
125.19,77.5,3.55,0.834,128.31,126.82,22.89,2,1
104.05,72.26,5.75,0.666,128.7,115.39,-1.31,0,1
57.26,50.23,5.95,0.571,34.73,65.4,-22.97,2,1
41.11,50.66,2.15,0.3,58.32,35.22,13.98,0,0
136.98,64.1,1.81,0.78,141.69,141.91,-10.49,0,1
61.14,51.51,2.17,0.511,52.99,54.95,21.3,0,0
112.75,58.51,2.68,0.455,96.41,109.62,27.07,0,1
80.43,48.7,3.06,0.367,60.53,86.11,-26.1,2,0
110.26,56.86,1.29,0.454,103.24,103.91,11.71,2,0
77.88,54.81,2.03,0.603,81.28,79.35,-13.51,1,0
50.43,45.0,4.34,0.3,51.9,54.23,-5.68,0,0
66.75,59.19,8.47,0.467,67.29,63.36,12.69,1,0
62.57,49.87,1.11,0.41,52.65,69.76,-2.44,4,0
91.36,60.97,4.53,0.574,106.92,86.97,10.77,0,0
118.99,68.48,2.15,0.72,153.47,128.42,37.01,0,1
71.66,56.85,3.97,0.569,88.97,72.96,28.3,1,0
41.45,48.63,1.2,0.411,33.35,43.18,-3.13,2,0
102.27,59.02,6.16,0.573,107.75,93.28,-8.68,1,0
112.69,72.76,3.95,0.577,119.03,110.34,3.19,3,1
155.54,82.44,3.51,0.891,180.62,157.49,-5.62,0,0
110.74,61.85,2.01,0.545,105.57,120.98,11.57,1,0
96.54,54.69,1.48,0.473,82.43,93.32,-10.44,2,0
108.81,64.58,3.39,0.704,124.49,119.02,-12.06,0,0
151.35,74.07,5.64,0.678,157.78,143.79,27.35,0,1
139.41,83.84,4.94,0.837,130.84,142.75,-4.53,3,1
78.76,45.0,3.2,0.447,84.17,73.69,-10.76,1,0
68.47,60.54,3.71,0.566,89.85,83.91,31.26,0,1
71.52,57.93,7.08,0.313,57.44,85.15,15.6,5,1
100.53,49.57,2.9,0.536,88.55,103.39,-39.95,0,1
129.29,64.75,2.04,0.605,129.75,123.94,20.16,1,0
100.39,56.8,3.56,0.708,110.71,85.22,8.0,1,0
48.14,57.01,1.8,0.611,47.46,51.92,17.15,0,0
126.83,64.14,9.86,0.645,141.34,128.91,6.03,0,1
136.72,71.6,2.8,0.82,144.25,145.3,10.59,2,0
74.74,54.44,1.59,0.584,86.56,60.08,0.43,0,0
119.7,75.15,2.72,0.826,115.57,121.11,15.8,2,1
91.19,63.73,3.24,0.678,78.02,95.48,-18.67,3,1
146.69,68.9,2.11,0.551,141.64,137.67,15.94,0,1
141.43,73.58,6.82,0.79,129.06,142.59,-2.97,2,1
103.05,66.05,2.29,0.603,108.03,95.78,16.11,1,0
122.98,59.5,1.9,0.456,95.89,114.73,-31.71,0,0
146.0,80.77,2.72,0.619,140.94,140.7,5.08,1,1
99.49,56.46,1.61,0.747,99.0,96.83,9.35,1,0
77.59,48.14,1.5,0.683,66.69,89.98,27.93,0,1
130.44,58.18,1.98,0.791,130.58,127.22,12.63,1,0
66.41,45.0,0.98,0.672,67.9,57.95,-9.84,6,1
86.62,65.77,1.81,0.662,103.1,94.75,-3.09,1,0
143.89,69.84,2.53,0.516,129.71,154.16,6.61,0,1
126.93,73.39,4.46,0.576,130.74,135.13,-7.82,1,0
88.46,46.31,1.45,0.358,90.28,102.15,-8.44,2,0
65.77,54.46,1.58,0.315,59.81,67.69,-18.44,0,0
82.72,54.7,1.63,0.416,73.05,84.27,-2.44,1,0
74.09,56.37,2.39,0.504,58.5,67.05,-3.85,1,0
61.13,60.11,1.95,0.602,83.96,75.12,5.54,0,0
129.2,65.9,3.25,0.812,134.32,128.28,33.07,2,1
70.25,73.58,9.04,0.537,65.21,67.21,7.76,1,0
94.5,73.37,2.27,0.735,122.65,90.57,45.73,2,1
86.3,54.2,1.33,0.539,87.75,92.67,3.08,1,0
157.85,70.27,2.31,0.909,194.55,158.68,5.16,2,1
86.93,56.98,2.11,0.522,68.38,88.83,-27.18,1,0
49.6,48.71,0.79,0.34,41.55,46.35,-6.24,2,0
50.78,61.55,2.47,0.599,34.32,48.8,5.33,0,0
110.89,54.15,5.01,0.568,108.78,109.41,-6.4,3,1
111.92,65.72,1.76,0.617,110.74,126.14,14.83,0,0
90.25,46.39,1.26,0.482,82.4,72.24,21.33,0,0
91.82,63.84,3.78,0.621,92.88,96.3,-13.99,4,1
46.47,53.15,1.24,0.617,41.91,57.35,-22.07,0,0
101.99,70.26,2.14,0.396,96.58,83.6,14.37,3,0
100.57,54.3,2.55,0.742,94.33,99.85,1.72,1,0
57.95,57.29,1.25,0.3,69.26,67.77,11.52,0,0
52.46,45.0,2.93,0.383,34.82,44.93,3.73,2,0
54.83,45.0,0.6,0.312,51.62,57.51,-29.07,0,0
52.12,45.0,1.61,0.539,36.6,42.8,0.18,2,0
113.16,61.22,3.49,0.44,99.94,113.5,-3.36,2,1
63.58,45.12,0.92,0.492,52.68,76.35,2.87,1,0
70.17,45.0,0.66,0.408,64.76,87.13,-19.89,2,0
60.83,49.94,1.09,0.316,57.25,63.38,-0.34,5,0
154.94,79.24,5.45,0.854,146.73,142.15,-12.81,1,1
142.55,68.03,3.72,0.595,137.48,139.45,16.25,0,1
67.66,49.82,1.12,0.372,51.21,49.53,-9.78,2,0
79.31,66.9,3.7,0.428,63.44,76.37,-18.73,0,0
65.19,55.06,2.95,0.51,77.0,74.83,-11.93,1,0
99.03,68.02,11.01,0.641,83.14,85.4,7.77,1,1
42.35,46.35,1.33,0.3,37.25,40.28,15.11,2,0
120.56,55.36,4.12,0.538,139.71,112.4,44.19,1,1
102.78,64.78,2.57,0.561,116.47,120.72,1.05,0,0
147.84,65.49,5.15,0.656,154.07,151.82,-15.12,2,1
59.73,55.14,1.25,0.613,59.79,68.23,-2.24,3,0
136.49,74.23,2.54,0.805,149.42,139.42,-6.09,0,0
135.04,56.55,4.04,0.735,142.18,142.65,-7.75,0,0
55.26,45.0,3.07,0.381,67.95,66.07,14.89,6,0
87.83,66.63,2.34,0.624,86.7,88.21,19.09,0,0
60.42,50.88,2.22,0.599,72.41,55.11,13.43,0,0
70.57,51.01,1.58,0.53,65.25,61.21,-0.62,1,0
71.59,58.62,1.33,0.609,94.48,89.18,26.22,0,0
106.75,62.31,1.58,0.7,106.8,114.96,-4.07,1,0
89.37,62.25,1.62,0.577,69.48,67.14,16.15,0,0
153.73,70.85,3.4,0.666,155.98,151.28,55.11,1,1
55.16,54.76,1.58,0.544,63.22,59.33,-7.31,8,0
156.84,65.94,1.99,0.633,177.05,173.57,31.87,0,1
67.68,57.88,5.52,0.595,55.62,56.65,15.77,0,0
132.74,79.15,2.74,0.8,115.81,137.01,1.02,2,1
80.68,55.9,2.84,0.651,87.65,76.68,26.64,1,0
57.17,57.5,4.62,0.441,59.57,45.2,7.59,1,0
142.95,67.23,2.1,0.586,125.73,156.4,3.07,4,1
77.06,56.98,1.58,0.351,68.13,67.42,-2.99,0,0
119.06,68.62,3.2,0.735,118.34,128.77,2.16,1,0
107.97,66.42,2.85,0.758,121.02,92.03,17.97,0,0
96.61,64.19,2.76,0.63,92.25,91.71,5.4,0,0
99.5,65.82,2.96,0.436,91.0,105.22,-23.1,1,0
127.87,73.27,6.69,0.838,134.0,135.04,12.23,5,1
50.53,58.11,1.37,0.627,34.54,54.9,-12.42,2,0
120.18,62.3,3.68,0.614,143.27,130.04,1.54,0,0
147.5,83.63,3.21,0.76,161.91,144.61,24.67,1,1
46.93,56.31,1.88,0.532,37.15,60.86,-21.7,2,0
56.88,54.21,1.19,0.545,42.37,60.44,-12.13,0,0
126.0,70.67,2.92,0.845,118.42,133.34,-22.98,0,0
92.47,62.3,3.98,0.403,95.58,96.11,-5.68,0,0
88.43,54.96,1.25,0.578,75.85,93.34,36.78,1,0
56.44,45.0,0.98,0.526,51.97,46.42,-16.0,0,0
100.81,65.59,2.44,0.738,83.29,91.4,-11.48,1,0
55.19,62.99,1.74,0.595,61.58,49.77,28.26,3,0
97.19,76.29,4.53,0.763,107.4,102.34,12.99,2,0
131.63,67.49,4.17,0.68,131.01,125.75,-2.8,2,1
70.99,58.09,4.0,0.625,73.82,68.03,-11.06,0,0
97.69,63.39,2.92,0.544,106.12,96.97,16.34,3,1
159.04,71.66,3.16,0.726,163.56,173.22,-3.57,5,1
122.4,67.19,2.29,0.549,130.74,128.43,43.31,0,0
140.96,72.8,3.77,0.83,131.55,126.35,-9.79,4,1
89.78,70.64,2.92,0.744,97.2,91.38,34.13,3,1
132.14,70.86,7.35,0.579,134.04,129.11,16.75,6,1
44.86,51.4,6.06,0.3,53.28,42.58,19.85,0,0
54.75,52.54,4.49,0.57,54.52,54.76,-2.96,5,0
64.37,67.67,2.53,0.521,61.62,75.63,-9.64,0,0
88.23,66.34,2.47,0.729,84.12,80.1,-6.74,0,0
141.49,69.59,4.85,0.605,159.49,143.53,27.82,0,1
81.55,47.23,2.59,0.353,48.34,84.46,-7.17,1,0
118.55,64.42,3.49,0.633,125.34,116.34,-30.19,0,1
125.12,63.31,2.09,0.49,122.66,118.73,-24.42,0,1
110.34,55.43,3.81,0.516,106.45,102.79,-4.38,1,0
82.87,51.36,2.18,0.379,74.5,78.66,5.47,0,0
109.25,59.16,2.24,0.497,106.52,116.62,-5.49,3,0
81.07,53.19,4.0,0.366,82.13,77.49,-8.52,0,0
50.06,45.0,1.25,0.612,40.76,49.07,-22.37,0,0
159.14,71.14,3.66,0.669,162.13,147.57,17.93,0,0
55.26,47.73,1.6,0.423,55.94,50.52,2.13,0,0
48.68,53.29,2.35,0.585,36.95,50.98,24.38,2,0
145.42,80.24,2.68,0.787,155.21,128.75,-18.5,0,1
76.22,71.2,3.0,0.556,79.64,86.67,14.15,0,0
118.04,71.86,3.33,0.716,110.77,112.11,6.23,1,0
79.48,51.03,1.88,0.65,66.22,97.11,8.62,1,0
86.97,59.43,4.19,0.692,79.07,91.17,10.93,0,0
71.45,60.18,1.97,0.551,72.11,53.11,-8.8,0,0
81.17,64.05,4.87,0.679,81.84,83.94,-2.91,2,0
89.28,65.85,2.53,0.562,105.25,86.1,10.98,1,1
126.45,64.04,3.42,0.57,121.45,129.35,-20.55,0,0
101.38,62.57,1.69,0.736,93.44,117.55,14.6,5,1
153.23,85.66,3.27,0.756,164.24,160.28,-39.04,0,1
45.03,53.1,3.13,0.578,32.82,42.77,-27.03,1,0
100.37,49.37,0.78,0.397,86.82,86.4,-36.98,1,1
110.11,72.58,7.34,0.569,100.16,118.83,14.82,0,1
150.42,66.35,2.1,0.91,120.66,155.52,-11.0,0,1
45.9,45.0,3.97,0.318,47.05,57.48,-9.02,1,0
108.82,72.79,3.26,0.783,123.76,107.39,9.2,0,1
142.44,81.46,3.93,0.889,159.21,145.39,13.15,0,0
69.03,60.75,1.58,0.64,92.46,66.57,-10.6,1,0
145.16,62.68,2.24,0.741,166.06,146.02,13.08,2,0
42.29,49.07,1.0,0.466,35.59,30.0,21.65,3,0
127.89,69.03,3.06,0.812,145.44,131.08,36.94,0,1
151.97,71.69,3.3,0.846,155.73,155.8,17.24,2,1
118.86,76.43,4.24,0.689,115.52,113.83,2.98,5,0
92.68,56.85,4.37,0.751,86.64,98.75,13.62,1,0
45.39,52.78,1.91,0.49,39.98,54.11,10.0,1,0
150.41,85.46,3.33,0.921,160.79,164.42,-15.04,5,1
96.44,58.44,1.92,0.392,111.25,86.24,-9.04,3,0
43.48,54.21,3.87,0.3,46.22,50.17,12.8,1,0
122.78,69.59,2.21,0.629,114.1,136.16,-16.37,2,1
97.82,62.36,3.02,0.527,83.84,94.31,-25.44,0,0
54.92,56.25,1.19,0.558,60.9,68.87,26.2,0,0
65.71,54.19,1.47,0.341,71.37,58.45,3.96,2,0
47.74,51.3,2.22,0.614,62.74,48.44,6.33,0,0
108.92,52.04,1.84,0.533,104.35,91.64,-23.94,1,1
114.64,70.26,3.04,0.596,120.19,95.97,-5.3,0,0
100.69,67.03,3.44,0.492,108.8,85.16,-2.13,4,1
138.05,72.12,2.53,0.726,124.36,152.24,-23.14,4,1
143.32,62.49,2.04,0.533,145.32,135.57,-20.88,1,0
113.87,49.71,2.51,0.481,122.36,106.14,35.7,0,0
41.53,50.9,2.01,0.503,45.71,45.61,27.46,2,0
123.43,53.69,1.04,0.525,120.96,115.99,-3.12,0,0
90.16,45.72,2.21,0.445,118.37,102.21,-9.79,0,0
107.87,65.55,3.19,0.721,133.45,126.5,-18.27,6,1
117.89,55.61,1.26,0.471,115.42,95.67,-9.36,0,0
82.03,58.75,3.39,0.501,77.77,87.23,-40.0,0,0
150.05,66.38,2.89,0.539,157.24,129.45,-4.55,1,0
56.08,45.34,0.86,0.387,51.13,42.48,-38.86,0,1
120.58,55.69,2.37,0.721,138.27,125.36,7.15,0,0
40.52,45.0,1.86,0.3,30.0,31.09,-1.73,1,0
150.96,70.64,5.83,0.888,153.83,153.57,-1.93,0,0
53.5,46.06,2.6,0.604,61.81,53.81,43.25,0,0
51.39,45.0,1.04,0.3,57.43,34.91,-0.69,1,0
79.96,53.37,1.19,0.716,64.51,86.54,23.42,0,0
84.83,54.42,3.94,0.453,70.45,87.82,-1.86,2,0
65.72,50.81,3.66,0.311,39.82,66.1,23.28,6,1
110.21,52.57,1.24,0.413,95.99,103.73,-38.71,2,0
93.15,61.52,1.59,0.523,76.28,97.05,-27.92,8,1
44.1,45.0,2.37,0.464,47.86,31.16,-3.29,0,0
78.36,46.67,2.52,0.448,78.07,68.28,28.71,0,0
137.25,71.96,2.41,0.826,139.93,140.46,-2.96,0,0
122.76,73.1,3.84,0.735,125.78,133.07,-10.74,4,1
126.98,71.64,2.59,0.601,141.34,122.21,18.1,0,0
123.77,79.98,3.05,0.745,114.17,128.34,11.5,2,1
77.32,57.67,1.85,0.688,55.92,79.37,-24.51,2,0
51.96,45.9,1.66,0.3,54.49,56.1,-11.13,0,0
72.7,45.69,2.99,0.421,64.42,65.78,26.37,3,1
139.81,60.82,2.48,0.685,129.29,138.32,17.22,1,1
157.66,75.55,2.86,0.752,167.35,157.27,32.14,0,1
99.26,55.82,4.38,0.595,75.54,114.25,5.07,6,0
41.16,54.39,1.15,0.324,30.0,30.12,-20.95,2,0
56.81,45.0,2.89,0.517,30.0,42.77,-14.0,1,0
78.65,61.05,3.76,0.574,81.24,108.64,-17.81,7,1
109.43,56.86,1.65,0.639,129.1,112.52,27.4,2,1
49.01,45.0,0.83,0.3,36.13,54.5,-16.22,0,0
153.2,76.51,5.51,0.73,146.31,159.62,-34.26,8,1
83.81,51.19,2.1,0.474,102.7,91.53,11.49,1,0
149.51,68.44,1.98,0.725,159.54,158.5,25.27,0,1
133.66,67.11,5.15,0.85,167.22,141.43,-8.01,3,1
130.65,80.2,3.26,0.664,133.87,141.92,-0.64,0,1
112.81,54.7,1.71,0.424,112.01,114.48,-10.38,1,0
115.21,64.17,3.2,0.601,132.58,125.94,26.52,0,1
116.56,66.52,3.42,0.758,117.94,135.48,-36.16,0,1
115.45,68.83,2.58,0.738,121.18,117.41,23.3,0,0
106.45,58.28,1.53,0.605,77.49,111.26,-27.17,0,0
158.37,70.23,3.22,0.655,180.32,152.57,8.1,1,1
127.87,69.68,3.45,0.65,133.56,126.23,18.3,1,1
133.23,63.07,4.54,0.705,134.05,136.76,27.03,2,1
144.7,83.68,3.81,0.914,161.86,140.8,9.51,0,1
65.88,63.06,3.14,0.535,50.41,66.8,-20.79,3,0
50.06,55.95,1.24,0.508,41.6,53.47,-13.8,3,1
97.95,60.94,4.83,0.57,104.0,113.15,24.01,0,0
101.69,45.0,1.09,0.527,100.76,93.05,-16.38,1,0
139.5,75.99,3.86,0.824,149.34,143.7,10.84,1,1
93.25,56.69,4.92,0.558,95.4,87.21,1.21,4,0
108.5,66.14,4.26,0.803,120.14,116.16,19.48,4,0
103.25,48.02,2.2,0.573,86.85,111.7,-7.58,0,0
44.58,49.14,2.57,0.3,53.92,61.36,-3.14,5,0
113.83,55.8,4.95,0.695,109.91,109.57,-11.03,0,0
139.37,66.15,4.28,0.517,138.39,140.82,-9.9,1,0
58.9,55.59,2.55,0.357,46.83,66.94,-30.87,0,0
111.32,58.8,2.94,0.555,106.98,117.91,6.94,0,0
111.23,74.43,2.51,0.709,116.17,86.36,6.25,1,0
59.7,46.65,1.55,0.457,65.66,52.83,-23.41,1,0
54.82,51.43,1.42,0.3,59.63,60.52,-4.89,0,0
157.61,66.0,2.61,0.8,166.79,155.51,-0.37,6,1
87.25,64.46,3.3,0.506,78.22,95.36,-15.05,0,0
67.29,63.99,1.88,0.651,72.74,77.71,0.56,0,0
60.56,55.4,1.15,0.462,60.67,58.42,-1.87,3,0
120.11,64.86,2.45,0.724,123.3,126.12,17.69,3,1
113.13,51.33,1.46,0.507,117.68,127.69,2.19,2,0
117.23,64.75,2.5,0.736,104.64,127.41,4.39,0,0
50.56,59.86,5.41,0.52,30.0,42.85,-35.32,2,1
147.22,76.58,4.24,0.883,167.17,145.37,-9.13,2,1
86.71,45.0,1.1,0.354,80.21,86.99,-27.98,1,0
77.6,47.56,0.95,0.492,80.43,68.25,-5.71,2,0
95.48,70.55,3.48,0.638,85.83,106.18,-3.82,1,0
86.81,57.4,2.85,0.378,97.52,80.36,35.38,0,0
143.63,61.28,2.47,0.675,149.33,142.61,-12.08,0,0
151.51,64.65,2.04,0.911,155.58,162.23,17.32,2,1
76.41,50.68,0.88,0.484,77.52,71.9,-14.43,0,0
143.67,62.72,2.03,0.905,128.88,140.31,-6.97,1,0
133.78,63.08,2.5,0.504,136.34,137.16,-1.46,1,0
151.7,91.97,5.64,0.822,173.98,147.61,-5.49,2,1
69.49,45.0,3.38,0.521,71.69,84.82,-14.12,0,0
109.24,61.78,2.31,0.608,111.63,100.08,29.95,1,1
72.95,68.8,4.31,0.687,70.88,50.0,-10.63,1,1
138.89,71.29,9.6,0.549,150.86,147.32,23.96,3,1
40.64,50.56,2.73,0.56,54.62,37.06,19.21,1,0
107.78,63.64,3.57,0.68,104.19,99.7,-12.79,0,1
80.7,46.16,4.17,0.426,81.52,84.54,0.35,1,0
78.72,58.36,1.92,0.677,83.05,82.92,4.33,0,0
117.39,65.91,1.77,0.604,122.29,109.77,11.21,1,0
142.18,81.37,9.19,0.832,137.55,154.05,-9.6,4,1
113.1,58.5,2.32,0.575,126.31,121.72,-20.52,1,0
142.38,72.72,4.47,0.848,154.11,162.13,-6.74,0,1
71.75,49.37,3.27,0.55,85.18,67.17,27.69,0,0
102.34,59.51,2.13,0.443,85.82,103.9,-8.82,4,0
94.06,66.65,2.97,0.622,81.83,96.4,-13.69,3,1
41.4,49.62,1.94,0.3,60.11,38.13,-17.2,3,0
106.82,53.46,1.38,0.565,119.89,110.85,28.8,1,0
119.38,63.09,1.77,0.506,107.73,124.17,-9.56,0,0
111.03,53.96,2.21,0.422,117.89,115.82,23.0,0,0
128.35,71.58,2.29,0.55,121.76,125.09,8.99,6,1
108.56,62.16,2.17,0.62,88.58,106.47,4.32,0,0
48.01,45.0,0.81,0.417,30.0,42.34,20.87,0,0
53.97,49.12,2.59,0.443,50.56,46.47,0.47,2,0
111.58,64.29,4.74,0.514,128.58,110.94,6.1,0,0
73.0,58.48,2.6,0.573,90.72,88.16,37.01,1,0
49.56,48.11,1.48,0.51,62.89,69.95,21.68,2,0
91.55,53.58,9.56,0.498,99.47,104.69,-8.73,1,1
106.52,59.37,1.39,0.752,113.37,101.88,22.2,1,1
79.45,55.05,1.65,0.576,92.79,83.53,33.94,0,0
126.45,63.09,2.08,0.745,105.21,105.98,-40.0,1,1
117.25,69.45,2.63,0.543,127.98,115.7,-17.04,1,0
79.94,45.18,0.9,0.32,60.89,76.05,-24.11,4,0
130.58,72.39,2.6,0.818,123.99,149.33,9.72,1,0
117.84,68.62,2.36,0.762,129.44,120.45,20.0,1,1
116.49,67.56,2.91,0.479,125.21,117.0,13.71,2,0
106.41,68.81,2.67,0.549,98.07,105.73,11.61,1,0
41.37,54.29,2.59,0.469,46.49,38.46,-17.38,0,0
123.58,70.3,3.1,0.712,132.57,128.9,-17.22,4,1
85.13,53.92,1.34,0.68,82.99,78.5,21.49,4,1
153.11,61.87,4.0,0.595,154.87,158.61,2.75,4,1
138.16,62.97,2.54,0.666,164.46,152.48,34.91,0,0
110.52,64.6,1.93,0.45,104.15,111.65,-15.76,0,0
70.26,53.72,1.3,0.447,64.23,67.12,-22.03,4,0
64.45,54.75,3.48,0.3,60.25,63.69,-24.98,0,0
80.85,67.69,3.68,0.682,80.29,92.85,14.14,1,1
97.19,55.56,2.19,0.582,106.32,98.58,24.94,0,0
75.53,59.22,1.9,0.647,94.09,69.43,19.03,2,0
101.79,56.91,2.14,0.409,95.02,109.88,-12.09,3,0
59.84,46.95,2.13,0.351,44.57,52.74,3.83,0,0
157.33,67.75,5.04,0.656,182.14,154.99,23.38,0,1
52.95,57.57,2.47,0.394,50.26,55.24,-37.8,2,0
151.83,76.05,2.85,0.857,136.51,143.76,-13.97,0,1
149.63,71.12,2.13,0.684,173.65,131.77,17.04,0,1
103.04,53.11,1.28,0.471,113.98,107.54,25.41,3,0
126.99,67.45,3.42,0.487,143.94,105.07,6.95,3,1
92.33,48.03,0.94,0.389,105.31,83.06,9.18,1,0
115.6,70.3,3.0,0.731,149.96,123.39,15.97,2,1
80.87,59.52,3.17,0.501,66.44,85.06,-2.44,5,0
76.14,55.01,1.65,0.599,66.57,74.56,-29.42,0,0
109.39,67.16,3.49,0.681,105.1,100.43,-13.04,0,0
99.78,58.6,2.62,0.433,90.19,95.47,-40.0,2,1
109.54,59.3,2.22,0.466,108.34,115.31,-8.56,0,0
74.4,57.88,4.69,0.605,68.63,73.08,6.04,0,0
84.03,60.05,3.17,0.621,70.17,71.68,-21.19,1,0
50.07,49.45,1.44,0.381,35.2,41.27,-11.96,2,0
46.27,46.36,3.03,0.3,36.75,41.93,2.27,0,0
70.41,45.0,2.51,0.3,78.15,74.08,52.87,1,0
48.91,46.32,2.93,0.342,36.85,49.96,-7.5,1,0
52.45,48.72,2.26,0.3,56.17,39.99,14.81,0,0
137.55,67.43,2.56,0.585,121.39,151.02,-11.44,1,0
44.66,54.42,1.71,0.382,30.0,37.24,-0.93,3,0
119.07,65.85,3.34,0.486,115.19,123.48,-2.45,2,0
72.71,45.0,0.71,0.34,60.18,63.23,-13.86,1,0
144.59,73.83,4.8,0.872,139.45,169.4,-6.21,0,1
98.2,59.27,2.05,0.609,86.39,111.45,16.54,0,0
76.67,60.06,2.9,0.684,69.85,68.93,1.8,0,0
102.12,59.91,2.43,0.525,88.76,103.0,-28.22,2,1
85.83,63.86,2.73,0.608,75.24,75.54,-12.93,2,0
107.72,61.02,3.47,0.485,89.11,104.16,-25.36,2,0
53.74,60.39,2.9,0.489,30.0,57.97,4.82,0,0
159.64,72.4,2.58,0.611,133.34,168.09,-26.82,0,1
91.07,48.2,0.81,0.354,115.68,78.68,27.82,2,0
81.79,57.95,4.03,0.698,82.99,74.3,18.18,4,0
125.23,71.45,5.33,0.678,145.07,134.64,12.52,1,1
83.67,50.3,1.09,0.702,83.57,96.91,9.75,2,0
139.99,58.92,1.89,0.634,138.93,132.26,-9.56,2,1
94.51,58.12,1.78,0.495,96.09,104.08,16.07,3,0
126.35,72.59,6.31,0.619,134.41,113.99,-18.28,0,1
52.89,61.61,1.84,0.521,36.36,49.92,-16.6,5,0
141.53,69.48,2.24,0.731,139.6,130.09,-6.51,3,1
128.29,79.04,2.84,0.835,136.64,124.23,21.94,3,1
65.41,49.32,2.72,0.3,36.2,84.5,16.09,8,0
57.43,45.0,3.78,0.536,71.71,56.89,-1.05,1,0
77.96,54.29,1.81,0.446,87.63,75.14,3.1,0,0
157.13,66.32,2.0,0.623,132.38,151.48,-33.64,3,1
70.82,60.97,2.78,0.497,58.2,67.82,-7.8,0,0
94.74,59.69,1.73,0.566,95.32,86.65,20.12,2,0
43.6,45.0,0.6,0.3,47.7,44.97,-30.27,1,0
87.67,45.0,3.76,0.424,102.46,87.34,7.73,0,0
108.56,61.86,4.58,0.569,100.29,103.98,8.79,1,0
154.37,55.38,6.71,0.707,184.57,148.92,16.12,2,1
102.01,56.0,2.12,0.513,99.68,103.84,-4.57,0,0
138.29,67.72,2.39,0.554,134.69,131.0,13.98,0,0
105.66,49.92,3.0,0.399,108.37,103.25,-13.2,1,0
44.89,60.26,1.71,0.603,48.68,40.38,-12.14,0,0
77.8,68.78,2.34,0.691,82.68,55.74,-30.79,5,1
109.07,55.76,1.59,0.601,133.03,117.67,17.84,3,0
154.07,76.03,6.9,0.94,163.84,135.74,8.87,1,1
143.1,79.4,4.53,0.779,134.86,125.41,-14.44,0,1
67.4,49.35,0.98,0.31,51.52,76.36,-24.03,1,0
66.41,45.0,0.65,0.326,78.61,55.33,5.25,2,0
64.14,56.09,3.94,0.639,73.12,43.38,6.22,1,0
150.7,67.74,4.3,0.784,135.71,164.07,-29.05,5,1
142.32,81.71,4.37,0.844,127.94,135.94,-40.0,3,1
132.99,76.65,2.73,0.838,138.05,145.13,-28.52,0,1
87.13,55.39,2.1,0.521,92.94,77.98,-23.26,2,1
100.53,57.6,2.64,0.401,88.41,84.09,-27.76,1,0
95.72,47.76,4.7,0.442,72.41,92.5,-13.17,4,1
70.41,45.0,0.78,0.318,51.26,58.33,-8.04,1,0
100.6,68.9,3.02,0.457,117.5,104.65,5.42,1,0
43.66,47.8,0.93,0.375,45.13,50.42,7.19,1,0
55.82,53.88,1.91,0.3,61.82,65.11,10.21,0,0
146.39,69.73,2.32,0.586,160.09,143.27,12.79,0,0
130.2,76.45,5.1,0.649,123.67,144.0,-1.66,0,0
90.74,45.0,0.94,0.488,84.03,81.47,-22.37,0,0
102.06,59.82,2.2,0.573,99.51,103.4,-25.31,0,1
84.4,68.3,2.68,0.505,87.5,83.02,-8.57,3,0
128.89,75.64,5.36,0.724,144.46,148.62,28.22,0,0
134.1,82.32,4.87,0.857,161.68,146.18,55.99,4,1
131.59,64.14,1.74,0.518,139.72,131.92,14.1,0,0
126.71,59.24,1.46,0.5,134.57,128.7,10.37,0,0
64.54,49.36,1.96,0.615,87.95,79.9,30.91,8,1
80.56,49.01,1.58,0.524,76.58,73.04,25.25,8,1
96.38,68.5,2.39,0.676,112.16,76.05,-8.71,0,0
79.7,57.18,3.59,0.405,82.74,70.02,53.78,0,1
130.59,70.71,2.25,0.803,142.04,126.45,34.31,0,1
79.52,64.19,7.13,0.688,78.71,93.13,-25.0,1,1
56.59,53.58,1.05,0.504,37.94,66.95,-27.3,0,0
87.88,61.07,1.65,0.386,87.74,87.45,50.63,0,0
157.59,84.58,3.43,0.911,168.0,162.26,23.87,3,1
67.11,49.06,1.81,0.598,60.17,60.02,-14.22,4,0
113.46,68.45,2.27,0.721,114.71,134.34,2.05,6,1
91.96,45.0,2.5,0.371,76.79,104.09,5.99,1,0
48.52,53.34,1.66,0.545,36.95,49.06,10.21,0,0
98.55,61.28,1.54,0.431,89.39,97.81,20.05,1,0
124.26,54.49,4.22,0.542,107.15,131.27,-4.19,3,0
101.59,59.21,5.67,0.616,94.9,101.01,1.7,0,0
144.65,68.76,3.37,0.62,153.62,126.44,-2.07,4,1
74.67,58.55,3.78,0.569,91.52,90.01,-8.3,0,0
50.35,48.96,0.93,0.474,72.74,62.04,-6.36,0,0
152.39,60.66,1.91,0.58,147.19,156.11,-5.18,0,0
85.38,58.89,1.92,0.599,99.76,81.19,13.38,4,1
109.17,55.74,6.0,0.777,116.74,109.27,-22.41,0,1
135.04,63.87,2.71,0.55,131.18,108.6,34.91,0,0
78.92,54.14,1.06,0.556,82.86,67.84,-10.55,2,0
125.94,64.32,2.38,0.595,139.06,143.61,-8.87,5,1
56.25,46.84,0.62,0.433,46.92,61.42,-5.17,0,0
74.96,45.0,0.91,0.42,65.09,55.47,-40.0,1,0
57.37,47.38,1.55,0.394,48.32,49.09,1.99,4,0
137.35,71.21,2.66,0.504,127.9,118.09,-22.55,4,1
66.72,67.16,1.88,0.673,82.56,58.91,-26.68,5,1
126.09,85.19,3.1,0.708,119.09,124.44,-0.92,4,1
153.2,84.82,4.09,0.74,148.94,169.21,0.43,0,1
103.33,52.21,2.72,0.543,105.94,111.18,36.32,0,0
104.8,59.62,2.15,0.61,107.77,101.78,4.72,4,0
95.32,58.59,3.29,0.518,88.77,92.79,-0.18,2,0
79.11,54.3,1.33,0.461,96.54,71.1,9.46,0,0
97.08,60.47,1.62,0.557,88.65,107.98,-40.0,2,1
112.34,78.39,5.25,0.527,108.83,124.43,-0.37,0,0
158.32,63.35,2.22,0.627,135.74,144.94,-12.16,1,1
152.53,68.39,2.75,0.76,152.08,135.33,-2.83,0,0
143.46,85.71,7.37,0.847,132.53,140.27,-20.47,1,1
146.7,63.72,2.45,0.581,135.32,144.74,4.49,4,1
96.14,58.21,1.3,0.382,68.3,98.73,-31.5,2,0
118.89,69.96,6.17,0.535,106.89,102.15,6.7,1,0
147.41,79.87,2.61,0.914,152.79,140.25,9.68,0,1
87.15,62.74,3.19,0.673,85.68,86.33,24.51,0,0
155.41,81.0,3.24,0.785,154.13,147.62,-9.0,2,1
89.89,56.77,2.16,0.721,88.42,98.47,23.33,1,0
112.13,59.71,2.57,0.595,105.96,130.82,0.74,0,0
125.18,75.25,3.1,0.849,129.74,119.79,0.93,5,1
154.07,56.64,3.43,0.661,153.96,162.96,-15.41,1,0
69.35,61.42,5.49,0.384,68.34,65.78,6.61,1,0
129.54,71.15,2.2,0.724,129.6,120.23,-8.54,0,1
102.5,61.41,3.9,0.539,96.07,95.38,-3.72,3,0
72.23,45.0,0.71,0.547,80.51,79.91,18.14,4,1
133.19,57.51,1.38,0.602,140.46,126.78,3.08,2,0
106.27,60.8,6.13,0.646,106.8,101.81,5.98,0,0
119.32,68.76,2.93,0.548,132.62,107.88,33.9,0,1
78.75,45.0,0.75,0.337,74.47,85.09,7.99,1,0
97.75,70.13,3.27,0.738,98.58,102.33,-11.81,0,0
114.08,65.48,2.19,0.776,116.77,128.63,-5.95,0,0
88.59,61.58,2.43,0.734,93.25,94.55,4.86,0,0
63.8,56.8,2.68,0.558,51.96,67.93,32.27,0,0
155.4,77.18,5.48,0.819,137.3,161.23,-33.07,5,1
101.38,56.91,1.22,0.608,104.91,98.82,5.19,2,0
128.07,67.95,2.24,0.515,136.37,129.17,28.71,0,0
89.33,45.0,0.65,0.424,73.79,98.64,3.29,2,0
82.62,51.83,1.06,0.444,92.37,74.41,2.5,0,0
88.86,63.47,5.98,0.703,71.16,105.88,-39.81,7,1
89.1,52.86,5.1,0.416,78.73,95.48,22.02,1,1
105.3,53.63,3.09,0.765,129.07,125.51,3.37,1,0
105.22,67.71,3.41,0.605,109.58,93.46,-14.97,0,0
99.66,54.34,3.89,0.665,97.33,87.9,3.35,1,0
56.17,46.95,0.71,0.3,53.2,59.89,24.2,1,0
99.53,59.66,1.57,0.486,111.61,100.76,13.33,1,0
60.29,56.79,1.78,0.644,43.84,55.72,-14.79,0,0
55.14,56.75,3.89,0.352,65.99,42.44,9.89,0,0
151.92,70.27,2.98,0.654,147.12,149.24,-0.26,0,0
112.59,63.8,2.68,0.497,119.03,114.77,-5.21,0,0
119.14,61.21,1.86,0.489,109.55,106.05,-3.58,0,0
88.22,59.97,2.97,0.438,105.18,84.11,-6.36,0,0
149.08,83.22,6.07,0.784,152.39,152.9,-16.15,3,1
116.55,65.24,2.31,0.612,100.84,124.43,2.09,2,0
132.3,74.28,3.7,0.698,139.91,129.44,-3.3,4,1
84.23,63.86,2.24,0.382,95.47,76.22,5.16,0,0
155.2,85.94,5.32,0.866,174.79,156.35,-4.1,4,1
138.46,69.8,2.95,0.809,143.76,136.39,-7.55,3,1
142.47,73.03,2.8,0.516,150.54,127.82,-4.67,1,0
60.66,52.73,1.78,0.415,51.91,56.16,-14.95,1,0
72.52,58.32,1.44,0.325,74.11,66.62,-6.58,1,0
74.28,62.11,4.54,0.62,79.02,74.5,5.93,0,0
72.51,59.12,6.1,0.592,37.61,65.17,7.57,0,0
142.65,77.65,3.43,0.869,136.02,137.16,10.38,0,0
43.83,47.51,1.03,0.306,40.44,42.0,-7.71,3,0
49.13,51.18,2.51,0.41,47.31,55.52,-12.3,1,0
72.87,50.63,1.74,0.372,67.97,73.8,-34.47,0,0
63.98,49.85,1.23,0.42,61.47,90.63,-13.38,1,0
67.82,66.32,1.84,0.492,80.16,55.17,-13.6,0,0
135.75,67.92,5.18,0.509,138.17,144.87,2.19,0,0
107.58,60.84,3.84,0.689,81.36,106.79,16.93,2,1
40.69,46.15,3.22,0.419,60.45,30.0,2.77,4,0
91.52,69.78,2.86,0.686,70.36,87.73,-36.73,0,1
88.95,51.08,2.96,0.456,97.55,73.81,0.78,0,0
53.67,45.0,1.81,0.602,34.95,54.5,-17.3,0,0
121.14,60.88,2.16,0.843,143.08,118.09,33.67,1,1
124.25,58.55,4.09,0.82,125.33,117.4,-33.39,0,0
126.51,60.65,11.48,0.771,134.53,115.91,-13.84,0,1
127.42,62.03,4.96,0.787,107.33,137.58,3.65,1,0
40.01,57.94,3.52,0.43,45.35,38.41,-25.58,0,0
154.47,69.83,4.05,0.619,159.86,156.57,13.02,5,1
137.71,68.71,3.5,0.764,148.39,139.47,-6.63,0,0
148.48,63.93,4.52,0.811,164.08,149.56,26.28,0,1
41.88,51.77,1.93,0.6,44.02,38.61,0.19,6,0
152.06,60.97,1.76,0.753,152.59,167.24,-2.61,0,1
137.17,64.49,3.86,0.6,127.45,159.54,5.91,1,0
140.47,86.39,6.76,0.775,138.65,154.95,-0.57,0,1
51.19,59.46,1.99,0.625,66.18,51.41,-14.76,0,0
128.65,62.75,3.86,0.537,117.34,128.18,-15.03,5,0
155.19,76.56,2.87,0.676,134.59,166.12,-39.59,0,1
121.43,62.59,5.84,0.661,110.8,113.85,-20.87,1,0
108.47,54.0,2.77,0.473,113.21,125.57,-36.13,3,1
153.48,80.18,3.87,0.549,148.83,161.39,39.76,1,1
93.15,49.83,3.06,0.494,98.29,90.36,2.1,2,0
111.92,64.86,4.21,0.762,91.15,114.73,-0.79,2,1
97.16,57.94,4.62,0.389,57.15,103.43,-35.04,0,0
151.94,65.42,5.2,0.707,157.26,147.67,12.12,1,1
49.13,56.73,1.29,0.532,59.83,59.47,19.28,0,0
100.13,63.42,1.8,0.762,82.84,112.86,8.2,0,0
122.43,75.55,4.96,0.841,133.58,119.81,4.08,7,1
135.03,72.2,6.51,0.654,150.39,130.27,25.96,0,1
109.96,66.04,2.31,0.79,113.71,108.91,-9.06,1,0
149.07,79.37,2.58,0.541,158.71,137.5,11.56,0,0
153.04,70.74,2.63,0.837,160.07,136.36,4.39,4,1
47.72,60.11,2.13,0.48,42.17,43.39,-23.93,0,0
88.28,64.08,3.79,0.445,95.03,78.68,-29.56,2,1
42.82,60.6,1.51,0.411,62.0,60.52,4.21,2,0
79.53,53.91,1.39,0.37,68.24,74.97,-10.96,0,0
104.42,60.19,4.78,0.742,106.21,108.98,-3.96,2,1
149.3,85.21,3.16,0.671,138.83,143.01,13.67,6,1
141.59,69.27,4.09,0.755,146.55,159.41,27.25,1,1
55.3,45.0,1.17,0.309,47.61,53.36,7.99,0,0
51.16,45.74,2.17,0.316,59.38,38.73,14.68,1,0
110.71,61.46,1.6,0.809,131.93,117.41,9.17,0,0
103.85,68.08,2.39,0.693,115.17,106.45,8.83,5,1
71.97,55.07,1.93,0.681,86.14,84.0,14.82,0,0
147.93,67.73,4.78,0.642,140.32,146.39,-1.29,1,0
151.28,75.96,3.6,0.6,139.82,152.36,4.93,0,1
88.31,62.77,1.64,0.546,92.48,73.24,2.91,0,0
146.84,71.59,4.52,0.718,149.44,155.19,-7.61,0,0
86.07,55.81,1.23,0.408,106.23,86.7,14.78,1,0
128.42,69.81,6.07,0.759,108.53,127.18,-14.19,1,1
97.11,55.95,1.51,0.516,102.87,94.82,29.02,7,1
54.71,47.66,1.66,0.319,56.32,51.89,-6.89,0,0
151.35,74.31,2.37,0.667,143.55,159.84,47.57,0,1
94.49,59.51,2.61,0.589,82.66,85.24,23.6,7,1
128.14,72.53,3.18,0.755,127.17,135.57,-20.87,0,1
84.06,51.38,1.67,0.525,62.86,68.01,11.93,1,0
42.27,45.0,0.55,0.417,56.09,30.0,4.66,0,0
52.06,45.0,3.67,0.3,78.47,66.17,23.38,5,1
99.55,61.09,3.9,0.745,98.34,89.32,27.78,0,0
122.8,79.43,4.07,0.82,119.52,123.85,-15.59,3,1
80.17,63.45,2.88,0.594,64.32,77.49,-16.27,4,1
123.46,53.92,2.82,0.457,107.45,126.9,5.56,3,0
123.84,69.8,2.22,0.666,118.09,124.35,-9.48,1,0
124.47,65.06,5.75,0.705,141.08,134.9,-31.74,6,1
99.1,60.97,1.96,0.775,140.92,84.81,38.26,2,1
149.79,66.76,3.41,0.928,147.67,156.5,5.59,2,0
98.7,71.09,3.47,0.719,90.26,98.19,-4.64,0,1
94.03,45.75,2.06,0.388,75.77,78.71,-6.88,0,0
63.93,57.05,4.39,0.653,70.4,58.63,43.53,1,1
76.92,50.31,1.34,0.556,80.17,60.88,19.85,0,0
45.08,57.08,3.3,0.536,45.0,30.0,-15.54,6,1
116.02,61.34,2.85,0.591,110.51,111.66,-0.54,0,0
69.82,51.47,1.01,0.417,82.48,81.69,27.68,2,1
76.5,54.64,1.88,0.495,83.57,79.62,24.5,0,1
132.5,66.9,4.54,0.536,139.87,145.49,-23.36,0,0
79.27,55.0,1.67,0.461,80.92,80.03,-8.2,1,0
69.06,57.31,2.23,0.63,67.4,84.56,-21.24,1,0
60.29,45.0,1.51,0.3,45.7,74.75,4.22,0,0
132.98,53.91,2.48,0.539,138.01,123.48,-13.82,0,0
55.56,45.0,3.73,0.3,54.64,56.27,27.52,0,0
94.45,63.81,1.91,0.525,99.75,87.23,25.96,3,0
100.83,64.02,2.69,0.781,85.68,99.38,-12.02,2,0
122.49,58.15,2.12,0.517,124.89,139.07,-21.56,2,1
115.99,51.21,1.4,0.486,110.01,109.58,-17.19,5,0
137.29,61.5,5.27,0.858,131.9,125.42,5.43,2,0
45.37,47.61,0.67,0.569,53.49,34.17,19.4,0,0
75.57,57.04,1.42,0.32,72.09,71.62,-2.43,5,0
73.62,53.68,3.0,0.602,101.9,111.07,-32.08,0,0
57.52,55.8,1.61,0.515,61.63,72.25,14.3,0,0
74.7,53.76,2.95,0.611,71.36,45.97,-38.04,0,1
77.17,60.28,4.09,0.509,74.06,76.81,-39.7,0,1
102.63,64.04,2.08,0.784,92.25,96.34,12.78,0,0
119.64,52.24,1.25,0.456,131.54,129.51,-15.4,1,0
85.73,53.25,1.23,0.431,86.13,73.94,4.71,2,0
126.34,78.73,2.86,0.618,130.67,115.97,3.82,1,0
80.34,68.6,2.38,0.501,65.59,74.62,-21.87,0,0
74.83,62.96,4.62,0.673,85.64,67.92,9.11,4,0
104.94,61.75,3.71,0.619,94.09,111.46,-15.33,0,0
42.85,47.55,0.66,0.3,30.2,39.5,-5.47,3,0
49.57,50.95,3.97,0.392,46.92,59.61,-8.28,0,0
90.16,57.67,1.38,0.517,81.53,82.05,-13.34,0,0
153.15,80.7,4.24,0.926,150.15,161.81,-13.37,3,1
126.58,69.43,2.21,0.699,127.97,115.01,-15.48,0,0
50.58,49.02,0.84,0.486,60.41,56.72,20.27,4,0
141.56,64.12,3.79,0.79,156.1,136.56,-0.88,0,0
127.88,66.75,2.75,0.772,139.8,136.79,-14.41,6,1
113.31,70.94,3.43,0.674,120.63,88.9,-3.7,2,0
138.44,66.8,2.64,0.59,132.53,130.6,-12.45,5,0
88.49,64.25,1.76,0.695,103.85,100.18,0.58,0,0
66.58,53.82,3.05,0.573,45.2,64.56,2.15,2,0
101.44,56.33,3.75,0.681,108.27,84.43,-7.89,3,0
105.86,65.61,1.8,0.796,119.88,98.79,0.18,7,1
104.6,57.9,1.98,0.715,105.81,108.44,12.18,0,1
107.81,58.44,2.53,0.735,101.84,99.7,5.01,0,0
153.84,86.07,4.36,0.922,159.84,165.46,-9.37,2,1
148.27,65.43,3.02,0.585,138.88,159.12,12.7,0,0
145.09,65.93,3.53,0.714,153.54,151.76,20.6,0,1
136.17,81.27,7.78,0.721,149.93,146.48,21.99,1,1
153.21,76.97,3.16,0.671,160.0,148.06,8.84,1,1
51.82,50.95,2.08,0.571,55.89,66.69,-1.09,1,0
71.81,60.28,3.22,0.6,80.95,82.57,-14.77,0,0
99.41,61.42,2.83,0.667,111.25,98.12,-18.98,1,0
141.58,70.48,2.76,0.904,138.32,125.32,-3.16,0,0
100.62,62.06,2.99,0.486,79.88,76.95,-10.12,2,0
129.76,67.78,3.44,0.763,136.37,139.66,-1.4,0,0
56.68,52.29,2.26,0.471,65.18,40.56,2.25,0,0
70.29,59.59,1.72,0.416,47.64,61.08,13.22,1,0
127.81,70.24,3.07,0.528,127.19,132.58,28.98,2,1
59.77,52.06,4.16,0.618,73.66,46.77,-12.96,0,0
82.16,61.34,4.52,0.565,80.06,106.51,4.14,1,0
71.78,50.01,2.88,0.625,90.54,74.16,10.32,1,0
81.98,60.55,3.23,0.544,96.87,96.76,19.59,1,0
125.0,64.86,1.94,0.543,121.67,135.42,29.54,3,0
84.14,58.46,2.23,0.467,77.08,58.76,35.85,0,0
106.63,59.23,1.53,0.553,101.49,114.08,10.38,6,0
51.99,69.52,4.52,0.625,54.11,51.83,1.78,0,0
136.6,57.98,1.79,0.492,120.36,135.98,-14.65,1,0
84.39,69.14,4.13,0.727,70.63,84.13,37.89,0,1
117.82,62.59,4.08,0.826,95.08,128.37,-25.19,2,1
127.05,75.58,5.68,0.86,131.98,143.5,17.28,1,1
65.16,56.96,3.32,0.466,86.95,53.24,6.14,6,0
146.16,76.41,3.63,0.904,128.35,146.93,-33.0,1,1
113.95,59.63,2.75,0.58,111.34,127.97,29.58,2,1
91.45,55.33,1.7,0.365,84.17,89.37,-35.0,0,0
61.88,51.54,1.18,0.355,55.16,63.91,-40.0,0,0
153.08,89.92,3.41,0.917,174.5,155.25,23.32,5,1
130.61,56.92,1.52,0.477,117.49,151.76,-12.03,0,0
64.96,49.69,4.86,0.493,39.47,72.45,-4.98,4,0
80.53,54.37,1.33,0.352,69.15,101.23,-5.82,0,0
137.16,65.43,3.66,0.606,129.27,154.6,6.86,1,0
123.48,61.46,1.79,0.486,94.42,121.21,-19.85,1,0
131.89,79.26,8.11,0.819,139.23,134.9,19.91,6,1
92.94,45.0,1.18,0.595,78.62,113.47,9.6,0,0
125.98,66.68,2.6,0.819,129.36,114.56,29.57,0,1
86.38,47.62,1.43,0.614,82.31,93.99,20.72,1,0
65.35,49.54,3.32,0.664,53.75,73.06,-7.72,3,0
115.92,81.51,3.06,0.632,127.24,113.16,18.19,0,0
157.12,79.43,5.23,0.807,157.88,153.32,7.89,0,1
77.27,63.31,3.2,0.542,76.77,74.84,7.33,3,0
95.32,59.23,1.73,0.56,101.55,102.34,-20.71,3,1
120.88,74.47,2.37,0.781,127.96,135.61,17.1,0,0
104.98,51.2,3.11,0.653,107.78,112.37,12.35,1,0
141.21,80.55,3.0,0.824,135.8,128.63,30.06,0,1
131.41,65.19,5.01,0.789,121.84,146.47,16.19,2,1
47.0,45.0,0.71,0.3,42.89,58.92,0.64,0,0
159.81,79.5,4.01,0.819,152.66,157.35,-5.41,0,1
130.29,67.03,3.59,0.551,138.84,123.74,-13.8,2,1
143.67,72.25,3.74,0.744,145.0,134.59,33.38,4,1
118.14,57.32,1.81,0.705,128.04,128.89,-14.23,0,0
142.75,76.29,5.5,0.907,137.07,123.96,-36.48,0,1
53.49,53.75,3.23,0.3,33.79,64.47,6.35,0,0
81.73,49.07,1.82,0.362,97.11,77.22,9.26,4,0
145.17,76.14,3.76,0.546,142.3,148.02,3.33,3,1
64.2,45.82,1.8,0.432,71.8,30.0,7.16,4,0
49.39,52.87,5.37,0.557,31.58,31.66,-27.95,0,1
134.57,82.97,6.18,0.821,135.6,127.78,7.15,0,1
140.26,67.66,2.26,0.796,159.8,131.13,3.96,0,0
59.52,63.24,2.05,0.617,41.09,67.1,-17.54,4,1
142.52,82.62,8.74,0.637,170.56,145.55,39.63,0,1
122.41,63.12,1.99,0.482,122.49,141.75,14.28,1,0
102.41,53.43,5.61,0.41,88.79,107.54,-40.0,0,0
139.63,68.03,3.46,0.84,148.65,133.13,8.4,1,1
90.31,70.26,2.09,0.643,104.48,102.54,26.27,0,0
63.28,63.66,2.23,0.549,52.36,58.65,-27.89,0,0
74.18,63.73,2.59,0.438,62.77,68.98,-21.25,1,0
100.62,59.71,4.07,0.534,102.29,100.64,18.84,0,0
103.76,73.69,2.82,0.775,112.81,119.95,-3.65,3,0
136.67,64.55,2.23,0.516,132.6,147.18,-37.64,1,1
134.96,65.42,5.52,0.794,143.68,145.16,25.95,0,1
109.76,69.16,2.07,0.533,118.67,129.37,1.32,0,0
133.69,75.41,3.53,0.497,133.71,143.66,6.73,0,0
63.01,47.96,1.73,0.566,54.04,50.73,-5.38,0,0
46.01,45.0,0.59,0.35,40.76,51.39,17.56,2,0
144.84,73.59,2.35,0.803,169.98,161.07,-7.21,0,0
49.07,58.31,2.02,0.51,51.27,33.88,13.06,0,0
69.6,46.57,0.81,0.503,82.54,69.45,30.21,0,0
123.44,70.64,3.01,0.761,120.49,112.76,-25.76,1,1
89.13,55.23,2.52,0.58,91.88,90.42,-11.94,1,0
145.16,73.93,4.0,0.63,155.29,156.51,34.67,0,1
75.76,52.3,2.12,0.601,93.75,89.18,28.46,4,1
41.42,54.11,1.76,0.44,52.95,39.58,-8.98,1,0
76.08,49.64,0.99,0.313,56.91,82.69,-31.44,1,0
109.37,60.56,1.86,0.769,126.57,94.33,13.69,0,0
85.11,58.55,2.13,0.554,104.42,67.63,15.58,1,0
104.18,52.06,4.79,0.74,100.09,115.38,-3.11,1,0
145.19,71.08,2.4,0.869,139.83,114.93,39.32,0,1
149.5,73.95,3.04,0.706,151.33,142.62,12.56,0,0
71.92,45.0,2.48,0.499,72.05,78.69,-15.06,0,0
95.46,45.0,2.33,0.533,89.91,97.66,16.26,0,0
105.9,45.45,5.58,0.577,91.21,77.53,-6.3,1,0
153.89,86.37,3.3,0.9,177.56,159.15,-0.35,0,1
159.83,76.81,2.43,0.875,155.01,151.22,13.81,0,0
68.25,46.39,1.17,0.335,56.87,69.46,20.87,0,0
127.24,74.85,2.53,0.706,130.66,121.0,5.6,1,0
85.36,59.83,2.58,0.734,70.38,78.44,-25.08,1,0
40.97,50.55,4.27,0.441,30.0,30.0,-3.45,1,0
41.11,50.79,2.6,0.518,34.28,37.52,-20.62,0,0
95.27,59.33,1.58,0.673,106.64,107.63,9.77,2,0
98.6,61.25,1.66,0.516,99.17,94.37,13.87,0,0
42.71,52.24,4.57,0.357,30.0,38.94,-40.0,2,0
122.43,66.99,2.82,0.737,141.84,115.39,22.59,0,1
75.28,52.21,4.79,0.506,82.97,62.42,-2.88,0,0
107.19,60.93,3.45,0.63,110.08,97.21,-8.68,1,1
76.11,45.0,8.02,0.593,77.95,78.33,-22.97,1,0
60.06,56.77,4.28,0.571,67.56,84.65,-15.57,1,0
88.86,47.75,1.47,0.455,113.88,98.62,44.27,5,1
67.87,54.65,3.21,0.342,73.29,74.07,17.99,3,0
104.18,59.22,2.31,0.509,105.92,124.09,24.17,0,1
63.86,53.68,1.42,0.475,46.63,68.54,-24.05,1,0
101.01,64.55,2.09,0.52,101.38,111.75,32.56,2,1
58.89,45.95,1.32,0.484,65.85,61.02,2.28,0,0
120.52,63.74,1.8,0.463,116.39,125.04,-16.26,0,0
130.47,69.83,2.28,0.675,125.71,116.39,-21.79,6,1
53.25,47.87,1.71,0.387,55.63,50.15,-17.68,5,1
96.14,53.98,5.65,0.582,83.93,90.52,-19.55,0,0
48.5,52.81,2.26,0.395,54.81,42.35,-12.94,0,0
111.78,66.42,2.57,0.529,105.14,105.05,12.95,0,0
71.73,59.48,1.79,0.657,47.4,86.04,34.65,2,0
103.31,51.1,1.19,0.464,95.13,99.63,-8.54,2,0
102.1,59.59,2.99,0.659,102.59,100.65,-3.85,1,0
150.92,76.28,5.21,0.903,163.6,173.57,-27.1,0,1
105.89,67.53,2.62,0.613,111.4,113.64,-13.9,1,0
109.96,55.92,2.36,0.76,97.68,110.04,-35.31,1,0
88.2,50.65,2.68,0.395,85.55,98.78,13.32,1,0
153.89,70.24,2.1,0.739,150.27,147.2,32.99,1,1
133.26,67.47,2.5,0.663,130.19,129.02,-20.99,0,0
74.25,45.0,2.46,0.306,56.39,70.63,-12.58,1,0
141.31,68.2,3.62,0.681,142.32,143.8,-3.97,0,1
91.89,55.69,1.22,0.503,127.54,96.55,30.13,1,0
139.44,64.31,2.07,0.766,165.04,129.95,14.7,0,1
138.75,73.28,3.91,0.872,132.19,142.82,34.78,3,1
62.66,45.0,0.97,0.302,57.5,68.71,-16.07,3,0
124.14,68.17,4.42,0.583,120.04,119.46,14.14,1,1
74.88,48.59,0.76,0.482,74.23,73.22,-11.04,2,0
75.7,55.71,1.46,0.489,84.48,64.33,-24.44,1,0
75.56,52.59,1.45,0.617,74.34,60.47,25.07,1,0
127.07,62.33,5.43,0.639,119.29,115.6,29.83,1,1
67.58,51.22,3.26,0.3,75.46,74.79,11.32,0,0
40.11,51.27,4.11,0.484,30.0,45.34,-16.4,6,1
125.83,67.74,2.74,0.811,132.33,145.1,-17.24,1,1
60.54,50.38,3.42,0.467,40.05,60.92,-0.15,8,0
52.54,45.0,3.38,0.47,37.63,53.05,-40.0,1,0
68.5,60.36,2.19,0.351,72.45,71.87,17.67,0,0
85.59,59.78,9.18,0.425,73.94,74.92,-13.35,0,1
97.11,62.26,4.39,0.465,71.9,106.14,-20.51,1,1
45.35,45.0,5.98,0.388,32.44,49.17,-25.77,4,1
156.47,73.82,5.25,0.921,152.92,147.0,-27.64,1,1
125.93,64.71,3.93,0.666,112.11,129.64,-7.96,1,0
78.78,45.0,4.82,0.393,81.25,86.37,4.75,0,0
78.24,60.0,2.22,0.421,56.11,64.93,-12.72,0,0
93.83,68.63,4.21,0.515,85.07,104.4,15.33,0,0
115.15,80.07,2.96,0.675,118.25,110.65,2.63,2,1
57.56,45.0,2.48,0.429,50.03,30.0,9.11,3,0
62.67,52.35,3.25,0.425,54.32,72.39,-30.61,0,0
143.13,80.61,4.53,0.735,137.17,156.56,-10.94,0,0
70.75,50.06,3.65,0.389,51.9,59.52,17.28,1,0
85.62,49.59,1.58,0.368,73.35,68.91,11.35,0,0
144.55,53.21,2.17,0.523,150.91,157.83,9.19,0,1
119.58,70.85,2.07,0.539,113.15,113.4,-10.03,6,1
81.01,52.51,1.19,0.36,78.2,94.45,-18.25,2,0
122.04,59.22,2.9,0.581,135.06,104.12,-3.02,0,0
42.36,52.75,2.2,0.516,47.88,56.41,14.24,0,0
128.28,70.6,2.37,0.751,115.99,139.01,-40.0,1,1
98.44,62.94,1.99,0.62,104.21,103.85,35.2,7,1
137.58,71.46,2.72,0.834,154.83,117.54,30.92,2,1
154.56,82.45,4.64,0.656,148.7,150.93,18.96,0,1
151.09,75.41,3.74,0.887,137.81,161.17,4.42,0,0
149.11,82.38,2.85,0.687,145.56,132.24,0.17,0,0
101.46,64.29,3.8,0.545,102.61,96.24,7.38,0,0
83.22,58.74,1.78,0.492,88.16,87.18,-4.12,0,0
95.8,55.24,2.79,0.407,85.69,84.21,33.06,0,0
122.79,77.7,2.66,0.839,103.13,135.79,-12.32,2,1
146.08,68.54,11.18,0.574,130.24,157.11,-16.48,0,1
64.84,45.0,0.63,0.411,65.37,67.26,-4.51,1,0
150.18,63.73,3.65,0.658,175.24,154.52,-0.49,2,1
137.82,68.21,3.06,0.523,136.03,132.42,13.66,0,0
157.46,64.1,1.78,0.613,173.48,163.36,-1.33,4,1
145.63,66.28,1.82,0.535,131.64,139.65,-9.26,0,0
73.59,60.38,2.1,0.418,62.18,71.62,18.35,2,0
52.71,56.16,3.6,0.585,30.0,47.79,7.92,0,0
53.47,45.0,0.56,0.376,53.43,67.82,-18.45,3,0
74.95,61.47,3.32,0.354,59.31,87.02,13.44,1,0
113.7,69.38,3.56,0.679,122.48,103.67,-21.11,1,0
136.52,81.31,3.14,0.888,136.25,149.89,-27.15,0,1
147.91,53.23,1.11,0.617,172.5,139.93,6.42,0,0
114.85,64.45,5.37,0.536,135.1,133.38,15.4,1,0
40.68,58.27,1.83,0.591,30.0,56.39,-9.38,2,0
62.36,61.22,1.65,0.339,64.22,84.29,8.83,0,0
51.97,45.0,2.22,0.44,39.86,54.9,-12.84,3,0
83.6,63.15,1.96,0.427,87.89,80.79,-34.92,1,0
100.16,76.87,3.38,0.753,87.11,97.13,-9.96,1,0
45.21,45.0,0.58,0.608,62.67,48.96,-18.64,0,0
81.82,63.41,9.04,0.651,95.21,71.68,6.75,0,0
61.5,54.81,1.98,0.39,40.34,37.41,-33.13,1,0
117.65,61.72,12.0,0.594,115.36,113.65,8.17,7,1
95.71,54.03,1.77,0.464,94.94,96.12,24.0,0,0
99.44,69.46,2.61,0.735,110.76,104.99,-25.46,0,0
91.32,58.89,5.02,0.72,93.58,95.3,-35.63,1,1
154.72,70.98,2.66,0.712,166.39,156.13,0.43,0,0
65.77,60.55,2.28,0.54,63.72,77.46,19.3,0,0
102.0,70.38,2.15,0.452,106.39,93.27,5.0,0,0
128.32,70.49,6.7,0.639,112.69,121.6,-15.5,0,1
106.82,64.78,1.82,0.653,107.57,127.91,-18.99,2,1
151.48,67.82,4.08,0.689,167.06,119.64,20.81,4,1
85.36,49.21,1.91,0.479,99.87,96.55,34.93,8,1
95.64,62.8,1.66,0.367,93.06,101.28,-34.94,1,0
50.62,51.86,0.91,0.554,48.5,50.61,4.23,0,0
113.08,75.89,6.47,0.775,133.0,122.04,55.77,2,1
74.59,57.67,3.29,0.692,75.21,81.77,-10.59,2,0
59.24,49.48,2.51,0.545,71.88,44.64,2.89,0,0
105.34,65.64,2.6,0.616,104.37,95.6,-1.11,1,0
103.88,59.03,1.75,0.499,102.34,99.07,-8.12,3,1
49.1,46.1,2.27,0.627,36.39,30.0,13.39,0,0
123.79,79.97,4.0,0.687,110.54,123.7,25.8,0,1
114.85,61.76,3.45,0.697,128.53,121.23,-23.84,1,1
62.68,60.92,2.14,0.541,82.18,74.34,-7.07,2,0
96.33,69.52,8.48,0.707,99.74,97.11,24.14,1,1
126.44,53.23,1.1,0.463,121.71,118.94,8.44,1,0
103.53,51.98,1.04,0.479,113.38,105.77,12.78,0,0
87.46,57.72,4.99,0.609,91.68,86.67,14.65,1,0
78.68,54.1,2.61,0.674,51.38,86.53,-11.92,0,0
113.25,77.92,3.07,0.694,127.05,112.79,15.56,0,0
152.69,70.59,4.19,0.703,138.72,161.59,-12.84,1,1
120.61,70.48,2.93,0.586,120.2,118.0,-4.31,5,1
48.97,55.49,1.16,0.522,42.11,61.87,-5.14,1,0
95.28,64.2,3.23,0.662,88.84,97.06,-10.55,0,0
146.9,72.91,2.59,0.764,150.73,140.92,10.36,1,0
51.34,56.63,1.38,0.351,57.07,48.0,8.23,3,0
158.67,72.68,2.54,0.926,165.56,165.94,-30.14,1,1
153.89,85.73,3.91,0.762,174.06,141.18,6.42,0,1
49.39,45.0,0.58,0.544,66.69,48.1,9.02,0,0
152.01,75.32,5.54,0.622,170.74,162.7,36.91,0,1
83.58,45.91,1.79,0.468,80.27,88.74,-6.81,4,0
141.37,71.84,2.63,0.854,140.71,129.86,1.41,0,0
90.21,54.95,2.84,0.371,85.21,93.32,-3.88,0,0
92.9,56.12,3.61,0.564,105.68,79.48,30.19,0,1
116.11,63.17,3.02,0.621,129.31,117.97,-14.9,0,0
132.94,61.21,1.81,0.779,105.38,146.74,-27.91,3,1
44.05,45.0,0.68,0.325,42.22,44.79,-16.25,1,0
111.18,64.19,4.6,0.501,80.79,99.86,-14.94,1,0
62.41,57.01,1.62,0.638,62.93,60.5,-26.63,0,0
81.51,52.72,0.99,0.553,74.23,83.46,22.73,0,0
81.76,62.21,3.08,0.367,67.06,92.68,0.13,2,0
96.29,48.56,0.96,0.446,103.4,107.12,14.09,0,0
80.1,58.98,8.4,0.72,74.73,69.2,35.16,0,1
52.88,45.0,3.56,0.317,47.11,49.64,-9.08,1,0
57.48,56.84,2.62,0.497,44.22,61.41,8.78,3,0
44.01,47.94,3.37,0.38,40.5,37.96,8.72,1,0
96.43,63.3,2.55,0.724,110.42,101.41,34.7,2,1
154.53,62.91,3.9,0.846,148.91,141.05,9.63,4,1
53.88,57.65,2.82,0.48,59.17,56.5,-6.52,0,0
153.55,66.63,1.84,0.545,153.13,163.82,7.42,1,0
128.0,71.91,6.57,0.816,132.89,128.54,-9.2,3,1
116.5,58.92,4.29,0.607,112.44,118.26,-10.44,1,0
117.43,62.9,6.17,0.805,130.81,125.88,6.44,1,1
139.21,80.27,4.59,0.696,149.18,134.77,1.64,2,1
52.83,45.0,1.3,0.516,49.55,59.05,-17.73,2,0
100.57,49.44,1.11,0.409,99.19,100.26,-40.0,1,1
123.65,79.14,2.85,0.749,135.55,114.57,11.28,0,1
110.42,66.21,2.01,0.546,115.85,119.44,9.33,1,0
139.93,66.22,2.15,0.64,137.06,153.94,5.11,0,0
48.67,55.03,2.3,0.3,56.66,60.26,38.3,0,0
122.88,65.75,3.47,0.507,131.4,131.91,-23.39,2,0
104.08,60.4,1.99,0.467,126.75,109.19,39.29,1,0
85.5,57.6,2.45,0.468,64.02,89.13,34.12,2,0
80.83,63.86,2.26,0.679,90.84,79.89,36.75,0,1
114.5,66.48,3.58,0.571,127.74,107.87,0.33,3,0
146.92,89.17,9.85,0.811,163.19,126.26,16.29,1,1
99.54,55.36,2.87,0.412,92.74,83.87,-17.28,1,0
138.97,69.53,2.06,0.733,125.28,139.11,-19.01,0,1
88.26,49.52,1.74,0.538,105.49,75.49,39.63,1,0
52.29,54.68,3.29,0.628,47.07,56.43,9.97,0,0
47.38,65.66,2.91,0.561,43.05,64.85,11.51,2,0
46.16,55.33,5.65,0.4,66.97,30.0,-9.81,2,0
85.62,56.71,1.29,0.647,71.28,75.89,-33.69,0,0
80.47,53.75,1.54,0.399,86.27,102.33,21.88,1,0
126.15,58.43,1.68,0.683,118.77,134.49,3.9,0,0
129.14,56.52,3.38,0.497,117.78,128.02,-11.05,1,0
46.1,48.4,1.82,0.358,43.27,40.78,29.84,4,0
66.53,47.27,0.86,0.37,70.05,72.39,12.44,3,0
72.91,49.78,1.29,0.586,84.04,82.7,-9.74,0,0
105.71,65.62,2.85,0.593,118.55,93.02,-28.46,0,1
57.34,53.34,9.33,0.552,47.91,72.26,6.05,2,0
56.07,45.0,1.18,0.454,39.44,60.06,-16.77,1,0
153.25,54.32,1.32,0.574,148.63,162.64,-4.81,1,0
136.5,67.58,2.89,0.784,144.35,146.74,-0.07,3,0
61.68,45.0,1.06,0.598,59.18,64.8,24.5,0,0
88.79,49.43,2.02,0.708,47.37,93.24,-5.54,0,0
82.67,65.72,2.69,0.557,59.88,87.85,-13.13,1,0
134.92,70.71,3.8,0.786,135.76,131.35,-1.8,0,0
101.23,61.94,5.2,0.684,113.18,107.71,11.16,1,0
55.34,46.19,0.91,0.308,38.65,52.75,15.38,1,0
128.68,56.13,3.75,0.532,136.11,128.69,5.21,0,0
87.63,56.8,5.68,0.371,65.1,103.27,-21.61,0,0
71.55,51.88,1.61,0.423,71.07,71.19,-21.93,2,0
85.06,52.07,1.11,0.525,86.71,89.19,-0.72,2,0
99.73,61.67,4.09,0.778,108.92,97.98,-16.97,1,1
81.17,47.48,2.46,0.496,66.99,77.52,-0.94,0,0
69.03,53.45,1.37,0.578,50.01,88.32,-1.36,1,0
87.82,58.52,2.19,0.621,96.95,73.18,26.0,0,0
42.3,45.0,1.79,0.3,30.0,42.82,-9.92,4,0
132.7,64.33,1.94,0.502,121.48,120.68,12.97,2,0
60.51,52.03,2.8,0.48,74.81,73.06,36.16,0,0
45.27,52.3,2.69,0.496,45.23,44.65,1.31,0,0
118.44,76.73,5.68,0.835,127.56,113.76,44.79,7,1
132.87,71.13,3.32,0.622,140.81,114.52,29.83,0,1
137.66,80.12,3.89,0.852,149.76,153.42,-2.58,3,1
99.22,53.71,2.47,0.53,97.57,85.94,52.18,5,1
64.64,51.38,1.36,0.55,52.82,69.51,-7.13,0,0
128.47,72.96,4.31,0.705,162.77,137.79,42.34,1,1
123.97,66.62,3.43,0.473,117.92,145.7,8.29,1,0
69.55,45.18,3.25,0.32,67.93,64.04,4.65,1,0
148.41,71.38,4.28,0.534,152.36,139.85,25.54,0,1
52.52,45.0,2.03,0.386,41.85,48.25,-2.62,1,0
157.92,79.86,2.85,0.852,157.86,152.04,-1.41,0,0
143.23,67.27,5.61,0.579,160.66,124.39,7.89,0,0
122.55,57.44,1.93,0.69,115.48,138.9,-24.12,1,1
152.65,67.7,6.86,0.653,158.67,148.47,22.21,0,1
126.68,85.25,3.69,0.779,141.0,125.08,-4.71,0,1
62.85,57.05,1.46,0.588,60.04,69.13,2.38,5,0
93.06,78.3,5.74,0.669,93.32,106.92,0.49,0,0
48.58,45.0,2.88,0.436,56.78,36.97,15.03,4,0
86.76,61.12,3.78,0.454,82.19,90.34,-2.52,0,0
128.99,52.88,1.11,0.791,107.88,116.83,-15.39,0,0
86.37,54.79,4.26,0.414,100.69,89.71,14.62,0,0
79.64,58.73,2.69,0.435,64.63,82.56,-1.58,1,0
111.44,66.28,2.73,0.488,111.79,106.71,-18.94,1,0
144.66,67.2,5.5,0.784,132.52,147.0,-8.05,4,1
45.71,57.92,2.92,0.492,37.41,48.23,18.71,2,0
86.26,55.7,1.36,0.6,81.01,85.44,41.61,0,0
58.99,49.78,1.89,0.423,57.54,56.94,-31.46,0,0
123.44,59.24,2.87,0.49,110.72,109.8,8.54,0,1
52.69,46.51,4.02,0.603,76.53,41.78,13.83,2,0
119.78,76.52,2.88,0.642,120.92,113.63,-10.08,0,0
74.34,54.63,3.45,0.466,82.23,64.25,-3.76,0,0
63.87,61.37,3.89,0.507,61.91,58.14,-17.9,1,0
152.36,77.02,2.63,0.614,164.61,151.6,-18.39,0,1
42.22,45.0,0.53,0.3,30.0,43.11,0.82,0,0
92.53,66.89,3.12,0.52,82.47,98.15,27.07,0,0
42.6,48.91,3.07,0.3,30.33,44.16,0.22,0,0
98.03,50.71,2.06,0.472,89.11,99.22,-1.37,0,0
100.13,68.1,4.4,0.737,109.1,105.49,-6.74,2,0
78.6,49.33,2.22,0.528,84.21,69.43,-13.94,2,0
55.86,62.15,3.12,0.441,51.79,47.53,-1.64,0,0
85.17,65.25,1.76,0.611,84.8,81.43,-18.71,2,0
120.67,69.67,2.12,0.823,154.41,113.7,37.09,0,1
133.89,73.6,4.15,0.527,136.31,116.36,-9.18,7,1
103.69,54.09,3.2,0.724,79.48,109.45,-27.29,0,0
110.78,59.02,2.51,0.646,120.94,100.8,45.59,2,1
64.07,47.61,1.99,0.331,65.4,82.19,24.04,0,0
74.48,68.88,3.36,0.422,84.84,76.13,-16.33,1,0
59.43,45.0,0.67,0.451,63.63,44.41,-13.78,1,0
69.92,45.0,2.15,0.566,58.38,76.58,-9.27,0,0
66.99,45.0,1.48,0.378,73.23,67.32,0.22,1,0
102.33,68.22,3.28,0.601,103.54,105.24,-7.65,0,0
107.52,60.38,2.67,0.676,121.61,102.55,31.1,1,1
153.39,71.39,4.24,0.72,174.36,144.08,14.27,0,0
63.47,61.75,2.08,0.616,62.32,48.86,-1.24,4,0
117.0,67.41,2.55,0.779,131.09,104.18,-3.9,3,0
138.07,70.7,2.79,0.682,152.12,124.39,-11.9,1,0
107.23,71.1,4.22,0.791,112.95,103.65,-8.38,1,1
70.6,47.13,1.47,0.322,88.54,70.08,-6.8,3,0
71.51,48.56,1.01,0.3,78.05,56.04,-19.39,2,0
44.71,49.06,6.86,0.366,33.01,53.74,13.56,2,0
76.65,62.84,2.59,0.55,78.78,78.07,17.81,1,0
129.35,63.35,1.77,0.72,142.07,153.62,-0.38,3,0
45.7,45.0,2.16,0.408,64.9,41.65,33.32,0,0
66.32,54.43,3.08,0.329,68.34,88.65,11.64,3,1
124.75,69.77,3.03,0.522,126.67,132.21,-18.49,1,1
133.92,73.55,3.77,0.823,153.54,114.32,-16.43,1,1
94.64,65.35,2.01,0.711,94.23,82.73,5.3,6,0
123.77,64.14,2.34,0.721,114.31,126.95,3.84,1,0
86.55,63.12,1.85,0.605,95.11,69.08,-18.99,2,0
59.19,58.77,2.06,0.497,52.58,50.23,-12.76,1,0
87.78,55.67,2.38,0.425,116.86,71.85,29.9,5,1
109.6,79.88,3.47,0.58,112.23,130.98,29.59,1,1
153.77,64.11,3.0,0.82,166.68,164.75,7.98,0,1
48.25,50.87,1.9,0.44,37.5,44.86,-4.36,1,0
100.89,48.16,1.26,0.39,111.86,116.01,-2.63,4,0
79.47,67.08,2.06,0.7,81.14,92.05,27.61,1,1
101.0,53.6,1.45,0.721,101.92,114.1,10.47,0,0
42.88,45.0,0.84,0.313,35.93,37.28,-18.61,1,0
77.56,52.68,2.8,0.559,61.25,74.47,5.92,0,0
138.38,75.73,4.92,0.864,140.67,127.42,-11.48,1,0
106.47,54.25,2.97,0.438,109.78,105.34,-15.48,0,0
94.07,55.6,2.68,0.563,74.79,85.94,-17.69,0,0
74.26,53.51,1.56,0.485,84.23,63.52,-10.51,1,0
75.77,52.95,2.84,0.471,69.97,87.08,-19.18,0,0
85.97,71.61,3.49,0.672,90.35,92.69,-22.99,0,0
140.27,73.67,2.29,0.653,114.52,131.44,-25.45,3,1
156.07,66.98,5.39,0.574,158.24,165.52,-8.51,5,1
92.64,69.68,2.11,0.384,75.81,95.73,-32.74,6,1
87.2,56.99,2.27,0.359,78.16,84.05,5.2,5,0
141.59,62.67,2.64,0.668,124.14,157.49,-40.0,5,1
91.23,63.01,4.3,0.641,81.47,94.28,-11.74,3,0
106.24,63.19,5.26,0.48,101.88,124.02,9.72,2,0
67.71,50.39,5.04,0.542,63.29,73.37,18.17,0,0
129.22,62.08,2.79,0.742,142.68,135.74,-3.61,1,0
103.84,60.02,3.11,0.494,79.29,93.08,5.97,0,0
137.08,67.83,2.01,0.731,139.1,131.51,-5.61,2,0
133.69,80.78,3.65,0.755,135.6,148.26,41.55,1,1
65.8,58.16,4.71,0.464,57.59,77.42,-30.38,0,0
125.88,60.7,2.35,0.592,114.76,122.29,-23.68,3,1
136.01,73.27,2.3,0.736,151.95,122.48,10.87,2,1
81.53,70.49,2.37,0.716,108.42,98.13,-9.26,0,0
60.71,45.0,1.34,0.433,36.8,71.38,-24.7,0,0
40.32,45.0,0.91,0.358,30.0,30.0,2.99,4,0
94.11,59.24,2.1,0.548,81.02,82.66,-3.11,2,0
82.29,53.03,1.59,0.357,74.06,100.63,-4.75,2,0
106.59,62.65,2.14,0.621,122.08,101.51,7.3,2,1
62.56,48.69,0.86,0.399,64.88,57.67,-40.0,0,0
143.16,64.64,4.89,0.558,140.47,136.35,1.33,1,0
70.93,56.81,2.98,0.479,68.71,74.49,-12.56,0,0
67.17,57.01,2.69,0.3,57.34,53.17,-11.57,0,0
97.69,56.13,2.57,0.534,105.22,100.06,-24.85,2,0
99.86,74.1,3.0,0.422,106.62,85.79,15.5,0,0
65.81,62.6,4.16,0.3,66.91,51.81,10.48,0,0
72.62,67.39,5.83,0.628,46.82,58.97,-33.87,1,1
60.36,60.6,1.44,0.628,61.07,47.09,3.58,2,0
126.22,78.03,2.61,0.542,122.81,133.44,27.93,1,1
132.41,66.65,3.49,0.693,146.17,139.64,9.4,1,0
95.48,51.93,1.32,0.478,95.9,93.85,-36.05,3,1
125.69,63.03,5.22,0.655,133.46,119.37,-6.38,0,0
128.31,59.72,3.03,0.64,123.16,142.13,-0.29,0,0
56.59,49.78,1.48,0.357,63.01,63.54,41.3,1,0
155.94,77.69,3.27,0.828,175.31,144.15,-12.08,1,1
138.52,67.34,3.6,0.546,117.92,142.03,-12.95,0,1
64.54,48.59,0.94,0.3,42.98,67.53,-29.99,1,0
62.34,56.14,4.39,0.574,70.97,69.52,20.14,2,0
55.08,64.71,1.69,0.512,51.24,82.57,-8.51,2,0
56.61,55.56,6.92,0.449,65.93,48.42,-40.0,1,1
129.78,73.84,2.51,0.656,133.81,135.32,-5.06,0,1
96.36,61.49,3.52,0.568,104.03,111.32,1.82,0,0
133.95,56.7,1.26,0.657,126.12,151.13,3.07,0,0
129.55,53.88,1.88,0.626,134.14,131.36,5.57,2,0
112.55,78.4,4.0,0.618,117.02,99.48,14.06,1,1
122.36,62.59,1.66,0.658,115.27,104.42,-5.77,2,0
42.2,45.6,1.41,0.483,51.89,50.47,6.37,4,0
77.41,59.75,1.93,0.597,54.6,80.84,-11.18,1,0
116.54,67.35,2.88,0.581,118.64,117.82,-6.42,0,0
41.12,51.63,1.95,0.369,30.0,43.95,4.67,0,0
43.96,59.55,3.68,0.361,30.0,53.74,8.26,0,0
142.23,81.37,2.88,0.721,156.48,147.69,6.34,0,1
122.08,59.83,1.52,0.628,109.44,125.95,-15.17,0,0
71.84,65.34,2.49,0.651,59.17,65.91,-25.82,0,0
122.56,65.35,5.0,0.726,132.04,132.95,11.13,2,1
135.09,71.92,5.01,0.845,126.66,129.32,-22.28,0,1
76.82,50.22,2.04,0.594,88.92,86.49,8.92,1,0
44.32,45.0,3.79,0.601,52.09,40.4,6.24,0,0
151.93,73.82,4.68,0.79,146.4,157.83,16.44,0,1
81.42,54.76,1.57,0.71,95.38,99.06,31.95,0,0
52.78,53.45,1.29,0.302,30.0,59.38,-40.0,2,0
99.02,54.34,1.6,0.398,100.65,113.19,-2.81,0,0
132.22,71.2,2.46,0.708,119.43,128.5,-40.0,1,0
66.6,67.89,3.34,0.673,61.78,67.56,18.5,2,0
72.34,45.0,1.82,0.464,64.12,68.79,-4.53,3,0
69.13,46.1,1.93,0.372,79.95,52.53,26.14,1,0
159.0,75.76,2.66,0.766,156.3,169.69,3.3,1,1
63.69,56.51,3.54,0.531,61.36,69.38,-25.47,2,0
109.06,68.92,2.79,0.533,102.47,114.04,-20.71,0,0
151.03,80.7,3.6,0.819,143.62,163.35,-6.12,2,1
57.63,56.9,9.91,0.643,46.12,46.27,4.5,1,0
156.5,79.81,3.09,0.908,166.37,142.75,5.96,1,1
153.7,73.32,2.95,0.658,154.54,166.11,3.61,0,1
146.15,59.36,3.05,0.649,156.28,145.45,-1.37,6,1
65.75,50.91,4.04,0.426,59.36,67.9,17.15,7,1
116.09,65.3,1.92,0.586,113.29,101.42,1.23,2,0
131.31,67.26,3.83,0.514,138.78,146.03,4.61,0,1
158.32,70.27,5.77,0.86,159.05,165.04,5.68,2,1
61.65,45.0,1.32,0.411,40.6,55.89,-18.0,2,0
131.92,70.34,2.53,0.828,146.65,152.78,1.06,1,0
80.66,74.69,3.98,0.693,74.39,67.02,5.53,0,0
61.08,45.0,0.92,0.3,55.88,57.78,11.37,5,0
90.57,71.98,2.85,0.747,85.99,100.43,13.57,0,0
135.26,82.13,6.14,0.77,126.99,146.79,-7.65,0,1
95.78,60.57,2.77,0.576,72.51,80.85,-9.42,0,0
104.5,56.15,1.32,0.549,107.56,101.67,-9.39,0,0
159.42,78.14,3.09,0.766,122.01,166.88,-4.55,0,1
87.89,57.89,2.75,0.474,100.94,102.62,-10.48,4,1
113.85,59.33,2.34,0.671,127.64,127.74,10.9,2,0
83.83,48.68,2.34,0.369,68.29,90.83,8.05,0,0
87.13,62.49,3.7,0.59,105.99,88.03,11.69,2,1
123.48,70.57,3.02,0.561,147.42,121.68,17.37,0,0
152.55,65.74,8.25,0.545,148.16,157.53,-7.1,2,1
105.08,62.19,5.22,0.616,110.34,119.42,-30.74,1,1
132.21,73.71,2.32,0.708,136.0,130.07,-10.23,6,1
50.7,47.97,1.14,0.403,64.92,47.97,7.91,1,0
65.34,46.83,1.15,0.305,42.73,76.79,-23.71,2,0
100.26,59.7,1.69,0.738,100.29,110.87,8.75,0,0
42.4,45.0,1.06,0.452,50.47,37.4,-22.32,5,0
70.34,69.17,2.78,0.337,74.85,57.16,-32.62,1,0
102.09,60.21,1.49,0.591,101.39,84.95,12.16,0,0
41.8,57.43,1.45,0.404,54.59,43.1,0.79,0,0
71.75,62.03,1.67,0.319,68.94,60.7,4.83,1,0
101.68,61.16,1.54,0.628,103.6,110.65,-8.42,2,0
108.78,68.64,2.9,0.73,119.74,91.61,15.64,0,0
151.09,75.7,2.95,0.833,155.02,167.23,26.4,0,1
117.44,50.67,4.95,0.514,116.31,114.07,25.15,0,1
89.77,51.46,1.05,0.694,82.21,81.78,-15.44,3,1
151.64,71.39,5.99,0.672,188.28,146.23,10.73,7,1
134.19,70.18,2.15,0.861,133.73,125.54,2.83,2,1
64.0,61.86,2.96,0.301,66.77,79.15,35.06,0,0
55.7,49.24,1.18,0.442,75.44,62.42,-10.88,4,0
121.1,80.37,5.25,0.682,106.63,122.07,-27.86,0,1
107.19,56.76,1.3,0.501,112.53,95.16,18.31,4,0
134.76,84.92,7.47,0.793,138.9,134.21,-9.92,0,1
128.66,72.26,2.21,0.717,152.53,120.95,23.8,2,1
115.03,63.5,2.02,0.432,100.76,88.72,-17.66,0,0
158.37,71.63,3.03,0.798,153.31,151.43,3.81,0,1
104.03,65.86,3.87,0.589,103.21,110.08,-9.59,1,0
53.57,59.36,5.89,0.319,42.03,49.31,-23.85,0,0
139.39,73.81,3.07,0.896,139.81,137.94,2.84,0,0
70.22,55.9,3.28,0.65,95.55,80.63,-9.16,2,0
133.28,64.68,3.63,0.597,134.74,141.9,8.94,1,0
154.85,85.09,4.18,0.761,148.66,174.46,-7.32,0,1
123.62,70.47,3.79,0.577,118.48,101.68,-27.06,0,1
111.52,76.48,2.45,0.725,118.88,103.1,9.08,0,1
95.25,66.43,2.66,0.738,102.05,104.33,8.42,2,0
83.73,56.2,3.48,0.475,74.3,88.04,-40.0,0,0
82.36,63.05,2.55,0.649,63.81,83.36,-10.19,0,0
116.36,72.16,5.23,0.628,116.33,110.32,0.16,0,0
130.15,65.02,4.39,0.629,129.8,132.42,1.49,1,1
121.42,79.78,5.57,0.82,118.06,123.11,-34.42,1,1
63.81,55.52,1.34,0.476,76.68,45.29,12.8,1,0
99.28,45.0,0.92,0.565,105.47,101.41,12.33,2,0
135.0,76.78,2.45,0.754,139.69,129.83,-14.54,3,1
97.08,49.05,6.84,0.476,90.27,105.5,-28.59,2,0
104.39,66.25,2.18,0.523,123.65,107.84,-8.0,1,0
132.54,78.95,3.22,0.85,123.69,152.1,-2.1,5,1
119.35,69.45,2.45,0.709,115.58,119.35,-24.17,0,0
89.12,65.62,1.8,0.678,85.25,78.21,-26.3,1,0
147.45,77.08,2.88,0.631,151.65,122.56,39.89,1,1
59.51,48.86,0.89,0.476,64.96,50.13,2.63,3,0
159.46,84.65,3.63,0.947,150.36,163.24,-10.15,1,1
54.26,57.04,6.33,0.37,41.45,60.59,-18.47,1,0
41.79,57.59,3.05,0.3,41.17,35.74,-7.93,1,0
146.8,63.9,3.47,0.725,141.32,142.5,29.69,0,1
69.39,55.85,2.06,0.443,61.44,70.09,10.72,4,0
127.56,57.07,3.73,0.527,128.17,131.36,43.26,3,1
137.32,66.26,5.36,0.847,130.51,147.52,3.65,2,1
143.08,78.11,7.37,0.906,152.52,137.2,-12.49,0,1
158.99,75.5,2.49,0.784,170.03,151.56,10.4,0,0
75.28,66.2,4.95,0.616,76.06,95.53,10.26,0,0
125.23,67.84,2.25,0.799,146.32,143.06,21.6,0,0
53.85,51.69,1.66,0.522,60.99,48.55,-4.39,1,0
88.82,55.41,1.76,0.364,83.61,100.24,29.87,0,0
141.76,60.94,3.14,0.568,137.27,163.8,-25.1,0,0
84.12,48.08,2.05,0.361,100.39,97.29,14.25,0,0
110.93,66.37,1.96,0.417,99.33,103.3,-11.06,0,1
100.45,55.32,3.41,0.504,95.26,101.5,-16.58,1,1
117.51,72.14,3.0,0.589,112.39,100.0,1.88,0,0
156.75,75.43,2.33,0.647,162.45,147.1,25.47,5,1
46.69,45.0,1.3,0.3,67.75,46.54,17.8,5,0
108.88,67.01,2.91,0.619,112.21,111.07,6.58,0,0
143.56,72.19,2.24,0.62,140.1,136.63,-38.09,7,1
97.77,66.42,2.03,0.692,101.86,70.25,18.63,0,0
49.42,45.42,8.1,0.3,30.0,51.36,-17.02,0,0
107.26,59.48,4.44,0.739,107.79,114.55,9.88,3,0
79.85,70.44,2.24,0.701,102.33,87.51,27.8,2,0
58.59,53.13,2.29,0.542,65.38,56.53,6.87,0,0
141.88,66.58,2.51,0.799,160.64,140.53,-26.64,2,1
102.59,69.12,3.12,0.761,117.98,105.06,33.19,2,1
151.99,64.59,2.63,0.62,143.88,156.08,28.44,5,1
136.72,67.56,1.93,0.888,165.43,135.79,28.99,4,1
123.16,66.32,2.35,0.759,105.02,99.93,-22.14,6,1
40.6,45.24,0.72,0.492,42.44,54.57,23.06,1,0
91.34,51.28,1.88,0.498,64.59,86.7,-18.45,2,0
63.7,58.93,4.9,0.489,40.93,51.46,-12.59,6,1
149.3,72.83,10.29,0.789,164.31,145.37,29.06,0,1
60.95,62.18,5.86,0.511,50.87,62.07,6.62,2,0
74.33,51.29,7.25,0.585,88.97,68.24,-35.03,0,1
102.02,45.19,0.53,0.419,72.31,96.62,-11.11,8,0
71.6,54.21,3.01,0.437,67.28,68.36,19.18,0,0
65.18,65.5,2.21,0.449,47.58,68.8,-33.35,1,0
111.89,65.0,4.71,0.52,106.35,103.9,14.82,1,0
50.67,69.13,4.47,0.301,63.27,54.05,-23.75,0,0
46.98,48.37,1.53,0.3,62.48,33.18,3.88,2,0
84.67,57.86,2.23,0.481,88.44,104.73,11.63,0,0
126.48,51.8,1.37,0.657,108.48,137.2,-13.56,0,0
106.58,61.11,1.98,0.425,88.6,103.83,12.21,0,0
90.75,64.56,7.63,0.731,95.28,94.09,-23.2,2,1
107.89,62.58,4.85,0.71,100.41,96.21,10.94,0,0
83.85,58.72,1.64,0.624,92.23,89.47,5.14,4,0
152.34,69.03,2.43,0.606,172.57,160.79,-5.23,0,1
46.59,48.76,0.9,0.461,32.02,49.25,0.61,1,0
120.81,80.61,9.38,0.654,111.15,129.83,-6.09,1,1
146.95,73.79,5.79,0.914,139.07,146.88,22.69,2,1
136.47,72.87,3.38,0.788,137.18,135.45,10.86,0,1
62.08,50.4,2.59,0.497,60.64,55.49,6.71,3,0
75.51,64.48,3.74,0.647,76.71,81.07,-11.52,2,0
126.05,64.65,2.02,0.52,135.22,117.68,7.23,0,0
50.11,45.0,4.59,0.3,48.83,54.26,-11.0,0,0
137.42,57.84,2.39,0.768,140.09,140.46,0.21,1,0
126.27,64.6,1.82,0.498,124.72,139.71,21.64,7,1
127.55,61.19,2.23,0.509,126.76,133.39,-5.54,0,0
52.03,52.23,2.31,0.534,50.01,34.46,-27.04,3,0
126.13,56.31,1.83,0.567,117.34,119.5,4.5,2,0
121.58,77.17,4.23,0.696,109.07,114.68,7.91,0,0
139.71,80.11,5.81,0.866,146.74,132.39,32.12,1,1
44.99,56.8,3.43,0.342,33.83,54.66,9.98,1,0
42.77,53.44,2.55,0.3,43.07,30.0,-4.74,2,0
84.76,57.78,2.34,0.377,81.16,99.01,2.9,4,0
57.85,45.0,0.94,0.306,52.15,67.84,4.15,3,0
107.01,71.1,2.98,0.426,115.34,108.86,11.98,0,0
150.08,61.65,2.02,0.565,132.53,153.57,-40.0,0,1
86.98,55.51,5.21,0.514,106.48,87.73,-0.57,0,0
141.39,73.47,5.78,0.633,115.82,142.98,-4.2,6,1
40.03,54.87,1.35,0.483,55.09,51.29,27.32,5,0
60.22,59.76,3.98,0.609,62.81,57.98,-10.12,3,0
43.65,48.37,2.52,0.525,35.86,49.65,-11.36,7,0
79.38,52.42,6.49,0.53,60.33,70.67,-13.82,0,0
148.98,85.79,3.88,0.568,141.15,154.31,-6.35,3,1
51.63,51.94,2.84,0.519,48.05,48.91,13.59,1,0
112.77,61.37,2.58,0.563,114.38,117.05,-12.49,2,0
94.18,50.55,0.94,0.397,107.46,85.53,22.21,1,0
152.62,77.98,2.55,0.875,158.99,157.11,28.73,3,1
54.7,50.58,1.03,0.379,54.13,54.23,-7.37,0,0
65.44,50.29,1.34,0.364,64.92,81.09,-8.0,7,0
43.55,54.68,1.53,0.559,38.8,46.13,0.46,0,0
92.07,75.58,4.29,0.717,92.11,97.0,-10.54,2,0
73.34,49.23,2.64,0.436,68.77,68.92,-3.87,3,0
144.39,69.84,7.32,0.655,153.01,147.51,-22.14,1,1
112.59,60.09,1.96,0.65,102.63,117.33,10.42,0,0
113.69,68.48,6.09,0.714,109.9,110.15,28.04,1,1
103.83,53.51,2.43,0.417,104.44,99.51,-11.81,1,0
51.02,47.24,1.66,0.47,35.51,42.96,-37.39,0,0
93.4,53.83,2.68,0.741,97.59,92.64,18.67,2,0
159.94,72.79,3.99,0.665,154.69,153.41,-10.16,0,1
140.23,77.15,2.71,0.864,151.58,143.15,-6.35,3,1
147.22,89.15,5.24,0.902,169.74,139.31,9.06,0,1
138.79,70.71,3.98,0.604,132.33,137.56,-25.2,1,1
52.37,49.68,9.79,0.539,60.23,42.91,12.61,2,1
67.29,45.0,4.14,0.377,65.25,78.74,-23.79,8,1
40.37,45.0,2.23,0.496,33.69,40.62,-24.66,0,0
76.42,49.6,2.65,0.628,77.07,76.58,-21.24,1,1
53.03,61.05,5.84,0.338,63.37,58.99,8.12,0,0
96.74,64.44,6.79,0.657,95.8,114.49,-33.11,3,1
121.26,64.82,4.32,0.769,140.34,122.07,47.13,3,1
144.94,62.98,3.77,0.658,144.67,130.03,-6.9,4,1
129.91,58.41,1.48,0.537,111.69,141.73,-40.0,5,1
152.63,64.5,4.33,0.575,150.36,139.06,-20.23,0,0
46.47,58.92,1.77,0.45,30.0,41.5,2.54,2,0
41.46,52.4,2.19,0.596,37.56,53.39,22.32,0,0
119.36,58.45,2.09,0.767,118.43,116.01,2.47,3,0
74.72,70.84,2.69,0.479,94.09,69.0,11.23,0,0
70.42,46.73,1.16,0.506,87.85,73.23,-18.83,1,0
79.71,50.09,3.71,0.431,77.35,79.8,25.62,0,0
72.38,60.59,3.63,0.362,82.16,65.44,14.9,3,1
101.37,64.04,2.75,0.577,96.14,110.15,3.16,1,0
92.82,55.73,2.78,0.544,74.57,105.1,-8.82,1,0
101.49,52.94,7.23,0.593,107.69,115.37,12.66,2,1
120.73,63.42,2.37,0.823,129.53,126.24,-10.0,0,0
86.46,52.65,2.16,0.581,74.82,79.44,11.09,2,0
70.16,55.39,2.27,0.533,58.09,57.6,8.43,3,0
59.94,49.61,4.9,0.311,65.44,36.78,0.98,1,0
81.94,60.86,2.1,0.724,64.22,92.27,-13.75,4,0
129.02,69.98,8.43,0.776,139.24,130.96,-33.74,0,1
130.8,64.35,2.21,0.823,131.5,126.62,-30.83,0,0
120.03,66.7,1.98,0.606,126.86,100.7,13.24,0,0
68.08,62.8,1.89,0.485,77.65,56.25,21.07,0,0
110.57,62.46,2.38,0.621,100.49,92.92,14.22,8,1
108.48,58.57,2.89,0.483,92.46,122.9,-32.26,1,1
98.11,63.05,2.67,0.65,116.71,104.47,50.58,0,1
106.0,74.21,2.96,0.759,108.49,92.94,19.25,2,1
99.01,51.15,2.11,0.443,99.8,115.37,-9.93,0,0
107.85,68.79,4.66,0.438,115.55,100.63,6.79,0,0
125.86,72.15,4.87,0.753,117.38,129.35,-34.79,1,1
53.16,48.39,2.65,0.349,58.95,56.67,-8.21,1,0
129.96,77.47,7.02,0.719,140.03,129.02,14.72,1,1
56.31,45.0,1.84,0.527,72.49,53.28,9.22,0,0
48.0,51.17,0.88,0.353,60.48,48.34,37.62,0,0
157.13,80.02,3.12,0.877,163.44,154.33,-23.47,1,1
154.84,67.29,2.43,0.765,167.17,157.33,4.06,0,1
47.25,56.05,2.35,0.569,47.17,50.14,-20.5,1,0
93.19,64.08,5.17,0.665,96.23,87.95,29.15,5,1
62.35,54.96,3.83,0.614,49.09,73.36,-1.85,5,0
98.24,61.85,1.91,0.383,91.2,89.87,-3.37,2,0
139.62,63.35,2.7,0.596,118.01,143.52,-13.2,0,0
154.07,70.96,3.67,0.578,151.99,150.68,-16.83,2,1
116.11,63.12,8.16,0.605,132.05,107.42,29.54,1,0
82.47,56.65,1.25,0.683,93.47,79.69,8.57,5,0
112.4,66.99,2.75,0.604,113.83,105.79,5.12,1,0
77.44,57.97,7.93,0.652,76.06,84.03,9.79,0,1
149.18,60.03,7.07,0.658,143.86,148.23,-18.17,0,0
144.45,56.79,1.81,0.649,134.41,158.14,30.9,0,1
106.99,72.05,2.12,0.759,120.0,97.47,34.76,0,0
78.98,46.98,1.94,0.487,58.3,57.01,-10.98,2,0
75.21,60.27,4.44,0.622,56.94,79.15,-14.55,0,0
44.01,46.15,1.16,0.307,49.0,61.24,14.01,0,0
137.9,71.44,6.17,0.873,145.86,142.79,24.14,1,1
94.05,74.1,2.85,0.592,94.42,84.62,31.69,1,0
79.02,60.13,2.82,0.621,81.92,68.79,13.06,0,0
96.53,61.4,3.4,0.405,116.76,116.79,12.57,0,0
138.25,71.53,2.73,0.692,140.76,134.45,3.72,0,0
54.95,53.25,1.65,0.605,58.58,44.8,-32.04,2,0
142.92,74.29,3.21,0.86,172.81,154.82,7.2,5,1
147.7,77.41,5.15,0.542,145.77,146.23,5.54,1,1
153.6,78.71,2.68,0.662,175.57,133.33,-29.66,1,1
87.7,71.33,3.58,0.52,60.82,108.53,-10.2,3,0
66.06,51.64,2.59,0.347,47.06,71.9,-24.12,0,0
